CreationDate,Creator,EditDate,Editor,alertpull,basin,gauge,globalid,majorpull,minorpull,objectid,rain_fall,water_level
2026-10-08T20:33:42.751000+00:00,,2026-10-08T20:33:42.751000+00:00,,6,Yan Oya,Horowpothana,b7f93b0e-4e5c-4e49-a71b-f46aaf830319,10.5,7.5,1527543,0,1.63
2026-10-08T20:33:18.614000+00:00,,2026-10-08T20:33:18.614000+00:00,,2.5,Nilwala Ganga,Urawa,4721d4be-6bf8-4d16-bc77-a9110ea8853b,6,4,1527542,0,0.45
2026-10-08T20:33:15.116000+00:00,,2026-10-08T20:33:15.116000+00:00,,15,Kelani Ganga,Glencourse,80cca2ee-9a5c-43be-bff0-cf16669054a6,19,15.5,1527541,0,12.68
2026-10-08T20:32:58.621000+00:00,,2026-10-08T20:32:58.621000+00:00,,4.8,Kelani Ganga,Deraniyagala,c7d239eb-cd59-459e-8b1b-3ec8b9d9dc0b,7,5.8,1527540,0,0.83
2026-10-08T20:32:39.483000+00:00,,2026-10-08T20:32:39.483000+00:00,,6.9,Kirindi Oya,Kuda Oya,a3045daf-508a-4c0f-bb1d-55719e4f227c,8.8,8.4,1527539,0,1.14
2026-10-08T20:32:36.392000+00:00,,2026-10-08T20:32:36.392000+00:00,,4,Kirindi Oya,Thanamalwila,c0ff7930-1baf-489e-929c-3246a77b5f81,5.5,5,1527538,0,0.54
2026-10-08T20:32:35.443000+00:00,,2026-10-08T20:32:35.443000+00:00,,3,Walawe Ganga,Moraketiya,95487953-f4fa-4695-85ce-b5af6d87ddd5,7,5,1527537,0,1.05
2026-10-08T20:32:34.217000+00:00,,2026-10-08T20:32:34.217000+00:00,,4,Ma Oya,Yaka Wewa,0411249d-5372-4685-bb52-4336bbbbe3bc,6,5,1527536,0,0.41
2026-10-08T20:32:32.169000+00:00,,2026-10-08T20:32:32.169000+00:00,,4,Maduru Oya,Padiyathalawa,99b7e87e-b17f-4dc9-bc7f-abaf75add520,6,4.5,1527535,0,0.06
2026-10-08T20:32:27.089000+00:00,,2026-10-08T20:32:27.089000+00:00,,3,Mahaweli Ganga,Manampitiya,6aff750c-f221-4e8c-b853-773669d7b863,6,4.3,1527534,0,-0.29
2026-10-08T20:32:22.637000+00:00,,2026-10-08T20:32:22.637000+00:00,,3,Kelani Ganga,Kithulgala,cb403dfa-3e6e-4b21-8601-d5f26ef43d8b,6,4,1527533,0,2.18
2026-10-08T20:32:13.716000+00:00,,2026-10-08T20:32:13.716000+00:00,,5.5,Maha Oya,Giriulla,b8c940e4-e758-409e-b5a5-192436d2f569,7.5,6.5,1527532,0,4.7
2026-10-08T20:32:11.824000+00:00,,2026-10-08T20:32:11.824000+00:00,,4,Kelani Ganga,Nagalagam Street,61695909-55b2-4789-8b13-207980d05eab,7,5,1527531,,2.3
2026-10-08T20:31:51.049000+00:00,,2026-10-08T20:31:51.049000+00:00,,4.75,Deduru Oya,Moragaswewa,a173079d-5623-4733-9ccb-6e07f2fd0eec,7,6,1527530,0,1.32
2026-10-08T20:31:49.850000+00:00,,2026-10-08T20:31:49.850000+00:00,,6,Yan Oya,Horowpothana,43327083-f4e2-4500-8100-1a464741b817,10.5,7.5,1527529,0,1.63
2026-10-08T20:31:36.032000+00:00,,2026-10-08T20:31:36.032000+00:00,,10,Kalu Ganga,Ellagawa,abdb6cde-e582-49e2-89a8-236acaed975c,12.2,10.7,1527528,0,6.15
2026-10-08T20:31:24.287000+00:00,,2026-10-08T20:31:24.287000+00:00,,,Gal Oya,Ampara,722b0ca8-f6f8-4fc3-98de-9145fb5e2c35,,,1527527,0,0
2026-10-08T20:31:10.224000+00:00,,2026-10-08T20:31:10.224000+00:00,,3.5,Mahaweli Ganga,Nawalapitiya,ce92a2dd-f8af-46f2-af2c-541aa2385e9d,6,5,1527526,0,1.41
2026-10-08T20:30:26.968000+00:00,,2026-10-08T20:30:26.968000+00:00,,5,Kumbukkan Oya,Nakkala,a5ba1af2-c214-4ae3-bcb1-11e163e6f35e,7.5,6,1527525,0,1.06
2026-10-08T20:30:04.602000+00:00,,2026-10-08T20:30:04.602000+00:00,,4.4,Kirindi Oya,Wellawaya,425af80f-0edc-4179-a759-67c5b7b594a8,5.9,5.4,1527524,0,0.86
2026-10-08T20:30:03.054000+00:00,,2026-10-08T20:30:03.054000+00:00,,4.4,Kirindi Oya,Wellawaya,fbb19aae-b9d2-4124-baa8-03c81080767e,5.9,5.4,1527523,0.5,0.86
2026-10-08T20:01:33.625000+00:00,,2026-10-08T20:01:33.625000+00:00,,3,Mahaweli Ganga,Thaldena,73463b86-927b-4e36-9069-728afc74f84d,5,4,1527522,0,0.7
2026-10-08T19:51:35.813000+00:00,,2026-10-08T19:51:35.813000+00:00,,,Gal Oya,Ampara,1789a012-c9c9-4f0b-bd5f-5aed55ee091d,,,1527521,0,0
2026-10-08T19:47:49.506000+00:00,,2026-10-08T19:47:49.506000+00:00,,3,Kalu Ganga,Putupaula,48098e34-30a6-40ed-87ca-adee376c6118,5,4,1527520,0,1.2
2026-10-08T19:47:22.143000+00:00,,2026-10-08T19:47:22.143000+00:00,,3.3,Aththanagalu Oya,Dunamale,5c0bcb8f-f18b-4e72-9a11-003adf247a27,5.5,4.4,1527519,0,2.64
2026-10-08T19:41:52.484000+00:00,,2026-10-08T19:41:52.484000+00:00,,4,Kelani Ganga,Nagalagam Street,72ff1db9-6f30-4f3b-87b2-0f3fcfa76b5d,7,5,1527518,,2.1
2026-10-08T19:41:08.200000+00:00,,2026-10-08T19:41:08.200000+00:00,,5,Nilwala Ganga,Panadugama,425ca8a5-02a6-4e81-b3d1-9ecdb70cfad1,7.5,6,1527517,0,4.41
2026-10-08T19:40:51.961000+00:00,,2026-10-08T19:40:51.961000+00:00,,3.5,Gin Ganga,Baddegama,dab599fd-48c9-434e-ae15-48009409529c,5,4,1527516,0,2.53
2026-10-08T19:40:39.908000+00:00,,2026-10-08T19:40:39.908000+00:00,,2.5,Nilwala Ganga,Urawa,bc7ee773-3dc7-4c6c-93a9-874861f4fff8,6,4,1527515,0,0.44
2026-10-08T19:40:22.960000+00:00,,2026-10-08T19:40:22.960000+00:00,,2.5,Nilwala Ganga,Urawa,ef55abb9-f2d2-41ac-83fb-3a12e71c4e8e,6,4,1527514,0,0.44
2026-10-08T19:39:30.674000+00:00,,2026-10-08T19:39:30.674000+00:00,,15,Kelani Ganga,Glencourse,5eb22437-29d9-47df-931e-0582f5b51118,19,15.5,1527513,0,12.68
2026-10-08T19:36:41.198000+00:00,,2026-10-08T19:36:41.198000+00:00,,3,Kelani Ganga,Holombuwa,a01c9db5-7ba6-4716-8b44-2603e7af6f54,6,4,1527512,0,2.46
2026-10-08T19:36:33.712000+00:00,,2026-10-08T19:36:33.712000+00:00,,4,Menik Ganga,Katharagama,7df8b973-b629-4c72-986c-19aa50698420,6.5,4.6,1527511,0,-0.27
2026-10-08T19:36:13.871000+00:00,,2026-10-08T19:36:13.871000+00:00,,10,Kalu Ganga,Ellagawa,3588dbfd-0239-4a64-8a19-73f753f1dc68,12.2,10.7,1527510,0,6.05
2026-10-08T19:35:38.896000+00:00,,2026-10-08T19:35:38.896000+00:00,,6.5,Kelani Ganga,Hanwella,ee6b161a-d6ff-4c22-a10f-3645dde04ac7,9.5,7.5,1527509,0,3.5
2026-10-08T19:34:31.842000+00:00,,2026-10-08T19:34:31.842000+00:00,,5.2,Kalu Ganga,Rathnapura,132946a0-ff04-4fac-b3d4-ada7a5181dc8,9.5,7.5,1527508,0,3.93
2026-10-08T19:34:24.691000+00:00,,2026-10-08T19:34:24.691000+00:00,,4,Gin Ganga,Thawalama,368309cd-41fd-4ec5-a622-aaa8a4503c27,7.5,6,1527507,0,3.77
2026-10-08T19:34:19.284000+00:00,,2026-10-08T19:34:19.284000+00:00,,5,Maha Oya,Badalgama,2e839824-1b34-4f66-9c0f-7ac6085f90d9,9.6,6.2,1527506,0,4.01
2026-10-08T19:34:07.864000+00:00,,2026-10-08T19:34:07.864000+00:00,,1.5,Kelani Ganga,Norwood,0662f4c2-64c8-4217-95b4-1779740ac39a,4.5,3,1527505,0,1.14
2026-10-08T19:33:29.962000+00:00,,2026-10-08T19:33:29.962000+00:00,,5,Kumbukkan Oya,Nakkala,26f41fbd-1f7a-44f4-ac22-dcba77b97dbb,7.5,6,1527504,0.6,1.04
2026-10-08T19:33:18.193000+00:00,,2026-10-08T19:33:18.193000+00:00,,5.5,Maha Oya,Giriulla,0264fac0-c094-4872-acef-bb1aa2a13188,7.5,6.5,1527503,0,4.72
2026-10-08T19:33:16.644000+00:00,,2026-10-08T19:33:16.644000+00:00,,4.8,Kelani Ganga,Deraniyagala,6e3274fc-c5ec-407d-823d-9a9bba76f4f4,7,5.8,1527502,0,0.86
2026-10-08T19:32:59.762000+00:00,,2026-10-08T19:32:59.762000+00:00,,15,Kelani Ganga,Glencourse,7e70ad97-bffd-4c47-a87a-5c9b830d0330,19,15.5,1527501,0,12.68
2026-10-08T19:32:44.098000+00:00,,2026-10-08T19:32:44.098000+00:00,,4.75,Deduru Oya,Moragaswewa,e6987aba-509a-4b0e-8874-4bbbf5d5ab29,7,6,1527500,0,1.18
2026-10-08T19:32:19.477000+00:00,,2026-10-08T19:32:19.477000+00:00,,6.9,Kirindi Oya,Kuda Oya,47af2ac4-0c4f-4567-bd78-de38ff85fc06,8.8,8.4,1527499,0,1.13
2026-10-08T19:32:01.937000+00:00,,2026-10-08T19:32:01.937000+00:00,,4,Kirindi Oya,Thanamalwila,d0ab0898-c846-4c45-944d-5cbfd01f78a9,5.5,5,1527498,0,0.53
2026-10-08T19:32:01.770000+00:00,,2026-10-08T19:32:01.770000+00:00,,3,Walawe Ganga,Moraketiya,7bde9b04-6714-49df-9419-51eb325bcd20,7,5,1527497,0,1.04
2026-10-08T19:31:56.154000+00:00,,2026-10-08T19:31:56.154000+00:00,,3,Kelani Ganga,Kithulgala,1f0f9899-f4c5-417b-99a3-1925e508a240,6,4,1527496,0,2.18
2026-10-08T19:31:44.938000+00:00,,2026-10-08T19:31:44.938000+00:00,,3,Mahaweli Ganga,Manampitiya,638bfc05-f3ef-42d0-ae2d-4551818c367e,6,4.3,1527495,0,-0.29
2026-10-08T19:31:39.151000+00:00,,2026-10-08T19:31:39.151000+00:00,,5,Kalu Ganga,Kalawellawa (Millakanda),03e16491-29a4-4a2f-bf0d-fe0fad9d9d92,8,6.5,1527494,0,4.44
2026-10-08T19:31:11.992000+00:00,,2026-10-08T19:31:11.992000+00:00,,3.5,Mahaweli Ganga,Nawalapitiya,cb638966-29e9-4dc0-a620-ca346a84f43d,6,5,1527493,0,1.43
2026-10-08T19:31:10.968000+00:00,,2026-10-08T19:31:10.968000+00:00,,4,Maduru Oya,Padiyathalawa,47deeec2-e236-4fe8-9cf1-e9b574afa69a,6,4.5,1527492,0,0.06
2026-10-08T19:30:51.346000+00:00,,2026-10-08T19:30:51.346000+00:00,,6,Yan Oya,Horowpothana,f40c35a4-24da-4a5b-9d9a-32055f70974d,10.5,7.5,1527491,0,1.63
2026-10-08T19:30:48.328000+00:00,,2026-10-08T19:30:48.328000+00:00,,5,Mahaweli Ganga,Peradeniya,90343504-ba66-4a2a-b854-529bf1e35c20,9,7,1527490,0,3.15
2026-10-08T18:47:09.953000+00:00,,2026-10-08T18:47:09.953000+00:00,,3,Kalu Ganga,Putupaula,8f6508e7-a028-416a-a8b3-e07c446b00b1,5,4,1527489,0,1.16
2026-10-08T18:42:12.023000+00:00,,2026-10-08T18:42:12.023000+00:00,,4.4,Kirindi Oya,Wellawaya,07a9aec4-4c4a-404c-8347-3fedd0131a88,5.9,5.4,1527488,0,0.85
2026-10-08T18:42:10.643000+00:00,,2026-10-08T18:42:10.643000+00:00,,4.4,Kirindi Oya,Wellawaya,c228276e-7723-4e0c-bbf4-cd74c290a2f6,5.9,5.4,1527487,0,0.85
2026-10-08T18:42:08.782000+00:00,,2026-10-08T18:42:08.782000+00:00,,4.4,Kirindi Oya,Wellawaya,5a43016e-4d42-4687-b470-a6b825047814,5.9,5.4,1527486,0,0.85
2026-10-08T18:41:46.099000+00:00,,2026-10-08T18:41:46.099000+00:00,,4,Kelani Ganga,Nagalagam Street,44f091c1-b6df-4aec-a6b7-8f2c92839e60,7,5,1527485,,2.2
2026-10-08T18:38:01.987000+00:00,,2026-10-08T18:38:01.987000+00:00,,6.5,Kelani Ganga,Hanwella,2376f009-3435-43c4-90fd-852a18a6acbe,9.5,7.5,1527484,0,3.27
2026-10-08T18:37:46.297000+00:00,,2026-10-08T18:37:46.297000+00:00,,4,Kirindi Oya,Thanamalwila,d4002a1f-a34a-4fec-b684-4370d84545d8,5.5,5,1527483,0.8,0.53
2026-10-08T18:37:32.576000+00:00,,2026-10-08T18:37:32.576000+00:00,,4,Maduru Oya,Padiyathalawa,39dcbf88-1c6b-4e4e-b74a-b32d42f8c095,6,4.5,1527482,0,0.06
2026-10-08T18:36:49.006000+00:00,,2026-10-08T18:36:49.006000+00:00,,5.2,Kalu Ganga,Rathnapura,9905f5d5-662a-4804-b381-ebcad1d248c4,9.5,7.5,1527481,0,3.98
2026-10-08T18:36:41.149000+00:00,,2026-10-08T18:36:41.149000+00:00,,4,Ma Oya,Yaka Wewa,4f6842c3-e2b8-4cc0-b274-66a7d68d3017,6,5,1527480,0,0.41
2026-10-08T18:36:28.906000+00:00,,2026-10-08T18:36:28.906000+00:00,,1.4,Nilwala Ganga,Thalgahagoda,445c5033-0ab1-4098-8233-bc9d9d9ea906,2.8,1.7,1527479,0,0.73
2026-10-08T18:36:27.037000+00:00,,2026-10-08T18:36:27.037000+00:00,,1.5,Kelani Ganga,Norwood,ffef3c23-9a11-4983-b089-6b3ea04af88b,4.5,3,1527478,0,1.15
2026-10-08T18:36:25.659000+00:00,,2026-10-08T18:36:25.659000+00:00,,1.5,Kelani Ganga,Norwood,4d4389cd-9b00-490f-8ef2-09592799223f,4.5,3,1527477,0,1.18
2026-10-08T18:35:57.478000+00:00,,2026-10-08T18:35:57.478000+00:00,,5,Kalu Ganga,Kalawellawa (Millakanda),6e62cb16-5a0c-4c6b-b54d-12de7e0142f9,8,6.5,1527476,0,4.4
2026-10-08T18:34:41.520000+00:00,,2026-10-08T18:34:41.520000+00:00,,5,Nilwala Ganga,Panadugama,55751f8e-8782-47cb-ada4-e1e61fe48059,7.5,6,1527475,0,4.35
2026-10-08T18:34:18.059000+00:00,,2026-10-08T18:34:18.059000+00:00,,4,Menik Ganga,Katharagama,ea46b077-a1c0-43b6-bca0-c2b7b1f2415b,6.5,4.6,1527474,0,-0.27
2026-10-08T18:34:13.011000+00:00,,2026-10-08T18:34:13.011000+00:00,,3,Kelani Ganga,Kithulgala,556085e7-d415-4757-98e4-f7541ec62797,6,4,1527473,0,2.2
2026-10-08T18:34:01.770000+00:00,,2026-10-08T18:34:01.770000+00:00,,3.5,Gin Ganga,Baddegama,27a8b05c-921a-409a-ae72-05f2172c83af,5,4,1527472,0,2.46
2026-10-08T18:33:56.413000+00:00,,2026-10-08T18:33:56.413000+00:00,,3,Kelani Ganga,Holombuwa,a31cf635-0a00-4178-bd82-0c83886ab088,6,4,1527471,0,2.82
2026-10-08T18:33:53.760000+00:00,,2026-10-08T18:33:53.760000+00:00,,4.8,Kelani Ganga,Deraniyagala,61a73203-a923-47a3-8522-3779564e7cd1,7,5.8,1527470,0,0.89
2026-10-08T18:33:48.552000+00:00,,2026-10-08T18:33:48.552000+00:00,,4,Nilwala Ganga,Pitabeddara,3fd37c1d-1634-4acd-ab73-015b5c3a6e66,6.5,5,1527469,0,1.22
2026-10-08T18:33:25.024000+00:00,,2026-10-08T18:33:25.024000+00:00,,3.3,Aththanagalu Oya,Dunamale,3dccbd33-10c6-4840-a308-fbbf160e26a9,5.5,4.4,1527468,0,2.52
2026-10-08T18:33:11.475000+00:00,,2026-10-08T18:33:11.475000+00:00,,3,Mahaweli Ganga,Thaldena,cccfa96d-ce74-4823-96f4-0a5d38ccc345,5,4,1527467,0,0.65
2026-10-08T18:33:08.573000+00:00,,2026-10-08T18:33:08.573000+00:00,,15,Kelani Ganga,Glencourse,62c20b53-8c27-419a-b25c-b7a3988538bc,19,15.5,1527466,0,12.6
2026-10-08T18:33:04.405000+00:00,,2026-10-08T18:33:04.405000+00:00,,3,Mahaweli Ganga,Manampitiya,82053d7d-5215-45d1-8ffc-575a1c2c9eb0,6,4.3,1527465,0,-0.3
2026-10-08T18:32:53.635000+00:00,,2026-10-08T18:32:53.635000+00:00,,4,Gin Ganga,Thawalama,50bab2b7-10d1-40dd-9a15-61c267550a0c,7.5,6,1527464,0,3.75
2026-10-08T18:32:35.399000+00:00,,2026-10-08T18:32:35.399000+00:00,,5,Maha Oya,Badalgama,24df7fc3-403b-4576-b990-653d9263eb82,9.6,6.2,1527463,0,3.52
2026-10-08T18:32:18.417000+00:00,,2026-10-08T18:32:18.417000+00:00,,5.5,Maha Oya,Giriulla,df470239-99f6-489b-884a-770996e2c7df,7.5,6.5,1527462,0,4.54
2026-10-08T18:31:59.896000+00:00,,2026-10-08T18:31:59.896000+00:00,,3,Walawe Ganga,Moraketiya,2404a5e0-9371-498f-baf2-f3047b65b124,7,5,1527461,0,1.02
2026-10-08T18:31:56.792000+00:00,,2026-10-08T18:31:56.792000+00:00,,6.9,Kirindi Oya,Kuda Oya,3c8e301b-5f42-411b-b9af-ddf8c6845ab9,8.8,8.4,1527460,2.1,1.13
2026-10-08T18:31:55.989000+00:00,,2026-10-08T18:31:55.989000+00:00,,4.75,Deduru Oya,Moragaswewa,26d69711-7a21-462c-93b5-31c5d059682c,7,6,1527459,0,1.13
2026-10-08T18:31:47.090000+00:00,,2026-10-08T18:31:47.090000+00:00,,5,Kumbukkan Oya,Nakkala,3bf8d285-0cef-4a47-83e1-3c8360137aaa,7.5,6,1527458,0,0.99
2026-10-08T18:31:29.572000+00:00,,2026-10-08T18:31:29.572000+00:00,,3.5,Mahaweli Ganga,Nawalapitiya,448b00a2-dbe6-4668-94a7-0e04500ef971,6,5,1527457,0,1.46
2026-10-08T18:31:19.333000+00:00,,2026-10-08T18:31:19.333000+00:00,,5,Mahaweli Ganga,Peradeniya,31540faa-5332-411d-bd78-932233b14420,9,7,1527456,0,3.4
2026-10-08T18:31:12.754000+00:00,,2026-10-08T18:31:12.754000+00:00,,6,Yan Oya,Horowpothana,d956efa0-3ee1-44f3-a3e7-d5f6857a301a,10.5,7.5,1527455,0,1.63
2026-10-08T18:31:11.528000+00:00,,2026-10-08T18:31:11.528000+00:00,,,Gal Oya,Ampara,0113cd7e-3403-433d-8109-ff177abd233d,,,1527454,0,0
2026-10-08T18:30:36.118000+00:00,,2026-10-08T18:30:36.118000+00:00,,4.5,Heda Oya,Siyambalanduwa,a6d69603-56e9-41c6-85f4-c881cc316e58,7,6,1527453,0,0.36
2026-10-08T17:51:09.144000+00:00,,2026-10-08T17:51:09.144000+00:00,,4,Nilwala Ganga,Pitabeddara,7d73f86e-f267-475e-bae7-f345a31b6991,6.5,5,1527452,0,1.22
2026-10-08T17:44:10.319000+00:00,,2026-10-08T17:44:10.319000+00:00,,2.5,Nilwala Ganga,Urawa,7bc19057-2e9e-4368-a164-29a6bd4fc6e4,6,4,1527451,0,0.45
2026-10-08T17:42:18.602000+00:00,,2026-10-08T17:42:18.602000+00:00,,3.5,Mahaweli Ganga,Nawalapitiya,df67d9be-bf6d-4d3d-a290-7b5f1cbd66db,6,5,1527450,0,1.48
2026-10-08T17:41:48.430000+00:00,,2026-10-08T17:41:48.430000+00:00,,4,Gin Ganga,Thawalama,3e796eb0-91fe-43c6-bf2c-0d4b4ca985bc,7.5,6,1527449,0,3.7
2026-10-08T17:40:58.726000+00:00,,2026-10-08T17:40:58.726000+00:00,,4,Kelani Ganga,Nagalagam Street,96eacbfd-fec9-4683-b18d-c484d37dfbe5,7,5,1527448,,2
2026-10-08T17:40:56.770000+00:00,,2026-10-08T17:40:56.770000+00:00,,5,Nilwala Ganga,Panadugama,cd483471-9886-4e91-a865-c0530a5c0c76,7.5,6,1527447,1.8,4.26
2026-10-08T17:40:06.116000+00:00,,2026-10-08T17:40:06.116000+00:00,,3,Mahaweli Ganga,Thaldena,b54e2530-c8f4-4d6d-ad4c-02f54e2b49ec,5,4,1527446,0,0.75
2026-10-08T17:38:46.001000+00:00,,2026-10-08T17:38:46.001000+00:00,,4,Menik Ganga,Katharagama,a4f07b8c-0d06-44a8-957c-159c82b482a7,6.5,4.6,1527445,2.3,-0.27
2026-10-08T17:38:33.065000+00:00,,2026-10-08T17:38:33.065000+00:00,,1.4,Nilwala Ganga,Thalgahagoda,e8767629-e848-4fcf-be8e-1e0fd3f726a5,2.8,1.7,1527444,0,0.75
2026-10-08T17:37:40.771000+00:00,,2026-10-08T17:37:40.771000+00:00,,4,Kirindi Oya,Thanamalwila,01868356-23bd-4624-b1d3-ef43d665249b,5.5,5,1527443,0.5,0.53
2026-10-08T17:37:35.880000+00:00,,2026-10-08T17:37:35.880000+00:00,,3.5,Gin Ganga,Baddegama,a2b46a81-4b56-41d7-a53e-e670d830e0f3,5,4,1527442,0,2.39
2026-10-08T17:37:12.445000+00:00,,2026-10-08T17:37:12.445000+00:00,,3,Kalu Ganga,Putupaula,5481872a-2a2c-4e35-9667-32a9847d8821,5,4,1527441,0,1.02
2026-10-08T17:36:06.935000+00:00,,2026-10-08T17:36:06.935000+00:00,,5.2,Kalu Ganga,Rathnapura,94a6ade5-75e6-4963-94a9-acea6a93b7f9,9.5,7.5,1527440,0,3.92
2026-10-08T17:35:47.824000+00:00,,2026-10-08T17:35:47.824000+00:00,,3,Mahaweli Ganga,Manampitiya,1b467412-9cb5-4ddc-bcc1-9a0fcadd09a1,6,4.3,1527439,0,-0.3
2026-10-08T17:34:44.614000+00:00,,2026-10-08T17:34:44.614000+00:00,,15,Kelani Ganga,Glencourse,dc228681-9b1f-46eb-89a7-7d5edebb91f0,19,15.5,1527438,0,12.41
2026-10-08T17:34:31.363000+00:00,,2026-10-08T17:34:31.363000+00:00,,3,Kelani Ganga,Holombuwa,be1d8b77-a94d-4159-a127-c45c331117e1,6,4,1527437,0,3.26
2026-10-08T17:34:29.231000+00:00,,2026-10-08T17:34:29.231000+00:00,,4,Kalu Ganga,Magura,930f8d8a-f043-4d9d-b07a-361e020abc25,7.5,6,1527436,0,2.89
2026-10-08T17:34:22.215000+00:00,,2026-10-08T17:34:22.215000+00:00,,4,Maduru Oya,Padiyathalawa,dd183d83-19ac-4c80-83c4-e4b9c8d6bb97,6,4.5,1527435,0,0.06
2026-10-08T17:33:43.269000+00:00,,2026-10-08T17:33:43.269000+00:00,,5,Maha Oya,Badalgama,94bfa46e-dda4-4248-bdee-c027672a2128,9.6,6.2,1527434,0,3.1
2026-10-08T17:33:21.953000+00:00,,2026-10-08T17:33:21.953000+00:00,,6.5,Kelani Ganga,Hanwella,eb68b016-e5eb-4ae1-87e7-31e56e7ebee9,9.5,7.5,1527433,0,2.98
2026-10-08T17:33:16.661000+00:00,,2026-10-08T17:33:16.661000+00:00,,4.8,Kelani Ganga,Deraniyagala,3eb6101d-c711-4b99-83aa-b8da6fe271c7,7,5.8,1527432,0,0.85
2026-10-08T17:33:00.231000+00:00,,2026-10-08T17:33:00.231000+00:00,,3,Walawe Ganga,Moraketiya,1fcbd3d7-4b02-4853-978a-63cba84e3688,7,5,1527431,0,1.02
2026-10-08T17:32:59.427000+00:00,,2026-10-08T17:32:59.427000+00:00,,4.5,Heda Oya,Siyambalanduwa,99d8cc16-9797-4d61-bd02-9fad81152426,7,6,1527430,0.1,0.36
2026-10-08T17:32:38.650000+00:00,,2026-10-08T17:32:38.650000+00:00,,3,Kelani Ganga,Kithulgala,12f46a01-62b3-4349-94c0-73f6d968819c,6,4,1527429,0,2.2
2026-10-08T17:32:22.447000+00:00,,2026-10-08T17:32:22.447000+00:00,,5,Kumbukkan Oya,Nakkala,9d4a6a66-2d5b-44ca-8fa8-52a7d3b3564d,7.5,6,1527428,0,0.96
2026-10-08T17:32:18.580000+00:00,,2026-10-08T17:32:18.580000+00:00,,5,Mahaweli Ganga,Peradeniya,5fd0263b-d129-4869-acdb-46fcfb1560de,9,7,1527427,0,3.37
2026-10-08T17:32:04.144000+00:00,,2026-10-08T17:32:04.144000+00:00,,4.75,Deduru Oya,Moragaswewa,1e45ec7a-7a58-4776-b661-616ce3a5343f,7,6,1527426,0,1.13
2026-10-08T17:32:03.339000+00:00,,2026-10-08T17:32:03.339000+00:00,,3.3,Aththanagalu Oya,Dunamale,03b059b5-08a3-4067-8d2f-1f8f384e77ca,5.5,4.4,1527425,0,2.35
2026-10-08T17:31:59.258000+00:00,,2026-10-08T17:31:59.258000+00:00,,4,Ma Oya,Yaka Wewa,8dfadd7b-1b4e-480f-a299-7ac14d1968ad,6,5,1527424,0,0.41
2026-10-08T17:31:49.969000+00:00,,2026-10-08T17:31:49.969000+00:00,,5.5,Maha Oya,Giriulla,f1a4f759-54a4-47fc-bcc5-c81d6bc3807e,7.5,6.5,1527423,0,4.2
2026-10-08T17:31:48.813000+00:00,,2026-10-08T17:31:48.813000+00:00,,10,Kalu Ganga,Ellagawa,2afeb221-7a34-4abe-a77a-47c65a228486,12.2,10.7,1527422,0,5.77
2026-10-08T17:31:31.520000+00:00,,2026-10-08T17:31:31.520000+00:00,,6.9,Kirindi Oya,Kuda Oya,7288b218-38b5-48ae-8092-d8a4b35c3520,8.8,8.4,1527421,0,1.13
2026-10-08T17:31:23.249000+00:00,,2026-10-08T17:31:23.249000+00:00,,,Gal Oya,Ampara,9fda8553-eb7c-4929-abe3-71a89984e736,,,1527420,0,0
2026-10-08T17:31:16.132000+00:00,,2026-10-08T17:31:16.132000+00:00,,5,Kalu Ganga,Kalawellawa (Millakanda),874d8576-842f-4826-ae89-44e9267d9920,8,6.5,1527419,0,4.31
2026-10-08T17:30:52.840000+00:00,,2026-10-08T17:30:52.840000+00:00,,6,Yan Oya,Horowpothana,c07d239e-c68b-406a-a1c9-d582352c1539,10.5,7.5,1527418,0,1.63
2026-10-08T17:10:42.329000+00:00,,2026-10-08T17:10:42.329000+00:00,,3,Mahaweli Ganga,Thaldena,1b3db20f-eb5a-4c57-8152-1de441b7c87d,5,4,1527417,0,0.71
2026-10-08T17:04:35.683000+00:00,,2026-10-08T17:04:35.683000+00:00,,3.5,Mahaweli Ganga,Nawalapitiya,348f4c83-95fb-4ca0-942b-68b0aea1b08e,6,5,1527416,0,1.5
2026-10-08T16:48:02.956000+00:00,,2026-10-08T16:48:02.956000+00:00,,5,Nilwala Ganga,Panadugama,071317e9-2cab-4479-9c10-af6515433b6e,7.5,6,1527415,0,4.15
2026-10-08T16:43:13.651000+00:00,,2026-10-08T16:43:13.651000+00:00,,4,Kalu Ganga,Magura,bf0daaa0-09a8-4a6c-bfe4-f96b67072e55,7.5,6,1527414,0,2.73
2026-10-08T16:37:19.947000+00:00,,2026-10-08T16:37:19.947000+00:00,,4,Kirindi Oya,Thanamalwila,7eaa8884-8a8e-4bf1-8a45-5f08a8b963c1,5.5,5,1527413,0,0.52
2026-10-08T16:37:02.393000+00:00,,2026-10-08T16:37:02.393000+00:00,,5.2,Kalu Ganga,Rathnapura,270d8fdc-62d8-487c-afa2-1d13d732dd18,9.5,7.5,1527412,0,3.76
2026-10-08T16:35:58.864000+00:00,,2026-10-08T16:35:58.864000+00:00,,4,Nilwala Ganga,Pitabeddara,7a49cf69-6407-439e-98ae-4aa278bb7427,6.5,5,1527411,0,1.19
2026-10-08T16:35:58.310000+00:00,,2026-10-08T16:35:58.310000+00:00,,10,Kalu Ganga,Ellagawa,4ff81d54-3af1-42c7-b015-6c10d210f647,12.2,10.7,1527410,0,5.62
2026-10-08T16:35:50.259000+00:00,,2026-10-08T16:35:50.259000+00:00,,1.4,Nilwala Ganga,Thalgahagoda,c3931a38-ccd4-47b2-bb08-ff39f0352035,2.8,1.7,1527409,0,0.78
2026-10-08T16:35:36.644000+00:00,,2026-10-08T16:35:36.644000+00:00,,4,Maduru Oya,Padiyathalawa,2ecc1175-bd4d-4473-a2d5-ae1e1b056f97,6,4.5,1527408,2.2,0.06
2026-10-08T16:35:35.639000+00:00,,2026-10-08T16:35:35.639000+00:00,,3.5,Gin Ganga,Baddegama,83b935b0-3655-43f8-a351-989921095782,5,4,1527407,0,2.29
2026-10-08T16:35:09.805000+00:00,,2026-10-08T16:35:09.805000+00:00,,4,Kelani Ganga,Nagalagam Street,189df775-c05d-4d38-9053-69dd578fb0b6,7,5,1527406,,1.8
2026-10-08T16:35:09.217000+00:00,,2026-10-08T16:35:09.217000+00:00,,3,Kalu Ganga,Putupaula,281b98af-dbc0-47d6-8700-699dee0bb808,5,4,1527405,0,0.9
2026-10-08T16:35:02.958000+00:00,,2026-10-08T16:35:02.958000+00:00,,3,Mahaweli Ganga,Manampitiya,e0501f80-bca1-4261-81b9-1b3fc289c360,6,4.3,1527404,0,-0.3
2026-10-08T16:34:04.825000+00:00,,2026-10-08T16:34:04.825000+00:00,,1.5,Kelani Ganga,Norwood,1f1923a5-95b4-4486-ba40-4ca2bd3898a0,4.5,3,1527403,0,1.2
2026-10-08T16:33:59.655000+00:00,,2026-10-08T16:33:59.655000+00:00,,4,Gin Ganga,Thawalama,9eeca7b8-16dc-4e4b-ad7d-a7e572fa5d2d,7.5,6,1527402,0,3.59
2026-10-08T16:33:51.761000+00:00,,2026-10-08T16:33:51.761000+00:00,,3,Kelani Ganga,Holombuwa,475a0d8d-5aed-4bf8-982e-64d2fee0a140,6,4,1527401,0,3.74
2026-10-08T16:33:50.834000+00:00,,2026-10-08T16:33:50.834000+00:00,,4,Menik Ganga,Katharagama,603de77d-ea93-4840-bedd-15c63bf25cf5,6.5,4.6,1527400,1.1,-0.26
2026-10-08T16:33:16.803000+00:00,,2026-10-08T16:33:16.803000+00:00,,6.9,Kirindi Oya,Kuda Oya,b28dc193-f093-4e77-86ca-c8f97ef68895,8.8,8.4,1527399,0,1.13
2026-10-08T16:32:56.325000+00:00,,2026-10-08T16:32:56.325000+00:00,,3.3,Aththanagalu Oya,Dunamale,8b19aedd-51e0-4e4a-ab4a-cbc4b7f0c6c5,5.5,4.4,1527398,0,2.12
2026-10-08T16:32:54.427000+00:00,,2026-10-08T16:32:54.427000+00:00,,4.8,Kelani Ganga,Deraniyagala,8acff21e-b694-46ae-b6fe-5e40350efd02,7,5.8,1527397,0,0.88
2026-10-08T16:32:46.875000+00:00,,2026-10-08T16:32:46.875000+00:00,,6.5,Kelani Ganga,Hanwella,6d060c42-5ab9-4e29-a203-893c776a38a0,9.5,7.5,1527396,0,2.8
2026-10-08T16:32:36.810000+00:00,,2026-10-08T16:32:36.810000+00:00,,5,Maha Oya,Badalgama,2d640de8-56b4-4516-b0fa-ef2742b7d3fd,9.6,6.2,1527395,0,2.94
2026-10-08T16:32:26.764000+00:00,,2026-10-08T16:32:26.764000+00:00,,2.5,Nilwala Ganga,Urawa,78c2fd30-767c-41d7-9a48-46d5e238bcd8,6,4,1527394,0,0.45
2026-10-08T16:32:10.546000+00:00,,2026-10-08T16:32:10.546000+00:00,,15,Kelani Ganga,Glencourse,061f4379-0652-4d92-b094-74ae58bb045d,19,15.5,1527393,0,12.07
2026-10-08T16:32:06.539000+00:00,,2026-10-08T16:32:06.539000+00:00,,5,Kumbukkan Oya,Nakkala,81849787-487f-4177-8b03-5ee29152d034,7.5,6,1527392,0,0.92
2026-10-08T16:32:00.552000+00:00,,2026-10-08T16:32:00.552000+00:00,,3,Kelani Ganga,Kithulgala,4a1500d5-9275-4f1e-b53a-c09c35541be1,6,4,1527391,0,1.96
2026-10-08T16:31:56.102000+00:00,,2026-10-08T16:31:56.102000+00:00,,5,Mahaweli Ganga,Peradeniya,7900d186-ac18-43a1-8b5a-21fb5784c472,9,7,1527390,0,3.3
2026-10-08T16:31:42.362000+00:00,,2026-10-08T16:31:42.362000+00:00,,4,Ma Oya,Yaka Wewa,eb40e33a-1a04-4157-b00f-5d683d8c6bec,6,5,1527389,0,0.41
2026-10-08T16:31:41.488000+00:00,,2026-10-08T16:31:41.488000+00:00,,5.5,Maha Oya,Giriulla,22ac2c39-269e-4d9c-b23f-4b1914777e44,7.5,6.5,1527388,0,3.68
2026-10-08T16:31:27.953000+00:00,,2026-10-08T16:31:27.953000+00:00,,4.75,Deduru Oya,Moragaswewa,6e6bcc26-603d-4622-9f5c-93642c7f520c,7,6,1527387,0,1.13
2026-10-08T16:31:20.713000+00:00,,2026-10-08T16:31:20.713000+00:00,,,Gal Oya,Ampara,29cc7da5-e030-4c27-97ea-3792864e322a,,,1527386,0,0
2026-10-08T16:31:09.633000+00:00,,2026-10-08T16:31:09.633000+00:00,,4.5,Heda Oya,Siyambalanduwa,9724c114-46b8-434f-b4af-df4ca1b2a868,7,6,1527385,0,0.38
2026-10-08T16:31:02.952000+00:00,,2026-10-08T16:31:02.952000+00:00,,6,Yan Oya,Horowpothana,1f8933fb-d7af-425d-b23d-79987fd602b3,10.5,7.5,1527384,0,1.63
2026-10-08T16:30:43.440000+00:00,,2026-10-08T16:30:43.440000+00:00,,3,Walawe Ganga,Moraketiya,7a44e6aa-0364-4ae1-a2c5-9fcb752f8995,7,5,1527383,0,1.02
2026-10-08T16:30:42.057000+00:00,,2026-10-08T16:30:42.057000+00:00,,5,Kalu Ganga,Kalawellawa (Millakanda),39db2674-c5d5-43b5-b151-10223a090802,8,6.5,1527382,0,4.25
2026-10-08T15:42:12.330000+00:00,,2026-10-08T15:42:12.330000+00:00,,5.2,Kalu Ganga,Rathnapura,555b39bc-935d-4962-8fd9-97dfe070767e,9.5,7.5,1527381,1.7,3.45
2026-10-08T15:38:53.355000+00:00,,2026-10-08T15:38:53.355000+00:00,,3,Mahaweli Ganga,Thaldena,1a1be551-1915-40d5-af94-26e881b6aba0,5,4,1527380,0,0.66
2026-10-08T15:38:19.942000+00:00,,2026-10-08T15:38:19.942000+00:00,,4.75,Deduru Oya,Moragaswewa,23fb7b2e-54b7-43d6-937f-f47e85d52d6f,7,6,1527379,1.5,1.12
2026-10-08T15:37:34.082000+00:00,,2026-10-08T15:37:34.082000+00:00,,4,Menik Ganga,Katharagama,c60575fe-041b-4501-b6bf-76766839774d,6.5,4.6,1527378,0,-0.26
2026-10-08T15:37:08.018000+00:00,,2026-10-08T15:37:08.018000+00:00,,4,Maduru Oya,Padiyathalawa,6edf73f7-34ca-4ff7-b6e7-e87a9baef817,6,4.5,1527377,0,0.06
2026-10-08T15:36:34.814000+00:00,,2026-10-08T15:36:34.814000+00:00,,4.5,Heda Oya,Siyambalanduwa,3551a958-2bd9-41df-9d96-c5cc77d478d5,7,6,1527376,0,0.39
2026-10-08T15:36:28.925000+00:00,,2026-10-08T15:36:28.925000+00:00,,5,Kalu Ganga,Kalawellawa (Millakanda),450b3ca1-ddaf-4bdc-9bc1-be6bc33132f9,8,6.5,1527375,0,4.2
2026-10-08T15:36:19.888000+00:00,,2026-10-08T15:36:19.888000+00:00,,4,Kirindi Oya,Thanamalwila,4a69d844-3759-483c-ad32-d3fd10c13920,5.5,5,1527374,0,0.52
2026-10-08T15:36:05.293000+00:00,,2026-10-08T15:36:05.293000+00:00,,2.5,Nilwala Ganga,Urawa,38878721-3dbc-438b-a461-04fd0138f435,6,4,1527373,0,0.44
2026-10-08T15:35:27.444000+00:00,,2026-10-08T15:35:27.444000+00:00,,5,Kumbukkan Oya,Nakkala,862da350-7c76-4275-b66f-c4e3efe727d1,7.5,6,1527372,0,0.92
2026-10-08T15:35:13.328000+00:00,,2026-10-08T15:35:13.328000+00:00,,4,Kelani Ganga,Nagalagam Street,f1e6fa95-8562-47fe-a9c9-bc743c12af09,7,5,1527371,,1.5
2026-10-08T15:35:12.482000+00:00,,2026-10-08T15:35:12.482000+00:00,,1.5,Kelani Ganga,Norwood,a550183a-165b-4cdb-bc63-7d20877f9561,4.5,3,1527370,0,1.21
2026-10-08T15:34:57.180000+00:00,,2026-10-08T15:34:57.180000+00:00,,6.5,Kelani Ganga,Hanwella,641ce500-1897-40b3-9d13-67501e6dc61d,9.5,7.5,1527369,0.3,2.75
2026-10-08T15:34:56.074000+00:00,,2026-10-08T15:34:56.074000+00:00,,3.5,Mahaweli Ganga,Nawalapitiya,053b93d0-5442-4944-bc87-fed8c1ee4139,6,5,1527368,0,1.52
2026-10-08T15:34:51.692000+00:00,,2026-10-08T15:34:51.692000+00:00,,1.4,Nilwala Ganga,Thalgahagoda,dd512e10-2b81-47fc-8183-1d1b3991eb6b,2.8,1.7,1527367,0,0.82
2026-10-08T15:34:39.385000+00:00,,2026-10-08T15:34:39.385000+00:00,,4,Gin Ganga,Thawalama,20f3ed07-2cf5-419c-a244-ba6e17f4d3da,7.5,6,1527366,0,3.44
2026-10-08T15:34:06.702000+00:00,,2026-10-08T15:34:06.702000+00:00,,3.3,Aththanagalu Oya,Dunamale,e82e7036-9e7d-45cb-a299-166200852ae0,5.5,4.4,1527365,1,2
2026-10-08T15:33:55.228000+00:00,,2026-10-08T15:33:55.228000+00:00,,4,Nilwala Ganga,Pitabeddara,be9fc3d6-6663-45f5-8340-96b7befe185c,6.5,5,1527364,0,1.16
2026-10-08T15:33:54.009000+00:00,,2026-10-08T15:33:54.009000+00:00,,15,Kelani Ganga,Glencourse,872807d2-2bde-4889-bee5-be5ce063a1b8,19,15.5,1527363,0,11.57
2026-10-08T15:33:35.007000+00:00,,2026-10-08T15:33:35.007000+00:00,,3,Walawe Ganga,Moraketiya,d6feb827-886a-4114-b3b7-03c9449036ea,7,5,1527362,0,1.01
2026-10-08T15:33:34.332000+00:00,,2026-10-08T15:33:34.332000+00:00,,3,Kelani Ganga,Holombuwa,6518d0c4-8fb8-4256-a3af-a26f89dff1d8,6,4,1527361,0,4.23
2026-10-08T15:33:14.732000+00:00,,2026-10-08T15:33:14.732000+00:00,,,Gal Oya,Ampara,f91edfc7-9e60-484b-bb15-9f0ac66d5b33,,,1527360,0.8,0
2026-10-08T15:33:12.636000+00:00,,2026-10-08T15:33:12.636000+00:00,,3,Kelani Ganga,Kithulgala,9ec376ea-3f01-48cc-bdd0-0a696594ae74,6,4,1527359,0,1.95
2026-10-08T15:32:54.744000+00:00,,2026-10-08T15:32:54.744000+00:00,,5,Maha Oya,Badalgama,d20af089-399d-48f4-b2b5-05d43385f81d,9.6,6.2,1527358,0.4,2.9
2026-10-08T15:32:37.799000+00:00,,2026-10-08T15:32:37.799000+00:00,,5.5,Maha Oya,Giriulla,ea87899e-58eb-4ca6-91b8-e8e133ad38d3,7.5,6.5,1527357,0,2.95
2026-10-08T15:32:34.653000+00:00,,2026-10-08T15:32:34.653000+00:00,,3,Mahaweli Ganga,Manampitiya,0f32868a-4d44-4cb0-876e-e9b5dd2b417c,6,4.3,1527356,0,-0.28
2026-10-08T15:32:30.799000+00:00,,2026-10-08T15:32:30.799000+00:00,,4.8,Kelani Ganga,Deraniyagala,cb7a0a04-aeb2-42c5-921f-6fa799f35f2c,7,5.8,1527355,0,0.91
2026-10-08T15:32:30.093000+00:00,,2026-10-08T15:32:30.093000+00:00,,3.5,Gin Ganga,Baddegama,7917b4ac-da8b-4811-a8b3-f8542816f150,5,4,1527354,0,2.19
2026-10-08T15:32:18.480000+00:00,,2026-10-08T15:32:18.480000+00:00,,4,Kalu Ganga,Magura,0033e2c7-f19b-4fcc-b3fc-d39ce6e10f51,7.5,6,1527353,0,2.59
2026-10-08T15:32:10.976000+00:00,,2026-10-08T15:32:10.976000+00:00,,5,Nilwala Ganga,Panadugama,bbb85d2f-dd2f-4c16-b18c-7d81ab6568df,7.5,6,1527352,0,4.03
2026-10-08T15:32:06.057000+00:00,,2026-10-08T15:32:06.057000+00:00,,6,Yan Oya,Horowpothana,b91df643-1c2a-46e7-877d-43623b52bab7,10.5,7.5,1527351,0,1.63
2026-10-08T15:32:01.567000+00:00,,2026-10-08T15:32:01.567000+00:00,,5,Mahaweli Ganga,Peradeniya,aab12dd3-ef4a-4849-8822-2e6410acb799,9,7,1527350,0,3.27
2026-10-08T15:31:55.811000+00:00,,2026-10-08T15:31:55.811000+00:00,,4,Ma Oya,Yaka Wewa,a9e32832-7c33-4c1a-9daf-bac22d24abc4,6,5,1527349,0,0.41
2026-10-08T15:31:47.215000+00:00,,2026-10-08T15:31:47.215000+00:00,,10,Kalu Ganga,Ellagawa,e0b72c7e-06ed-4a0a-aa61-30a83cd82042,12.2,10.7,1527348,0.2,5.6
2026-10-08T15:31:12.064000+00:00,,2026-10-08T15:31:12.064000+00:00,,6.9,Kirindi Oya,Kuda Oya,74071cd9-565e-4051-8b7f-356d6c6992a7,8.8,8.4,1527347,0,1.12
2026-10-08T15:31:10.739000+00:00,,2026-10-08T15:31:10.739000+00:00,,3,Kalu Ganga,Putupaula,2d89fb32-2b2d-4119-82af-190cb9488eb1,5,4,1527346,0,0.79
2026-10-08T15:30:42.611000+00:00,,2026-10-08T15:30:42.611000+00:00,,4.4,Kirindi Oya,Wellawaya,2424206d-312c-42f7-b13d-b84b4d8d9ffd,5.9,5.4,1527345,0,0.85
2026-10-08T14:42:01.723000+00:00,,2026-10-08T14:42:01.723000+00:00,,5.2,Kalu Ganga,Rathnapura,e79daf75-d44b-47f8-bd13-11bcbe4642c6,9.5,7.5,1527344,3.9,2.99
2026-10-08T14:38:32.182000+00:00,,2026-10-08T14:38:32.182000+00:00,,1.4,Nilwala Ganga,Thalgahagoda,8793e3bf-f38a-4187-8cc5-bf18bd4ad7ea,2.8,1.7,1527343,0,0.85
2026-10-08T14:38:01.902000+00:00,,2026-10-08T14:38:01.902000+00:00,,4,Nilwala Ganga,Pitabeddara,88224783-3eb1-4ead-909a-a7545ac076c1,6.5,5,1527342,0,1.13
2026-10-08T14:38:00.859000+00:00,,2026-10-08T14:38:00.859000+00:00,,2.5,Nilwala Ganga,Urawa,34fe2fb8-c9ec-4757-a78a-0d8f335e4de6,6,4,1527341,0,0.44
2026-10-08T14:37:46.307000+00:00,,2026-10-08T14:37:46.307000+00:00,,4.4,Kirindi Oya,Wellawaya,b5426d9a-329a-45d7-96fc-d30ce5b42207,5.9,5.4,1527340,0,0.84
2026-10-08T14:37:30.651000+00:00,,2026-10-08T14:37:30.651000+00:00,,5,Kalu Ganga,Kalawellawa (Millakanda),9a598149-40d7-4bbc-924a-6e1e466a78bd,8,6.5,1527339,0,4.14
2026-10-08T14:37:06.656000+00:00,,2026-10-08T14:37:06.656000+00:00,,5,Maha Oya,Badalgama,f4c9d817-7786-4637-a6ac-0dee73fe6d1b,9.6,6.2,1527338,4.3,2.9
2026-10-08T14:36:50.996000+00:00,,2026-10-08T14:36:50.996000+00:00,,3,Mahaweli Ganga,Thaldena,fa7b3536-edc9-46ae-b377-455bfe69b9f9,5,4,1527337,0,0.7
2026-10-08T14:36:36.027000+00:00,,2026-10-08T14:36:36.027000+00:00,,5,Nilwala Ganga,Panadugama,13488ec6-d29e-44b5-97b3-40f5279794ae,7.5,6,1527336,0,3.85
2026-10-08T14:36:30.947000+00:00,,2026-10-08T14:36:30.947000+00:00,,3.5,Gin Ganga,Baddegama,d37929eb-c56b-41ed-a525-ae3837bdcba5,5,4,1527335,0,2.08
2026-10-08T14:36:20.957000+00:00,,2026-10-08T14:36:20.957000+00:00,,,Gal Oya,Ampara,b92cb732-bf2c-484e-bbd7-0db7a07f20b2,,,1527334,2.1,0
2026-10-08T14:36:14.495000+00:00,,2026-10-08T14:36:14.495000+00:00,,4.8,Kelani Ganga,Deraniyagala,4b3fe719-7c34-4890-804e-852adf583cff,7,5.8,1527333,3.1,0.91
2026-10-08T14:35:54.883000+00:00,,2026-10-08T14:35:54.883000+00:00,,3,Kalu Ganga,Putupaula,90b1d76f-fa60-47ee-8d38-ae2647f36a2d,5,4,1527332,0,0.85
2026-10-08T14:35:43.849000+00:00,,2026-10-08T14:35:43.849000+00:00,,3,Kelani Ganga,Kithulgala,eec980a2-4aed-429b-87b5-09d812663932,6,4,1527331,0,1.97
2026-10-08T14:35:20.735000+00:00,,2026-10-08T14:35:20.735000+00:00,,3.5,Mahaweli Ganga,Nawalapitiya,69d2408e-daf3-4585-84c8-7fb288feb775,6,5,1527330,0.6,1.55
2026-10-08T14:34:59.715000+00:00,,2026-10-08T14:34:59.715000+00:00,,6,Yan Oya,Horowpothana,bc5fc89f-b8c2-46f5-b170-d6a08673c1ff,10.5,7.5,1527329,0,1.63
2026-10-08T14:34:39.932000+00:00,,2026-10-08T14:34:39.932000+00:00,,6.5,Kelani Ganga,Hanwella,9f0cce09-2238-47c6-8114-7679277be7a6,9.5,7.5,1527328,0,2.76
2026-10-08T14:34:32.176000+00:00,,2026-10-08T14:34:32.176000+00:00,,1.5,Kelani Ganga,Norwood,6075f762-c7ff-4725-97da-54175836e44e,4.5,3,1527327,2.1,1.2
2026-10-08T14:34:13.708000+00:00,,2026-10-08T14:34:13.708000+00:00,,5.5,Maha Oya,Giriulla,2d790311-bed8-4c86-9c21-40f76afba7bd,7.5,6.5,1527326,3.6,2.25
2026-10-08T14:34:09.402000+00:00,,2026-10-08T14:34:09.402000+00:00,,10,Kalu Ganga,Ellagawa,369a5a9f-9120-4852-a96c-40a26db4d35a,12.2,10.7,1527325,0.6,5.57
2026-10-08T14:34:00.956000+00:00,,2026-10-08T14:34:00.956000+00:00,,4,Gin Ganga,Thawalama,01eab563-b426-4b5a-a2f7-48d5b294ae38,7.5,6,1527324,0,3.3
2026-10-08T14:33:47.853000+00:00,,2026-10-08T14:33:47.853000+00:00,,3,Kelani Ganga,Holombuwa,ba06dc02-550c-48cb-a2eb-94a3995bbf53,6,4,1527323,0.3,4.5
2026-10-08T14:33:41.147000+00:00,,2026-10-08T14:33:41.147000+00:00,,4,Kirindi Oya,Thanamalwila,93a191b9-e9fb-4b6b-b351-ced59113ac6c,5.5,5,1527322,0,0.52
2026-10-08T14:33:39.098000+00:00,,2026-10-08T14:33:39.098000+00:00,,3,Mahaweli Ganga,Manampitiya,c37c6a52-c85e-4576-a75f-544eface9ecd,6,4.3,1527321,0,-0.27
2026-10-08T14:33:32.821000+00:00,,2026-10-08T14:33:32.821000+00:00,,3.3,Aththanagalu Oya,Dunamale,d73b8215-f1db-48bd-92e0-957a1098e357,5.5,4.4,1527320,1,2
2026-10-08T14:32:58.101000+00:00,,2026-10-08T14:32:58.101000+00:00,,4.75,Deduru Oya,Moragaswewa,12500dab-f05b-4ca7-8351-9e7a159d368b,7,6,1527319,3.1,1.12
2026-10-08T14:32:44.786000+00:00,,2026-10-08T14:32:44.786000+00:00,,3,Walawe Ganga,Moraketiya,6130b9a6-88b1-4978-9a47-3fffe91e9227,7,5,1527318,0,1.01
2026-10-08T14:32:43.079000+00:00,,2026-10-08T14:32:43.079000+00:00,,4,Kelani Ganga,Nagalagam Street,f3ce6ef8-ffe5-4ade-8170-700fcf71e576,7,5,1527317,,1.2
2026-10-08T14:32:39.863000+00:00,,2026-10-08T14:32:39.863000+00:00,,5,Mahaweli Ganga,Peradeniya,e5651cb5-cdd1-41e7-ab9e-bcb90f3bd7c0,9,7,1527316,0,3.08
2026-10-08T14:32:30.251000+00:00,,2026-10-08T14:32:30.251000+00:00,,4,Maduru Oya,Padiyathalawa,212379a3-5007-4eef-b214-e47e0c3a70ed,6,4.5,1527315,0,0.06
2026-10-08T14:32:18.102000+00:00,,2026-10-08T14:32:18.102000+00:00,,4,Menik Ganga,Katharagama,c4850449-049e-4118-8fa0-9ee29becd9b2,6.5,4.6,1527314,0,-0.26
2026-10-08T14:32:14.953000+00:00,,2026-10-08T14:32:14.953000+00:00,,5,Kumbukkan Oya,Nakkala,28bd3636-7772-40e1-be03-02b3350a2de6,7.5,6,1527313,0,0.76
2026-10-08T14:31:58.857000+00:00,,2026-10-08T14:31:58.857000+00:00,,4,Ma Oya,Yaka Wewa,73a25b12-7a3a-4d8f-94a1-24ed162777e2,6,5,1527312,0,0.41
2026-10-08T14:31:54.526000+00:00,,2026-10-08T14:31:54.526000+00:00,,15,Kelani Ganga,Glencourse,19e3434f-8b45-478f-b2a9-3b74675373d9,19,15.5,1527311,0,11
2026-10-08T14:31:27.549000+00:00,,2026-10-08T14:31:27.549000+00:00,,6.9,Kirindi Oya,Kuda Oya,26c98f68-504d-4819-82cb-aae0ab8d28f5,8.8,8.4,1527310,0,1.12
2026-10-08T14:31:11.007000+00:00,,2026-10-08T14:31:11.007000+00:00,,4.5,Heda Oya,Siyambalanduwa,184a9a16-7305-4cfc-8275-669514f5f229,7,6,1527309,0,0.35
2026-10-08T14:30:53.619000+00:00,,2026-10-08T14:30:53.619000+00:00,,4,Kalu Ganga,Magura,ab7cb678-2280-49de-b5cd-0f4285e85d72,7.5,6,1527308,0,2.38
2026-10-08T14:06:29.426000+00:00,,2026-10-08T14:06:29.426000+00:00,,1.4,Nilwala Ganga,Thalgahagoda,d2ec157d-8b95-4815-9adf-495b5553606e,2.8,1.7,1527307,0,0.86
2026-10-08T13:54:37.812000+00:00,,2026-10-08T13:54:37.812000+00:00,,5,Kalu Ganga,Kalawellawa (Millakanda),0efcda90-6328-4cdc-aa75-4d3df0b3aa03,8,6.5,1527306,0,4.04
2026-10-08T13:47:03.182000+00:00,,2026-10-08T13:47:03.182000+00:00,,4,Nilwala Ganga,Pitabeddara,2d47f7e3-853d-4866-8c1b-a0a7cad06400,6.5,5,1527305,0,1.1
2026-10-08T13:44:22.014000+00:00,,2026-10-08T13:44:22.014000+00:00,,4.75,Deduru Oya,Moragaswewa,a3f62641-061c-4aff-b0d9-d4d21f14bd40,7,6,1527304,3.4,1.11
2026-10-08T13:43:30.918000+00:00,,2026-10-08T13:43:30.918000+00:00,,5,Mahaweli Ganga,Peradeniya,78658c99-338a-4776-aae3-11cb78d8719b,9,7,1527303,0,2.95
2026-10-08T13:42:19.181000+00:00,,2026-10-08T13:42:19.181000+00:00,,3.5,Gin Ganga,Baddegama,ef86f5c2-30da-4929-aa26-28ae59f4092d,5,4,1527302,0,2.01
2026-10-08T13:40:42.404000+00:00,,2026-10-08T13:40:42.404000+00:00,,5.2,Kalu Ganga,Rathnapura,6d11a5da-5bd3-40dc-bf96-198830ae7f1f,9.5,7.5,1527301,2.4,2.5
2026-10-08T13:40:05.815000+00:00,,2026-10-08T13:40:05.815000+00:00,,3,Kalu Ganga,Putupaula,8c5f5a79-e5e6-4a33-a7e3-fff5d98bef0b,5,4,1527300,0.6,0.8
2026-10-08T13:39:24.506000+00:00,,2026-10-08T13:39:24.506000+00:00,,3,Walawe Ganga,Moraketiya,76b7bcdc-3ec1-4dae-927f-430d423d9e39,7,5,1527299,0,1
2026-10-08T13:39:23.722000+00:00,,2026-10-08T13:39:23.722000+00:00,,6.5,Kelani Ganga,Hanwella,e1575774-466c-49fd-8446-d666a41cc9ba,9.5,7.5,1527298,1,2.8
2026-10-08T13:36:55.749000+00:00,,2026-10-08T13:36:55.749000+00:00,,3.3,Aththanagalu Oya,Dunamale,0d37c032-a964-4a4d-8889-c0661c270391,5.5,4.4,1527297,7,2.04
2026-10-08T13:36:45.218000+00:00,,2026-10-08T13:36:45.218000+00:00,,5,Maha Oya,Badalgama,2a7707c8-3c7e-47b7-a34b-231716cb6882,9.6,6.2,1527296,8,2.92
2026-10-08T13:36:27.693000+00:00,,2026-10-08T13:36:27.693000+00:00,,4,Kalu Ganga,Magura,4f992c37-5364-43e3-9833-937e4cf40001,7.5,6,1527295,0,2.27
2026-10-08T13:35:52.748000+00:00,,2026-10-08T13:35:52.748000+00:00,,5.5,Maha Oya,Giriulla,7fc95189-eb06-4728-91a8-bb075831613c,7.5,6.5,1527294,4.2,1.95
2026-10-08T13:35:21.489000+00:00,,2026-10-08T13:35:21.489000+00:00,,15,Kelani Ganga,Glencourse,379b4369-8eb6-47e9-99ac-8f266046ee9b,19,15.5,1527293,1.7,10.79
2026-10-08T13:35:16.393000+00:00,,2026-10-08T13:35:16.393000+00:00,,4,Maduru Oya,Padiyathalawa,b1d454f0-8747-4aa4-bf6b-120db7b286a8,6,4.5,1527292,0,0.06
2026-10-08T13:35:10.041000+00:00,,2026-10-08T13:35:10.041000+00:00,,5,Kumbukkan Oya,Nakkala,fc620cd3-49bc-436a-9c4f-83a82e23cdb8,7.5,6,1527291,0,0.66
2026-10-08T13:35:07.153000+00:00,,2026-10-08T13:35:07.153000+00:00,,3,Mahaweli Ganga,Thaldena,05e79489-bfde-4a1a-acec-40323e9a68aa,5,4,1527290,0.2,0.68
2026-10-08T13:34:50.381000+00:00,,2026-10-08T13:34:50.381000+00:00,,2.5,Nilwala Ganga,Urawa,51566120-9c7a-4b31-80c1-7b2974d8f49f,6,4,1527289,0,0.44
2026-10-08T13:34:43.713000+00:00,,2026-10-08T13:34:43.713000+00:00,,3,Kelani Ganga,Kithulgala,dab42659-6543-4418-b3ca-f20d62456960,6,4,1527288,2,1.95
2026-10-08T13:34:11.116000+00:00,,2026-10-08T13:34:11.116000+00:00,,4,Kelani Ganga,Nagalagam Street,0428ac2a-fe5a-4a1c-9488-61b76226c3f8,7,5,1527287,,1.1
2026-10-08T13:33:59.298000+00:00,,2026-10-08T13:33:59.298000+00:00,,4,Maduru Oya,Padiyathalawa,793546ab-6ae3-490e-8c7f-9781aa1d7b29,6,4.5,1527286,0,0.06
2026-10-08T13:33:49.623000+00:00,,2026-10-08T13:33:49.623000+00:00,,3.5,Mahaweli Ganga,Nawalapitiya,4fd4ce41-d4a3-4b1f-91bb-3bb7c3df7403,6,5,1527285,0,1.59
2026-10-08T13:33:42.377000+00:00,,2026-10-08T13:33:42.377000+00:00,,4.8,Kelani Ganga,Deraniyagala,09f26767-4d88-4bc9-bb30-68ba99a228da,7,5.8,1527284,1.2,0.83
2026-10-08T13:33:17.824000+00:00,,2026-10-08T13:33:17.824000+00:00,,3,Kelani Ganga,Holombuwa,74b08f7a-72cd-4e7a-8984-20bc06eb1a6c,6,4,1527283,8.7,4.21
2026-10-08T13:33:09.781000+00:00,,2026-10-08T13:33:09.781000+00:00,,10,Kalu Ganga,Ellagawa,55394c6a-2eb3-45c6-8f00-58166a1d9b5a,12.2,10.7,1527282,1.2,5.55
2026-10-08T13:33:05.574000+00:00,,2026-10-08T13:33:05.574000+00:00,,4,Gin Ganga,Thawalama,e82af93c-7fbe-4c51-87a9-25e2b250c32f,7.5,6,1527281,0,3.23
2026-10-08T13:32:58.395000+00:00,,2026-10-08T13:32:58.395000+00:00,,5,Nilwala Ganga,Panadugama,231a8d66-72c9-4555-b1fc-58bae5670afa,7.5,6,1527280,0,3.72
2026-10-08T13:32:57.570000+00:00,,2026-10-08T13:32:57.570000+00:00,,4.4,Kirindi Oya,Wellawaya,e1f294d7-fa24-493f-93d0-f87c1614620b,5.9,5.4,1527279,0,0.83
2026-10-08T13:32:46.204000+00:00,,2026-10-08T13:32:46.204000+00:00,,4,Menik Ganga,Katharagama,1f6a89ef-8333-420e-84f4-eed435479d0c,6.5,4.6,1527278,0,-0.26
2026-10-08T13:32:44.799000+00:00,,2026-10-08T13:32:44.799000+00:00,,3,Mahaweli Ganga,Manampitiya,743e496c-bca7-49a3-9f0b-e0143e875697,6,4.3,1527277,0,-0.25
2026-10-08T13:32:29.610000+00:00,,2026-10-08T13:32:29.610000+00:00,,1.5,Kelani Ganga,Norwood,b3478df3-9eb3-4ac6-ad09-34bec10dca09,4.5,3,1527276,3.5,1.19
2026-10-08T13:32:10.890000+00:00,,2026-10-08T13:32:10.890000+00:00,,4.5,Heda Oya,Siyambalanduwa,68824187-f0b6-4a32-8b85-e9114902ecd9,7,6,1527275,0,0.29
2026-10-08T13:32:05.552000+00:00,,2026-10-08T13:32:05.552000+00:00,,4,Ma Oya,Yaka Wewa,91b0a6f4-b4bc-47d0-bc7a-d0d8a39bbab9,6,5,1527274,0,0.41
2026-10-08T13:31:39.597000+00:00,,2026-10-08T13:31:39.597000+00:00,,4,Kirindi Oya,Thanamalwila,6f91c27b-0fc9-4454-b3f8-c7f2b6cdb5cc,5.5,5,1527273,0,0.52
2026-10-08T13:31:29.786000+00:00,,2026-10-08T13:31:29.786000+00:00,,6,Yan Oya,Horowpothana,38bf4d55-ef11-4183-8f56-579abc6390ab,10.5,7.5,1527272,0,1.63
2026-10-08T13:31:15.858000+00:00,,2026-10-08T13:31:15.858000+00:00,,6.9,Kirindi Oya,Kuda Oya,b66587fb-048a-4596-ac60-30f6ef11dd68,8.8,8.4,1527271,0,1.11
2026-10-08T13:30:37.588000+00:00,,2026-10-08T13:30:37.588000+00:00,,,Gal Oya,Ampara,c773c56b-b376-480d-9e1e-7a822d29d1d8,,,1527270,0,0
2026-10-08T12:41:32.864000+00:00,,2026-10-08T12:41:32.864000+00:00,,1.4,Nilwala Ganga,Thalgahagoda,4c9f618a-9411-4957-b5b3-e630da8472e9,2.8,1.7,1527269,4.3,0.86
2026-10-08T12:40:40.959000+00:00,,2026-10-08T12:40:40.959000+00:00,,3.3,Aththanagalu Oya,Dunamale,a56d850c-ffb9-4d83-a808-5e0813d92ceb,5.5,4.4,1527268,3.5,2.12
2026-10-08T12:40:30.551000+00:00,,2026-10-08T12:40:30.551000+00:00,,3.5,Gin Ganga,Baddegama,d136252b-f7a7-4f18-bdf8-254515c8ff6f,5,4,1527267,10,2.05
2026-10-08T12:39:22.971000+00:00,,2026-10-08T12:39:22.971000+00:00,,2.5,Nilwala Ganga,Urawa,fac263e6-1f30-4d76-89da-1790057650b1,6,4,1527266,0,0.43
2026-10-08T12:38:12.210000+00:00,,2026-10-08T12:38:12.210000+00:00,,4,Menik Ganga,Katharagama,82e03da4-d743-468c-9e6f-a984158ac6bc,6.5,4.6,1527265,1.4,-0.26
2026-10-08T12:37:37.572000+00:00,,2026-10-08T12:37:37.572000+00:00,,5.2,Kalu Ganga,Rathnapura,8ded74c8-97a0-46f0-bb74-8b3bf72204ab,9.5,7.5,1527264,3.9,1.45
2026-10-08T12:37:33.211000+00:00,,2026-10-08T12:37:33.211000+00:00,,3,Kelani Ganga,Kithulgala,3b3c8453-e221-4268-924c-a8ebe9f79b92,6,4,1527263,2.6,1.9
2026-10-08T12:37:06.363000+00:00,,2026-10-08T12:37:06.363000+00:00,,4,Kirindi Oya,Thanamalwila,16ab7ef0-a652-42a5-b342-023ec4b94048,5.5,5,1527262,1,0.52
2026-10-08T12:37:01.733000+00:00,,2026-10-08T12:37:01.733000+00:00,,4.84,Mee Oya,Galgamuwa,2a5e43df-1676-48c4-aff3-97bf13ae1bf3,8,5.94,1527261,3.8,-0.05
2026-10-08T12:35:47.611000+00:00,,2026-10-08T12:35:47.611000+00:00,,3,Kelani Ganga,Holombuwa,76bd64b6-f597-4d25-ad83-ba5ed9decf9d,6,4,1527260,13.7,3.2
2026-10-08T12:35:44.494000+00:00,,2026-10-08T12:35:44.494000+00:00,,3,Mahaweli Ganga,Thaldena,ee3625de-35cb-43cf-b4f4-30e0d8df6234,5,4,1527259,20.7,0.75
2026-10-08T12:34:43.609000+00:00,,2026-10-08T12:34:43.609000+00:00,,4.8,Kelani Ganga,Deraniyagala,6b3eaa7b-6bd0-4212-a325-5d64ec4c4865,7,5.8,1527258,5.1,0.71
2026-10-08T12:34:14.503000+00:00,,2026-10-08T12:34:14.503000+00:00,,6.5,Kelani Ganga,Hanwella,25d239c6-4859-4165-81ef-7b6e92d79f88,9.5,7.5,1527257,2.1,2.84
2026-10-08T12:34:02.161000+00:00,,2026-10-08T12:34:02.161000+00:00,,10,Kalu Ganga,Ellagawa,a412fa4e-67f4-426a-ae37-ac79c317230e,12.2,10.7,1527256,0.7,5.5
2026-10-08T12:33:40.952000+00:00,,2026-10-08T12:33:40.952000+00:00,,4.75,Deduru Oya,Moragaswewa,ed00cafb-e8b4-4469-9850-e6000b5500ee,7,6,1527255,2.8,1.09
2026-10-08T12:33:36.344000+00:00,,2026-10-08T12:33:36.344000+00:00,,3.5,Mahaweli Ganga,Nawalapitiya,efabdbc4-f616-4f31-842c-566f6e0bb18f,6,5,1527254,2.8,1.62
2026-10-08T12:33:09.384000+00:00,,2026-10-08T12:33:09.384000+00:00,,3,Mahaweli Ganga,Manampitiya,c0f46f9c-54b7-4941-8269-410871676cbb,6,4.3,1527253,0,-0.22
2026-10-08T12:32:52.704000+00:00,,2026-10-08T12:32:52.704000+00:00,,5,Maha Oya,Badalgama,0c78f75b-ee01-44c4-982f-46899f12c1fc,9.6,6.2,1527252,2.1,2.95
2026-10-08T12:32:44.520000+00:00,,2026-10-08T12:32:44.520000+00:00,,5,Mahaweli Ganga,Peradeniya,5a19872c-cdf7-4b96-96c8-15b58ce10815,9,7,1527251,0,2.66
2026-10-08T12:32:43.327000+00:00,,2026-10-08T12:32:43.327000+00:00,,4,Gin Ganga,Thawalama,f3c7ba6c-b85a-4818-a507-9745b1239866,7.5,6,1527250,0,3.1
2026-10-08T12:32:32.966000+00:00,,2026-10-08T12:32:32.966000+00:00,,5,Malwathu Oya,Thanthirimale,20273543-159d-4a3c-b3a4-98c2f16af71e,7.8,6.8,1527249,1.7,0.78
2026-10-08T12:32:30.936000+00:00,,2026-10-08T12:32:30.936000+00:00,,4.5,Heda Oya,Siyambalanduwa,db620f9e-ee24-4621-a11d-e06e30c7dd8b,7,6,1527248,0,0.3
2026-10-08T12:32:30.510000+00:00,,2026-10-08T12:32:30.510000+00:00,,6.9,Kirindi Oya,Kuda Oya,a8c6ad51-c5a7-4e1b-bf74-dc164817e285,8.8,8.4,1527247,0.6,1.11
2026-10-08T12:32:25.951000+00:00,,2026-10-08T12:32:25.951000+00:00,,15,Kelani Ganga,Glencourse,c6bc9f94-1920-4a40-b3a4-8b22092ac6c1,19,15.5,1527246,3.2,10.8
2026-10-08T12:32:23.532000+00:00,,2026-10-08T12:32:23.532000+00:00,,5.5,Maha Oya,Giriulla,bcc5e713-c163-4639-a2d5-546b4a5ecb3e,7.5,6.5,1527245,14.3,1.69
2026-10-08T12:32:22.317000+00:00,,2026-10-08T12:32:22.317000+00:00,,5,Nilwala Ganga,Panadugama,8e5786fc-c6ec-471f-b016-8bc0a80eff6f,7.5,6,1527244,2,3.72
2026-10-08T12:32:19.629000+00:00,,2026-10-08T12:32:19.629000+00:00,,4,Maduru Oya,Padiyathalawa,32044dda-4e25-470e-81a3-8e287594b82d,6,4.5,1527243,0,0.06
2026-10-08T12:32:18.838000+00:00,,2026-10-08T12:32:18.838000+00:00,,4,Kelani Ganga,Nagalagam Street,e6c09e52-d5ec-43e5-ab70-dd78b1a82448,7,5,1527242,,1.3
2026-10-08T12:32:14.742000+00:00,,2026-10-08T12:32:14.742000+00:00,,3,Walawe Ganga,Moraketiya,5f179935-5fb5-4f4e-a8b0-109242498d44,7,5,1527241,0,0.99
2026-10-08T12:32:12.236000+00:00,,2026-10-08T12:32:12.236000+00:00,,5,Kalu Ganga,Kalawellawa (Millakanda),734076be-2aa8-44c4-8b5b-dac4df9566fc,8,6.5,1527240,3.3,3.98
2026-10-08T12:32:08.847000+00:00,,2026-10-08T12:32:08.847000+00:00,,4,Nilwala Ganga,Pitabeddara,544ec971-f917-46b1-91a0-261c556b09ce,6.5,5,1527239,5.6,1.06
2026-10-08T12:32:00.223000+00:00,,2026-10-08T12:32:00.223000+00:00,,4,Kalu Ganga,Magura,d0e64d6a-09fb-43d5-9950-6327240c87e7,7.5,6,1527238,6.8,2.18
2026-10-08T12:31:52.420000+00:00,,2026-10-08T12:31:52.420000+00:00,,1.5,Kelani Ganga,Norwood,e2219437-a618-4b2c-98b7-45ce19fb8eba,4.5,3,1527237,0,1.24
2026-10-08T12:31:40.930000+00:00,,2026-10-08T12:31:40.930000+00:00,,5,Mahaweli Ganga,Weraganthota,6a51f542-f50c-46d7-8735-e094e9e1dc75,8,6,1527236,0,-3.46
2026-10-08T12:31:35.498000+00:00,,2026-10-08T12:31:35.498000+00:00,,4.4,Kirindi Oya,Wellawaya,aebe3913-22aa-476d-9ed1-ff5f2239872c,5.9,5.4,1527235,0.6,0.83
2026-10-08T12:31:25.711000+00:00,,2026-10-08T12:31:25.711000+00:00,,6,Yan Oya,Horowpothana,69274ab7-7d8a-48e4-be2d-223be4b5462b,10.5,7.5,1527234,0,1.63
2026-10-08T12:31:11.615000+00:00,,2026-10-08T12:31:11.615000+00:00,,4,Ma Oya,Yaka Wewa,0e4cf3ab-fd32-4e56-b8b7-04f1b6007fc9,6,5,1527233,0,0.41
2026-10-08T12:31:06.323000+00:00,,2026-10-08T12:31:06.323000+00:00,,3,Kalu Ganga,Putupaula,44c66409-09ff-4e50-888e-fef22ef4911e,5,4,1527232,3,0.85
2026-10-08T12:30:37.791000+00:00,,2026-10-08T12:30:37.791000+00:00,,,Gal Oya,Ampara,03ad7517-c5d9-4e74-8c24-79f904076052,,,1527231,0,0
2026-10-08T12:30:11.700000+00:00,,2026-10-08T12:30:11.700000+00:00,,5,Kumbukkan Oya,Nakkala,fa1e0e9b-9008-4522-a8bc-75393b080dcc,7.5,6,1527230,0,0.64
2026-10-08T12:05:23.850000+00:00,,2026-10-08T12:05:23.850000+00:00,,5,Malwathu Oya,Thanthirimale,5706d0a8-3f7c-45da-9614-eb6727d4aa2b,7.8,6.8,1527229,1.1,0.78
2026-10-08T11:51:33.327000+00:00,,2026-10-08T11:51:33.327000+00:00,,2.5,Nilwala Ganga,Urawa,ba3c7fed-956d-4efb-8219-a8b096d8ab8b,6,4,1527228,6,0.43
2026-10-08T11:44:21.139000+00:00,,2026-10-08T11:44:21.139000+00:00,,4,Menik Ganga,Katharagama,cc40b072-5975-4cb9-a309-649c0048028e,6.5,4.6,1527227,9.4,-0.26
2026-10-08T11:43:08.298000+00:00,,2026-10-08T11:43:08.298000+00:00,,3.3,Aththanagalu Oya,Dunamale,f4e858d1-f43b-4019-8cc4-2177673bc505,5.5,4.4,1527226,0,2.24
2026-10-08T11:42:17.141000+00:00,,2026-10-08T11:42:17.141000+00:00,,4,Kalu Ganga,Magura,5d4b77ad-e867-4af4-8eda-cbebf5bf8b3b,7.5,6,1527225,3.3,2.13
2026-10-08T11:39:51.163000+00:00,,2026-10-08T11:39:51.163000+00:00,,5,Nilwala Ganga,Panadugama,609771b4-d3bb-4da0-94d7-2806b3ba0f08,7.5,6,1527224,0,3.74
2026-10-08T11:39:23.017000+00:00,,2026-10-08T11:39:23.017000+00:00,,3,Walawe Ganga,Moraketiya,88ea9c61-2df6-43ae-a4af-88eda969eded,7,5,1527223,0.8,0.98
2026-10-08T11:39:06.001000+00:00,,2026-10-08T11:39:06.001000+00:00,,3,Kelani Ganga,Kithulgala,3a752b34-5a3f-45da-9077-9ae57af37fc3,6,4,1527222,14.3,2.1
2026-10-08T11:38:41.400000+00:00,,2026-10-08T11:38:41.400000+00:00,,1.4,Nilwala Ganga,Thalgahagoda,a30f0a7e-addc-46aa-9986-f57982a9d27b,2.8,1.7,1527221,0,0.88
2026-10-08T11:38:29.780000+00:00,,2026-10-08T11:38:29.780000+00:00,,6,Yan Oya,Horowpothana,6d69dc56-f7cd-42b1-ab0f-4ca782941319,10.5,7.5,1527220,0,1.63
2026-10-08T11:36:51.488000+00:00,,2026-10-08T11:36:51.488000+00:00,,4.8,Kelani Ganga,Deraniyagala,5fff96ae-cda0-4c08-88a8-21e594435a0b,7,5.8,1527219,3.4,0.67
2026-10-08T11:36:34.489000+00:00,,2026-10-08T11:36:34.489000+00:00,,4.84,Mee Oya,Galgamuwa,31a70984-4344-4b8d-b306-b827a871ac1e,8,5.94,1527218,0,-0.05
2026-10-08T11:36:30.817000+00:00,,2026-10-08T11:36:30.817000+00:00,,4,Gin Ganga,Thawalama,6724c02e-9d26-486f-a040-b890a1aaa57d,7.5,6,1527217,33.5,2.88
2026-10-08T11:35:52.974000+00:00,,2026-10-08T11:35:52.974000+00:00,,3,Kelani Ganga,Holombuwa,46212770-8ba0-42dd-849e-61e6dbdb26c2,6,4,1527216,38.9,1.2
2026-10-08T11:35:50.491000+00:00,,2026-10-08T11:35:50.491000+00:00,,4.75,Deduru Oya,Moragaswewa,da192bf9-a822-406f-8782-4ab53cb3f42a,7,6,1527215,1.4,1.08
2026-10-08T11:35:45.522000+00:00,,2026-10-08T11:35:45.522000+00:00,,15,Kelani Ganga,Glencourse,7c3d77df-900f-4c0b-8fff-72e0c3bae4a5,19,15.5,1527214,0.8,10.83
2026-10-08T11:35:37.770000+00:00,,2026-10-08T11:35:37.770000+00:00,,5.2,Kalu Ganga,Rathnapura,4cea3471-9b4d-4e2e-bf41-14ed0674168b,9.5,7.5,1527213,3.6,1.43
2026-10-08T11:35:10.438000+00:00,,2026-10-08T11:35:10.438000+00:00,,4,Nilwala Ganga,Pitabeddara,58541eac-78b0-4bfa-8bee-529a1668fdc9,6.5,5,1527212,0,1.04
2026-10-08T11:35:05.908000+00:00,,2026-10-08T11:35:05.908000+00:00,,5.5,Maha Oya,Giriulla,9cf6d82d-3710-40f8-bfc1-a431b3bcb59f,7.5,6.5,1527211,28.3,1.65
2026-10-08T11:34:46.607000+00:00,,2026-10-08T11:34:46.607000+00:00,,3.5,Mahaweli Ganga,Nawalapitiya,7179610e-c634-484b-b367-b7ca6c2f6926,6,5,1527210,16.7,1.55
2026-10-08T11:34:42.762000+00:00,,2026-10-08T11:34:42.762000+00:00,,6.5,Kelani Ganga,Hanwella,ea54af26-773d-425f-9ad0-471963883a9d,9.5,7.5,1527209,0.2,2.9
2026-10-08T11:34:37.270000+00:00,,2026-10-08T11:34:37.270000+00:00,,5,Maha Oya,Badalgama,1e21ed4d-d1b1-4ab2-8092-dbbd18746375,9.6,6.2,1527208,0,3
2026-10-08T11:34:34.725000+00:00,,2026-10-08T11:34:34.725000+00:00,,5,Kalu Ganga,Kalawellawa (Millakanda),34631a69-6b53-448b-858d-574144055d71,8,6.5,1527207,1.3,3.85
2026-10-08T11:34:27.573000+00:00,,2026-10-08T11:34:27.573000+00:00,,4.4,Kirindi Oya,Wellawaya,3b49dadf-d541-4d85-a9ec-082fa71d6874,5.9,5.4,1527206,0,0.83
2026-10-08T11:34:23.180000+00:00,,2026-10-08T11:34:23.180000+00:00,,1.5,Kelani Ganga,Norwood,0512945c-0677-49c1-81b5-82d33136fd08,4.5,3,1527205,0,1.43
2026-10-08T11:33:50.476000+00:00,,2026-10-08T11:33:50.476000+00:00,,10,Kalu Ganga,Ellagawa,af123bc2-4b1b-4ae1-946a-077b6b2c68d0,12.2,10.7,1527204,1.8,5.48
2026-10-08T11:33:48.394000+00:00,,2026-10-08T11:33:48.394000+00:00,,5.5,Maha Oya,Giriulla,fe5c273d-3d83-42cf-a135-0834229a2fe3,7.5,6.5,1527203,0,1.65
2026-10-08T11:33:35.545000+00:00,,2026-10-08T11:33:35.545000+00:00,,6.9,Kirindi Oya,Kuda Oya,f2fe913f-59a3-46ef-a487-d8ffc6fc4e17,8.8,8.4,1527202,0,1.12
2026-10-08T11:33:33.807000+00:00,,2026-10-08T11:33:33.807000+00:00,,4,Kirindi Oya,Thanamalwila,4dcaa37f-a79e-48e2-b643-248dda44e47d,5.5,5,1527201,0,0.52
2026-10-08T11:33:30.097000+00:00,,2026-10-08T11:33:30.097000+00:00,,5,Mahaweli Ganga,Peradeniya,ee3ac9ac-6231-4829-ba0b-41a881317275,9,7,1527200,0.6,2.32
2026-10-08T11:32:34.936000+00:00,,2026-10-08T11:32:34.936000+00:00,,4,Kelani Ganga,Nagalagam Street,1cf319c6-e9e6-4f82-a9bd-731126cd5f88,7,5,1527199,,1.6
2026-10-08T11:32:26.260000+00:00,,2026-10-08T11:32:26.260000+00:00,,3,Mahaweli Ganga,Thaldena,6cf3f0da-7d03-4eda-9ea6-c173f2154297,5,4,1527198,0,0.67
2026-10-08T11:32:25.930000+00:00,,2026-10-08T11:32:25.930000+00:00,,4.5,Heda Oya,Siyambalanduwa,53f2c7de-390c-4673-9aa0-bf79d2041b65,7,6,1527197,0,0.32
2026-10-08T11:32:25.403000+00:00,,2026-10-08T11:32:25.403000+00:00,,3.5,Gin Ganga,Baddegama,6afdfc86-4b62-4de9-b3a6-5174c670a9d5,5,4,1527196,0,2.08
2026-10-08T11:31:59.223000+00:00,,2026-10-08T11:31:59.223000+00:00,,3,Mahaweli Ganga,Manampitiya,3fc61ee4-3269-4632-ba63-e533217481b6,6,4.3,1527195,0,-0.18
2026-10-08T11:31:33.590000+00:00,,2026-10-08T11:31:33.590000+00:00,,4,Maduru Oya,Padiyathalawa,68ffa116-00bb-4363-b36e-3f5378d5e8ee,6,4.5,1527194,0,0.06
2026-10-08T11:31:29.329000+00:00,,2026-10-08T11:31:29.329000+00:00,,5,Mahaweli Ganga,Weraganthota,e2550877-a2af-4f87-a6b7-6cfddaa0048d,8,6,1527193,0,-3.46
2026-10-08T11:31:13.675000+00:00,,2026-10-08T11:31:13.675000+00:00,,4,Ma Oya,Yaka Wewa,398bbbdf-4201-42d8-8d4e-1d6c4a1374c6,6,5,1527192,0,0.41
2026-10-08T11:31:10.727000+00:00,,2026-10-08T11:31:10.727000+00:00,,3,Kalu Ganga,Putupaula,9053e40f-f63d-4789-85de-a8636a04fa98,5,4,1527191,0,0.87
2026-10-08T11:30:59.344000+00:00,,2026-10-08T11:30:59.344000+00:00,,,Gal Oya,Ampara,b9076bd0-7c22-4dc1-9a22-2402e886deaa,,,1527190,0,0
2026-10-08T11:30:43.937000+00:00,,2026-10-08T11:30:43.937000+00:00,,5,Kumbukkan Oya,Nakkala,f593556d-7a91-48e3-b9ba-96ec3a53946a,7.5,6,1527189,0.9,0.64
2026-10-08T10:45:25.474000+00:00,,2026-10-08T10:45:25.474000+00:00,,4.84,Mee Oya,Galgamuwa,fc34f73a-fee9-4d39-be91-325a56fcd845,8,5.94,1527188,0,-0.05
2026-10-08T10:45:24.390000+00:00,,2026-10-08T10:45:24.390000+00:00,,1.4,Nilwala Ganga,Thalgahagoda,c990351a-88c1-4e2a-aa4c-0074c7eda926,2.8,1.7,1527187,0,0.88
2026-10-08T10:44:11.118000+00:00,,2026-10-08T10:44:11.118000+00:00,,4,Kalu Ganga,Magura,57491b90-a14a-4395-90d2-b0c002a037cc,7.5,6,1527186,1.7,2.04
2026-10-08T10:43:47.424000+00:00,,2026-10-08T10:43:47.424000+00:00,,5,Nilwala Ganga,Panadugama,1d264cf3-d371-4e37-afc7-aaf7e86275dd,7.5,6,1527185,1.2,3.79
2026-10-08T10:42:16.465000+00:00,,2026-10-08T10:42:16.465000+00:00,,3.3,Aththanagalu Oya,Dunamale,cad7baae-0df0-4c7f-ba06-09c11231aad6,5.5,4.4,1527184,0,2.34
2026-10-08T10:39:52.483000+00:00,,2026-10-08T10:39:52.483000+00:00,,2.5,Nilwala Ganga,Urawa,faee70e2-c9d3-421f-b756-2f4a7b50e774,6,4,1527183,7.3,0.42
2026-10-08T10:38:32.205000+00:00,,2026-10-08T10:38:32.205000+00:00,,3.5,Gin Ganga,Baddegama,d0c85998-d596-4dd9-92a6-a02a377f0b7f,5,4,1527182,0,2.12
2026-10-08T10:36:42.957000+00:00,,2026-10-08T10:36:42.957000+00:00,,3,Kalu Ganga,Putupaula,7b47cb1b-485a-4327-9bd0-ba885c5eefd2,5,4,1527181,1.9,0.89
2026-10-08T10:36:06.496000+00:00,,2026-10-08T10:36:06.496000+00:00,,5,Maha Oya,Badalgama,45363e4f-dcae-4157-9bce-5e00b253603d,9.6,6.2,1527180,0,3.05
2026-10-08T10:36:00.988000+00:00,,2026-10-08T10:36:00.988000+00:00,,5,Mahaweli Ganga,Peradeniya,af2a7021-9c10-49e2-8639-b27e802c3e66,9,7,1527179,0.4,2.06
2026-10-08T10:36:00.486000+00:00,,2026-10-08T10:36:00.486000+00:00,,3,Kelani Ganga,Kithulgala,41dc558d-1df0-426a-be97-d290cb6d2142,6,4,1527178,11.7,1.75
2026-10-08T10:35:31.020000+00:00,,2026-10-08T10:35:31.020000+00:00,,10,Kalu Ganga,Ellagawa,244121f7-9508-46df-a3cb-59eddbedb617,12.2,10.7,1527177,10.7,5.37
2026-10-08T10:35:18.941000+00:00,,2026-10-08T10:35:18.941000+00:00,,6.5,Kelani Ganga,Hanwella,83aa72d1-2eb7-427c-802f-1e9c754228a9,9.5,7.5,1527176,1,2.96
2026-10-08T10:35:15.516000+00:00,,2026-10-08T10:35:15.516000+00:00,,15,Kelani Ganga,Glencourse,ffb6b378-723e-4b0f-858f-0450d98ea626,19,15.5,1527175,6,10.83
2026-10-08T10:35:01.391000+00:00,,2026-10-08T10:35:01.391000+00:00,,5.2,Kalu Ganga,Rathnapura,ad5ec6e2-65c2-4711-b1ae-8822b7ce99bf,9.5,7.5,1527174,0.3,1.42
2026-10-08T10:34:52.740000+00:00,,2026-10-08T10:34:52.740000+00:00,,4,Gin Ganga,Thawalama,49af2cea-3398-4161-bcee-d1d3d81e1d2b,7.5,6,1527173,2.5,2.61
2026-10-08T10:34:38.264000+00:00,,2026-10-08T10:34:38.264000+00:00,,4.4,Kirindi Oya,Wellawaya,f49a473b-6ee0-4047-acbe-c17e2901e4d0,5.9,5.4,1527172,0,0.83
2026-10-08T10:34:37.858000+00:00,,2026-10-08T10:34:37.858000+00:00,,5,Kalu Ganga,Kalawellawa (Millakanda),384968ef-4e29-4c6c-96bc-71ac0b965633,8,6.5,1527171,2.7,3.73
2026-10-08T10:34:33.777000+00:00,,2026-10-08T10:34:33.777000+00:00,,3.5,Mahaweli Ganga,Nawalapitiya,68e3e104-b972-4a74-907d-085ee204b2da,6,5,1527170,13.1,1.41
2026-10-08T10:34:33.128000+00:00,,2026-10-08T10:34:33.128000+00:00,,5.5,Maha Oya,Giriulla,f9fd6fbf-c476-4821-8f89-8777c22285fd,7.5,6.5,1527169,0,1.67
2026-10-08T10:34:23.350000+00:00,,2026-10-08T10:34:23.350000+00:00,,3,Walawe Ganga,Moraketiya,217d3dda-fc79-4b26-adbd-006b56ab7f02,7,5,1527168,0,0.97
2026-10-08T10:34:03.168000+00:00,,2026-10-08T10:34:03.168000+00:00,,3,Mahaweli Ganga,Thaldena,2cc0193f-2f58-4d4e-8ba6-926757b01676,5,4,1527167,0,0.22
2026-10-08T10:33:57.047000+00:00,,2026-10-08T10:33:57.047000+00:00,,4,Menik Ganga,Katharagama,f5f0e11d-1285-4677-bd2d-d888ec43c4b3,6.5,4.6,1527166,0,-0.26
2026-10-08T10:33:52.097000+00:00,,2026-10-08T10:33:52.097000+00:00,,4,Kelani Ganga,Nagalagam Street,dca5a972-ae2d-4018-8b05-ee94c9cae35f,7,5,1527165,,2
2026-10-08T10:33:20.319000+00:00,,2026-10-08T10:33:20.319000+00:00,,4,Nilwala Ganga,Pitabeddara,22146449-2484-4fd4-9d35-a4249b68df82,6.5,5,1527164,13.3,1.04
2026-10-08T10:33:07.511000+00:00,,2026-10-08T10:33:07.511000+00:00,,3,Kelani Ganga,Holombuwa,108f7f9d-fd2a-4e92-870e-94bc32d0674f,6,4,1527163,9.2,0.96
2026-10-08T10:32:50.825000+00:00,,2026-10-08T10:32:50.825000+00:00,,4.5,Heda Oya,Siyambalanduwa,f830713a-0d4d-47de-a761-e6d7d70eb9e8,7,6,1527162,0,0.33
2026-10-08T10:32:23.560000+00:00,,2026-10-08T10:32:23.560000+00:00,,1.5,Kelani Ganga,Norwood,686b86ff-3bde-4378-aa3a-9ecc0e6f418d,4.5,3,1527161,11,1.08
2026-10-08T10:32:04.131000+00:00,,2026-10-08T10:32:04.131000+00:00,,4.8,Kelani Ganga,Deraniyagala,aa51a67d-21b6-4fb9-a75c-0cd0ffa5544f,7,5.8,1527160,0,0.68
2026-10-08T10:32:01.062000+00:00,,2026-10-08T10:32:01.062000+00:00,,4,Ma Oya,Yaka Wewa,f8af94ab-f85e-404f-915c-5cf95f570360,6,5,1527159,0,0.41
2026-10-08T10:31:52.412000+00:00,,2026-10-08T10:31:52.412000+00:00,,3,Mahaweli Ganga,Manampitiya,a7981ac2-ea74-4531-a3ce-48f7198fa5a7,6,4.3,1527158,0,-0.17
2026-10-08T10:31:45.079000+00:00,,2026-10-08T10:31:45.079000+00:00,,4,Maduru Oya,Padiyathalawa,b16350ca-da2a-47b5-8711-adaca1618560,6,4.5,1527157,0,0.06
2026-10-08T10:31:41.632000+00:00,,2026-10-08T10:31:41.632000+00:00,,5,Kumbukkan Oya,Nakkala,41c6fd6e-0db0-4592-b9ca-d4772f1b938b,7.5,6,1527156,6.2,0.64
2026-10-08T10:31:33.786000+00:00,,2026-10-08T10:31:33.786000+00:00,,4,Kirindi Oya,Thanamalwila,f5dd40f2-1834-4883-9342-aa4928bb520e,5.5,5,1527155,0,0.52
2026-10-08T10:31:30.090000+00:00,,2026-10-08T10:31:30.090000+00:00,,5,Malwathu Oya,Thanthirimale,dbf4354e-db2e-41c3-aae4-fdbab941c11c,7.8,6.8,1527154,5.9,0.78
2026-10-08T10:31:21.959000+00:00,,2026-10-08T10:31:21.959000+00:00,,5,Mahaweli Ganga,Weraganthota,6cb96c2f-f3d3-4e39-946b-15bd0dda55ff,8,6,1527153,0,-3.46
2026-10-08T10:31:11.884000+00:00,,2026-10-08T10:31:11.884000+00:00,,4.75,Deduru Oya,Moragaswewa,8e08e591-59b5-4d8d-addf-cb0d967991bc,7,6,1527152,0.75,1.08
2026-10-08T10:31:07.474000+00:00,,2026-10-08T10:31:07.474000+00:00,,,Gal Oya,Ampara,d214878d-5d83-46b0-85fa-c6e8ce916f64,,,1527151,0,0
2026-10-08T10:30:55.502000+00:00,,2026-10-08T10:30:55.502000+00:00,,6.9,Kirindi Oya,Kuda Oya,2ebfbf4c-d84a-4a3a-98e3-c649f9a75329,8.8,8.4,1527150,0,1.14
2026-10-08T10:30:34.151000+00:00,,2026-10-08T10:30:34.151000+00:00,,6,Yan Oya,Horowpothana,88684c9f-e921-4f18-a8b3-26e1408fa62a,10.5,7.5,1527149,0,1.63
2026-10-08T09:43:41.411000+00:00,,2026-10-08T09:43:41.411000+00:00,,3.5,Gin Ganga,Baddegama,44e26dd2-9b2e-41ce-a775-e7a04bcba837,5,4,1527148,0,2.15
2026-10-08T09:41:49.311000+00:00,,2026-10-08T09:41:49.311000+00:00,,4,Kalu Ganga,Magura,23b50f07-beec-4a2c-bf67-0be0572e786a,7.5,6,1527147,16.6,2.05
2026-10-08T09:40:06.267000+00:00,,2026-10-08T09:40:06.267000+00:00,,4,Nilwala Ganga,Pitabeddara,fb9022f9-753c-4783-ac1e-6b0ee8999aba,6.5,5,1527146,0,1.04
2026-10-08T09:39:04.584000+00:00,,2026-10-08T09:39:04.584000+00:00,,4,Kirindi Oya,Thanamalwila,b158ba48-2ec9-4b34-b01c-be6870e5f069,5.5,5,1527145,0,0.52
2026-10-08T09:38:58.371000+00:00,,2026-10-08T09:38:58.371000+00:00,,6,Yan Oya,Horowpothana,2af6d267-6149-46e5-8555-62af0cf5cd3d,10.5,7.5,1527144,0,1.64
2026-10-08T09:38:30.198000+00:00,,2026-10-08T09:38:30.198000+00:00,,4,Menik Ganga,Katharagama,d0144570-49db-420e-9ae2-e8608b9e8bb9,6.5,4.6,1527143,0,-0.27
2026-10-08T09:38:20.017000+00:00,,2026-10-08T09:38:20.017000+00:00,,3.3,Aththanagalu Oya,Dunamale,3fe7657e-d7fa-4583-ad2c-e0423c4f5f54,5.5,4.4,1527142,0,2.44
2026-10-08T09:38:12.387000+00:00,,2026-10-08T09:38:12.387000+00:00,,1.4,Nilwala Ganga,Thalgahagoda,2c684665-2de7-4059-9036-6fc31be8a650,2.8,1.7,1527141,0,0.86
2026-10-08T09:36:58.105000+00:00,,2026-10-08T09:36:58.105000+00:00,,1.4,Nilwala Ganga,Thalgahagoda,f4dc6062-19e9-4191-84c6-8b1414281e5a,2.8,1.7,1527140,0,0.86
2026-10-08T09:36:56.868000+00:00,,2026-10-08T09:36:56.868000+00:00,,5,Mahaweli Ganga,Peradeniya,3a58f571-60c2-40d9-8cc2-c4aea1f6c05f,9,7,1527139,21.7,1.95
2026-10-08T09:36:09.692000+00:00,,2026-10-08T09:36:09.692000+00:00,,4,Maduru Oya,Padiyathalawa,99508b4d-8cbc-45ea-bc65-2c39aa9d5e5b,6,4.5,1527138,0,0.06
2026-10-08T09:35:49.302000+00:00,,2026-10-08T09:35:49.302000+00:00,,5,Maha Oya,Badalgama,8c6d177a-ddeb-467b-8531-8911f3a869bf,9.6,6.2,1527137,0,3.12
2026-10-08T09:35:42.836000+00:00,,2026-10-08T09:35:42.836000+00:00,,5,Kalu Ganga,Kalawellawa (Millakanda),f8dc99a7-c7bc-4000-a617-b3feca52c402,8,6.5,1527136,59,3.6
2026-10-08T09:35:31.481000+00:00,,2026-10-08T09:35:31.481000+00:00,,3,Walawe Ganga,Moraketiya,63dc8855-86be-4f14-a69e-d3e054961f50,7,5,1527135,0,0.97
2026-10-08T09:34:07.143000+00:00,,2026-10-08T09:34:07.143000+00:00,,5.2,Kalu Ganga,Rathnapura,64f2d68f-ae06-4eff-86e3-0aa9456e1ef2,9.5,7.5,1527134,0.6,1.43
2026-10-08T09:33:57.190000+00:00,,2026-10-08T09:33:57.190000+00:00,,2.5,Nilwala Ganga,Urawa,99f26de1-7e92-4a3e-b3a6-55c87351e47f,6,4,1527133,0,0.41
2026-10-08T09:33:31.784000+00:00,,2026-10-08T09:33:31.784000+00:00,,3.5,Mahaweli Ganga,Nawalapitiya,2b52b974-e3eb-48c3-bdb8-d656d9229735,6,5,1527132,9.7,1.26
2026-10-08T09:33:31.416000+00:00,,2026-10-08T09:33:31.416000+00:00,,4.5,Heda Oya,Siyambalanduwa,40a4111f-0dec-42e1-b583-04c666e53101,7,6,1527131,1.7,0.33
2026-10-08T09:33:29.820000+00:00,,2026-10-08T09:33:29.820000+00:00,,15,Kelani Ganga,Glencourse,2c7c7b10-2c86-4801-a6ce-2c913dfac228,19,15.5,1527130,0,10.88
2026-10-08T09:33:26.606000+00:00,,2026-10-08T09:33:26.606000+00:00,,4.4,Kirindi Oya,Wellawaya,5720c065-26f1-4a60-9438-e9a63b95062c,5.9,5.4,1527129,0.5,0.84
2026-10-08T09:33:11.993000+00:00,,2026-10-08T09:33:11.993000+00:00,,4,Gin Ganga,Thawalama,8ee889c4-ff27-4786-a321-ba6520e90c5f,7.5,6,1527128,3.6,2.33
2026-10-08T09:32:57.447000+00:00,,2026-10-08T09:32:57.447000+00:00,,6.5,Kelani Ganga,Hanwella,f58dd697-14fa-4457-99d1-821575892b46,9.5,7.5,1527127,0,3.06
2026-10-08T09:32:52.279000+00:00,,2026-10-08T09:32:52.279000+00:00,,1.5,Kelani Ganga,Norwood,1d1f90a0-b07b-4e77-a358-fe9cccd80042,4.5,3,1527126,1,0.83
2026-10-08T09:32:32.532000+00:00,,2026-10-08T09:32:32.532000+00:00,,4.84,Mee Oya,Galgamuwa,b7ec0b80-e5af-4959-bac1-8bcfbd3f78ec,8,5.94,1527125,0,-0.05
2026-10-08T09:32:32.453000+00:00,,2026-10-08T09:32:32.453000+00:00,,5.5,Maha Oya,Giriulla,1a7256ea-28f6-413f-a4df-ab4635de9e21,7.5,6.5,1527124,0,1.72
2026-10-08T09:32:24.676000+00:00,,2026-10-08T09:32:24.676000+00:00,,5,Malwathu Oya,Thanthirimale,f96c82d7-0cc1-451c-98af-041328eb7261,7.8,6.8,1527123,0.8,0.78
2026-10-08T09:32:21.666000+00:00,,2026-10-08T09:32:21.666000+00:00,,4,Ma Oya,Yaka Wewa,a9cb7cff-3e03-479d-9018-082c99ee8947,6,5,1527122,0,0.41
2026-10-08T09:32:14.409000+00:00,,2026-10-08T09:32:14.409000+00:00,,3,Kelani Ganga,Kithulgala,98af0f67-c455-4240-834b-8a08a82265b9,6,4,1527121,0,1.9
2026-10-08T09:32:10.816000+00:00,,2026-10-08T09:32:10.816000+00:00,,5,Mahaweli Ganga,Weraganthota,4733d3b5-def7-437e-ad01-9eb52472f8a5,8,6,1527120,0,-3.45
2026-10-08T09:32:07.412000+00:00,,2026-10-08T09:32:07.412000+00:00,,6.9,Kirindi Oya,Kuda Oya,78eb72ee-266b-4e01-91a2-df29325df1b9,8.8,8.4,1527119,0,1.14
2026-10-08T09:32:07.255000+00:00,,2026-10-08T09:32:07.255000+00:00,,10,Kalu Ganga,Ellagawa,04e2e193-915f-4c59-a5d8-60233e1b275b,12.2,10.7,1527118,3.5,5.3
2026-10-08T09:32:06.779000+00:00,,2026-10-08T09:32:06.779000+00:00,,5,Nilwala Ganga,Panadugama,09090340-8ae6-4b16-b7ce-ec9de752daff,7.5,6,1527117,6.2,3.85
2026-10-08T09:31:53.258000+00:00,,2026-10-08T09:31:53.258000+00:00,,3,Mahaweli Ganga,Manampitiya,bb69acbf-e90c-4f00-9d37-a2408841f0a8,6,4.3,1527116,0,-0.16
2026-10-08T09:31:30.162000+00:00,,2026-10-08T09:31:30.162000+00:00,,3,Kelani Ganga,Holombuwa,23e2ce8e-b061-476f-b6cf-8d310a67653b,6,4,1527115,0,0.98
2026-10-08T09:31:23.101000+00:00,,2026-10-08T09:31:23.101000+00:00,,4.8,Kelani Ganga,Deraniyagala,c0853d30-0d75-4c63-9a56-144513c39e40,7,5.8,1527114,0,0.75
2026-10-08T09:31:10.944000+00:00,,2026-10-08T09:31:10.944000+00:00,,3,Mahaweli Ganga,Thaldena,8afe9c78-fd62-4fd6-bbbb-975ff688973b,5,4,1527113,0,0.21
2026-10-08T09:31:05.478000+00:00,,2026-10-08T09:31:05.478000+00:00,,4,Kelani Ganga,Nagalagam Street,33dc24a8-31fe-4cf2-915d-dd4cd507c205,7,5,1527112,0,2.3
2026-10-08T09:30:45.429000+00:00,,2026-10-08T09:30:45.429000+00:00,,,Gal Oya,Ampara,dc144769-6f12-4246-9e03-e7b46f85372d,,,1527111,0,0
2026-10-08T09:30:13.145000+00:00,,2026-10-08T09:30:13.145000+00:00,,5,Kumbukkan Oya,Nakkala,8ea6a690-5c79-49c6-a5e3-1d37d721f4c3,7.5,6,1527110,1.1,0.64
2026-10-08T08:47:10.341000+00:00,,2026-10-08T08:47:10.341000+00:00,,1.4,Nilwala Ganga,Thalgahagoda,18f8864f-4c7d-49cf-8038-0691c71cab03,2.8,1.7,1527109,0,0.88
2026-10-08T08:40:31.141000+00:00,,2026-10-08T08:40:31.141000+00:00,,4,Gin Ganga,Thawalama,ff3418f7-6cd2-402b-8053-4f5e81def024,7.5,6,1527108,57.6,2.18
2026-10-08T08:39:12.837000+00:00,,2026-10-08T08:39:12.837000+00:00,,4,Kalu Ganga,Magura,6f104827-d91e-4a5b-8357-635266454805,7.5,6,1527107,0,2.08
2026-10-08T08:39:11+00:00,,2026-10-08T08:39:11+00:00,,5,Nilwala Ganga,Panadugama,e9b77899-bf44-4b54-ad19-32fa17c9c384,7.5,6,1527106,0,3.9
2026-10-08T08:38:00.554000+00:00,,2026-10-08T08:38:00.554000+00:00,,3,Kelani Ganga,Holombuwa,5d6f3f67-2d31-4d77-ad1b-0247ce492381,6,4,1527105,0,1.01
2026-10-08T08:37:28.599000+00:00,,2026-10-08T08:37:28.599000+00:00,,5.2,Kalu Ganga,Rathnapura,db255b36-3943-4f00-a205-8d39e6f66bf8,9.5,7.5,1527104,0,1.44
2026-10-08T08:36:31.563000+00:00,,2026-10-08T08:36:31.563000+00:00,,3,Kalu Ganga,Putupaula,9e20cac4-3a33-4c2e-bcaa-af538b73b451,5,4,1527103,0,0.97
2026-10-08T08:36:11.716000+00:00,,2026-10-08T08:36:11.716000+00:00,,4,Nilwala Ganga,Pitabeddara,676b13c1-5381-4e3e-a05f-9e15aaa6df33,6.5,5,1527102,0,1.05
2026-10-08T08:36:11.300000+00:00,,2026-10-08T08:36:11.300000+00:00,,4,Menik Ganga,Katharagama,a8eec15d-e0d3-42e0-98a0-c8780a339b0c,6.5,4.6,1527101,0,-0.27
2026-10-08T08:35:31.036000+00:00,,2026-10-08T08:35:31.036000+00:00,,4.84,Mee Oya,Galgamuwa,e1ee9d21-1cd5-4753-a9f0-cefcfa0708c7,8,5.94,1527100,0,-0.05
2026-10-08T08:35:24.908000+00:00,,2026-10-08T08:35:24.908000+00:00,,10,Kalu Ganga,Ellagawa,742c7018-fc14-48d7-8666-351c6efbec1c,12.2,10.7,1527099,11.6,5.29
2026-10-08T08:35:23.748000+00:00,,2026-10-08T08:35:23.748000+00:00,,4.8,Kelani Ganga,Deraniyagala,13a6bb26-5113-4d3f-978f-755877f11ff4,7,5.8,1527098,0,0.73
2026-10-08T08:35:12.826000+00:00,,2026-10-08T08:35:12.826000+00:00,,2.5,Nilwala Ganga,Urawa,d8d501bb-73ae-4f7c-8c92-c32f7d46bfc0,6,4,1527097,0,0.41
2026-10-08T08:35:07.953000+00:00,,2026-10-08T08:35:07.953000+00:00,,3,Mahaweli Ganga,Thaldena,1bbd2e66-481a-40f1-b6dd-87af8c62ae36,5,4,1527096,0,0.2
2026-10-08T08:34:55.443000+00:00,,2026-10-08T08:34:55.443000+00:00,,5,Maha Oya,Badalgama,2f5da4b6-0a4f-40d0-b339-51dbf35edd42,9.6,6.2,1527095,0,3.21
2026-10-08T08:34:45.775000+00:00,,2026-10-08T08:34:45.775000+00:00,,15,Kelani Ganga,Glencourse,17c7f90d-d30f-4603-8829-8a6adb244dad,19,15.5,1527094,0,10.94
2026-10-08T08:33:52.981000+00:00,,2026-10-08T08:33:52.981000+00:00,,4.5,Heda Oya,Siyambalanduwa,5e038ec8-ea3b-4a64-a52d-7410ad470082,7,6,1527093,0.2,0.3
2026-10-08T08:33:52.703000+00:00,,2026-10-08T08:33:52.703000+00:00,,,Gal Oya,Ampara,ce6bacd4-94d9-498e-a21f-e280edae7ff8,,,1527092,1.5,0
2026-10-08T08:33:44.754000+00:00,,2026-10-08T08:33:44.754000+00:00,,5.5,Maha Oya,Giriulla,f7ed3c71-5081-49c3-94fa-7650ca3833f1,7.5,6.5,1527091,0,1.77
2026-10-08T08:33:00.669000+00:00,,2026-10-08T08:33:00.669000+00:00,,3.3,Aththanagalu Oya,Dunamale,c4f2b098-e986-4996-b60f-a015e2eef48e,5.5,4.4,1527090,0,2.59
2026-10-08T08:32:52.024000+00:00,,2026-10-08T08:32:52.024000+00:00,,6.5,Kelani Ganga,Hanwella,7d5cf0c2-fced-4e40-86a2-a5120c1242f4,9.5,7.5,1527089,0,3.13
2026-10-08T08:32:46.556000+00:00,,2026-10-08T08:32:46.556000+00:00,,4,Kelani Ganga,Nagalagam Street,8b7d6f3e-404d-43b2-ad77-68591714c820,7,5,1527088,0,2.55
2026-10-08T08:32:44.419000+00:00,,2026-10-08T08:32:44.419000+00:00,,5,Kumbukkan Oya,Nakkala,07da7389-2de0-4152-9e32-fcd485de6a87,7.5,6,1527087,0,0.64
2026-10-08T08:32:38.209000+00:00,,2026-10-08T08:32:38.209000+00:00,,6.9,Kirindi Oya,Kuda Oya,b0fc83fd-0c64-41af-856b-fcb05e6a5f43,8.8,8.4,1527086,0,1.14
2026-10-08T08:32:35.396000+00:00,,2026-10-08T08:32:35.396000+00:00,,3,Kelani Ganga,Kithulgala,646b2ee1-cd1a-486e-b0e9-ec71928f22a1,6,4,1527085,0,1.78
2026-10-08T08:32:33.046000+00:00,,2026-10-08T08:32:33.046000+00:00,,1.5,Kelani Ganga,Norwood,6f5b71aa-525b-4f0f-aac0-123bc4e670fc,4.5,3,1527084,0,0.84
2026-10-08T08:32:31.358000+00:00,,2026-10-08T08:32:31.358000+00:00,,3,Walawe Ganga,Moraketiya,9582ebfb-84ea-4078-a0b0-5d4c5f2290bf,7,5,1527083,0,0.98
2026-10-08T08:32:30.061000+00:00,,2026-10-08T08:32:30.061000+00:00,,5,Kalu Ganga,Kalawellawa (Millakanda),5cba974a-87e0-4c18-b484-8f1a9174c30c,8,6.5,1527082,0,3.5
2026-10-08T08:32:04.039000+00:00,,2026-10-08T08:32:04.039000+00:00,,3,Mahaweli Ganga,Manampitiya,255cf23f-3bda-40f0-b3f6-6107a82d18a0,6,4.3,1527081,0,-0.14
2026-10-08T08:31:41.298000+00:00,,2026-10-08T08:31:41.298000+00:00,,4,Kirindi Oya,Thanamalwila,bc6e5025-8672-49fb-baab-ea2ac73984db,5.5,5,1527080,0,0.52
2026-10-08T08:31:27.477000+00:00,,2026-10-08T08:31:27.477000+00:00,,4.75,Deduru Oya,Moragaswewa,ccf7e7b1-3095-4e73-b501-3002bf4f7401,7,6,1527079,0,1.06
2026-10-08T08:31:27.166000+00:00,,2026-10-08T08:31:27.166000+00:00,,5,Mahaweli Ganga,Peradeniya,e4d9d28c-0772-4eda-afe6-4c3e6f7f06c9,9,7,1527078,0,1.9
2026-10-08T08:31:24.739000+00:00,,2026-10-08T08:31:24.739000+00:00,,4.4,Kirindi Oya,Wellawaya,c8b91dc7-d635-42f7-9981-24f5f155ce9a,5.9,5.4,1527077,0,0.84
2026-10-08T08:31:24.425000+00:00,,2026-10-08T08:31:24.425000+00:00,,4,Maduru Oya,Padiyathalawa,63c77425-8902-4c5d-908a-56ca8add741d,6,4.5,1527076,0,0.06
2026-10-08T08:31:19.414000+00:00,,2026-10-08T08:31:19.414000+00:00,,3.5,Mahaweli Ganga,Nawalapitiya,49d424c9-76da-4e8a-b41f-1867f19af62a,6,5,1527075,2.1,1.25
2026-10-08T08:31:08.786000+00:00,,2026-10-08T08:31:08.786000+00:00,,5,Mahaweli Ganga,Weraganthota,f0563b9b-4862-4885-9c52-10fcb28c7ac2,8,6,1527074,0,-3.44
2026-10-08T08:30:46.236000+00:00,,2026-10-08T08:30:46.236000+00:00,,5,Malwathu Oya,Thanthirimale,d22862ed-fef3-470d-ad9c-16ba17068cf0,7.8,6.8,1527073,12,0.78
2026-10-08T08:30:35.488000+00:00,,2026-10-08T08:30:35.488000+00:00,,4,Ma Oya,Yaka Wewa,534c5502-dea2-4f05-b9f6-5d56627bb581,6,5,1527072,0,0.41
2026-10-08T08:30:04.856000+00:00,,2026-10-08T08:30:04.856000+00:00,,6,Yan Oya,Horowpothana,b4ae04b8-caa3-4c0d-9923-e44b6f0f3f4a,10.5,7.5,1527071,0,1.64
2026-10-08T07:46:50.236000+00:00,,2026-10-08T07:46:50.236000+00:00,,3.5,Gin Ganga,Baddegama,f8de7e5b-d736-4d2b-9c24-0bed60e7233f,5,4,1527070,0,2.15
2026-10-08T07:43:15.907000+00:00,,2026-10-08T07:43:15.907000+00:00,,3,Kelani Ganga,Holombuwa,9fa548a0-f78e-4753-84b1-036ab77c9837,6,4,1527069,0,1.03
2026-10-08T07:42:40.759000+00:00,,2026-10-08T07:42:40.759000+00:00,,4,Gin Ganga,Thawalama,4c08b082-77b6-46a6-8eae-5b61ce061bcf,7.5,6,1527068,0,1.96
2026-10-08T07:42:07.208000+00:00,,2026-10-08T07:42:07.208000+00:00,,1.4,Nilwala Ganga,Thalgahagoda,9ca8f1bb-c28a-4292-8ab3-55b66d2fda9f,2.8,1.7,1527067,0,0.88
2026-10-08T07:41:16.057000+00:00,,2026-10-08T07:41:16.057000+00:00,,2.5,Nilwala Ganga,Urawa,e511a689-7d14-457f-ae00-ec67f08c7216,6,4,1527066,0,0.43
2026-10-08T07:39:55.841000+00:00,,2026-10-08T07:39:55.841000+00:00,,3.3,Aththanagalu Oya,Dunamale,ec3842b5-5fe7-46c2-ae87-71ec02177070,5.5,4.4,1527065,0,2.69
2026-10-08T07:39:39.788000+00:00,,2026-10-08T07:39:39.788000+00:00,,5,Nilwala Ganga,Panadugama,fc585144-11cc-4030-aed0-0738e5d05344,7.5,6,1527064,0,3.93
2026-10-08T07:39:16.117000+00:00,,2026-10-08T07:39:16.117000+00:00,,6,Yan Oya,Horowpothana,a36ca832-cfbe-4fbe-9fb7-77449de582c8,10.5,7.5,1527063,0,1.64
2026-10-08T07:37:59.946000+00:00,,2026-10-08T07:37:59.946000+00:00,,4.84,Mee Oya,Galgamuwa,53abb58e-36d5-40ee-8e05-28a163ecb32b,8,5.94,1527062,0,-0.05
2026-10-08T07:37:54.691000+00:00,,2026-10-08T07:37:54.691000+00:00,,3,Mahaweli Ganga,Manampitiya,eae4c3c2-0042-4232-ad59-677b1d424e8c,6,4.3,1527061,15.6,-0.13
2026-10-08T07:37:54.432000+00:00,,2026-10-08T07:37:54.432000+00:00,,4.8,Kelani Ganga,Deraniyagala,922fea02-7f1a-41bc-b76b-4fe4f876293b,7,5.8,1527060,0,0.68
2026-10-08T07:37:50.883000+00:00,,2026-10-08T07:37:50.883000+00:00,,4,Kalu Ganga,Magura,7c3776c1-0a71-46d9-ac35-f80bcdf20ecf,7.5,6,1527059,0,2.12
2026-10-08T07:37:47.228000+00:00,,2026-10-08T07:37:47.228000+00:00,,4,Maduru Oya,Padiyathalawa,cdaf70b4-6e7c-43e8-937c-c6b25c62302e,6,4.5,1527058,0,0.06
2026-10-08T07:36:40.962000+00:00,,2026-10-08T07:36:40.962000+00:00,,5,Maha Oya,Badalgama,1b4182c0-fe27-4a4c-aaf9-122d9f23d8c3,9.6,6.2,1527057,0,3.3
2026-10-08T07:36:04.657000+00:00,,2026-10-08T07:36:04.657000+00:00,,3,Walawe Ganga,Moraketiya,f36d6e8d-aff3-466d-8bc8-304fca49369b,7,5,1527056,0,0.98
2026-10-08T07:35:32.087000+00:00,,2026-10-08T07:35:32.087000+00:00,,3,Kalu Ganga,Putupaula,4b440d1e-b7c5-41e6-bff1-6747fd714924,5,4,1527055,0,0.93
2026-10-08T07:34:42.398000+00:00,,2026-10-08T07:34:42.398000+00:00,,10,Kalu Ganga,Ellagawa,45b14e1e-69b2-4435-81b9-235597ec2342,12.2,10.7,1527054,0,5.3
2026-10-08T07:33:43.772000+00:00,,2026-10-08T07:33:43.772000+00:00,,3,Kelani Ganga,Holombuwa,fc9df71a-6c98-4489-b2c5-24aa93eb3b73,6,4,1527053,0,1.03
2026-10-08T07:33:42.732000+00:00,,2026-10-08T07:33:42.732000+00:00,,5,Kalu Ganga,Kalawellawa (Millakanda),537f1097-d2dd-44a9-9a0d-16ab932b3778,8,6.5,1527052,0,3.56
2026-10-08T07:33:14.929000+00:00,,2026-10-08T07:33:14.929000+00:00,,6.9,Kirindi Oya,Kuda Oya,6a21bb93-2379-4bb5-8aa9-a9a023d93ecf,8.8,8.4,1527051,0,1.14
2026-10-08T07:33:13.733000+00:00,,2026-10-08T07:33:13.733000+00:00,,15,Kelani Ganga,Glencourse,7adb16fa-f2e6-44c3-acf2-45b1b7f7ac5e,19,15.5,1527050,0,11.02
2026-10-08T07:33:11.845000+00:00,,2026-10-08T07:33:11.845000+00:00,,6.5,Kelani Ganga,Hanwella,4f151bad-f686-479e-af64-0c2c8a44cd8d,9.5,7.5,1527049,0,3.19
2026-10-08T07:33:05.492000+00:00,,2026-10-08T07:33:05.492000+00:00,,5.5,Maha Oya,Giriulla,4bed3345-cb5a-442f-84f4-5400ba860f73,7.5,6.5,1527048,0,1.85
2026-10-08T07:32:59.743000+00:00,,2026-10-08T07:32:59.743000+00:00,,5,Mahaweli Ganga,Peradeniya,b0e78626-33ea-4951-8bde-53cf2832de71,9,7,1527047,0,1.98
2026-10-08T07:32:43.865000+00:00,,2026-10-08T07:32:43.865000+00:00,,4.5,Heda Oya,Siyambalanduwa,2543323b-7746-41ff-8471-87827b4961ad,7,6,1527046,0,0.28
2026-10-08T07:32:36.522000+00:00,,2026-10-08T07:32:36.522000+00:00,,1.5,Kelani Ganga,Norwood,d057681f-a622-4225-9865-cfd81d57870f,4.5,3,1527045,9.2,0.82
2026-10-08T07:32:24.840000+00:00,,2026-10-08T07:32:24.840000+00:00,,4,Menik Ganga,Katharagama,a0f20881-1a1b-4f54-994e-781922cdc9a0,6.5,4.6,1527044,0,-0.27
2026-10-08T07:32:16.629000+00:00,,2026-10-08T07:32:16.629000+00:00,,3.5,Gin Ganga,Baddegama,e716cce2-3296-4015-a52d-98b61791f5e6,5,4,1527043,0,2.15
2026-10-08T07:32:03.792000+00:00,,2026-10-08T07:32:03.792000+00:00,,3,Kelani Ganga,Kithulgala,d1606d0d-0af4-4a3d-b9ea-f55a9664e93e,6,4,1527042,0,1.73
2026-10-08T07:31:58.556000+00:00,,2026-10-08T07:31:58.556000+00:00,,4,Kirindi Oya,Thanamalwila,1cadaa3b-ba65-4ad0-a708-10c83f2069fb,5.5,5,1527041,0,0.52
2026-10-08T07:31:55.366000+00:00,,2026-10-08T07:31:55.366000+00:00,,4,Ma Oya,Yaka Wewa,7fc76faa-a002-44bc-8148-8f087cbd931b,6,5,1527040,0,0.41
2026-10-08T07:31:37.157000+00:00,,2026-10-08T07:31:37.157000+00:00,,5,Malwathu Oya,Thanthirimale,1039aa06-f06e-406e-94a8-97d37e40ea3a,7.8,6.8,1527039,1.7,0.78
2026-10-08T07:31:31.074000+00:00,,2026-10-08T07:31:31.074000+00:00,,4.4,Kirindi Oya,Wellawaya,3889078c-56e4-4955-9069-f1d651232e04,5.9,5.4,1527038,0,0.84
2026-10-08T07:31:25.770000+00:00,,2026-10-08T07:31:25.770000+00:00,,,Gal Oya,Ampara,46bf9a0a-67c2-4c97-8de0-8c3ef839977b,,,1527037,0,0
2026-10-08T07:31:24.816000+00:00,,2026-10-08T07:31:24.816000+00:00,,4.75,Deduru Oya,Moragaswewa,366f1f54-dc6b-4a11-a2d4-5eed11986a52,7,6,1527036,0,1.06
2026-10-08T07:31:20.419000+00:00,,2026-10-08T07:31:20.419000+00:00,,3,Mahaweli Ganga,Thaldena,5efe9826-632e-4936-922a-37bb3a941dd6,5,4,1527035,0,0.18
2026-10-08T07:31:10.535000+00:00,,2026-10-08T07:31:10.535000+00:00,,3.5,Mahaweli Ganga,Nawalapitiya,207e79dd-8290-4b6a-bab1-a281711806f5,6,5,1527034,0,1.25
2026-10-08T07:31:04.797000+00:00,,2026-10-08T07:31:04.797000+00:00,,1.5,Kelani Ganga,Norwood,08c2f2d7-4db4-4897-bd29-9a6dfe41e368,4.5,3,1527033,9.2,0.82
2026-10-08T07:31:01.205000+00:00,,2026-10-08T07:31:01.205000+00:00,,4,Nilwala Ganga,Pitabeddara,22343337-6784-440c-bb76-c3b4ccea0a7c,6.5,5,1527032,0,1.05
2026-10-08T07:30:57.741000+00:00,,2026-10-08T07:30:57.741000+00:00,,5.2,Kalu Ganga,Rathnapura,b7648229-18cb-426f-8108-281da0fb9c94,9.5,7.5,1527031,0.8,1.45
2026-10-08T07:30:49.240000+00:00,,2026-10-08T07:30:49.240000+00:00,,5,Mahaweli Ganga,Weraganthota,cce8db34-f518-425e-827c-9b31de72944a,8,6,1527030,0,-3.43
2026-10-08T07:30:19.409000+00:00,,2026-10-08T07:30:19.409000+00:00,,4,Kelani Ganga,Nagalagam Street,ceb5c93d-0536-45ca-81f7-757574c9d181,7,5,1527029,0,2.6
2026-10-08T07:30:16.911000+00:00,,2026-10-08T07:30:16.911000+00:00,,5,Kumbukkan Oya,Nakkala,9116c0c2-f6aa-4f9a-babe-7f457799eb6c,7.5,6,1527028,0,0.65
2026-10-08T06:52:48.600000+00:00,,2026-10-08T06:52:48.600000+00:00,,6,Yan Oya,Horowpothana,4e357f67-1374-425c-842a-3afa1b7b475b,10.5,7.5,1527027,0,1.64
2026-10-08T06:49:24.220000+00:00,,2026-10-08T06:49:24.220000+00:00,,4,Nilwala Ganga,Pitabeddara,8d54958b-41f3-45aa-a8e7-32e60ae6fbca,6.5,5,1527026,0,0.45
2026-10-08T06:39:53.800000+00:00,,2026-10-08T06:39:53.800000+00:00,,4.8,Kelani Ganga,Deraniyagala,2924f1be-a641-4bc0-bfa5-c9ecd090080e,7,5.8,1527025,0,0.72
2026-10-08T06:38:21.705000+00:00,,2026-10-08T06:38:21.705000+00:00,,5,Mahaweli Ganga,Peradeniya,cc760d2b-e13e-4a3e-9ebc-86289f06b6ae,9,7,1527024,0,2.16
2026-10-08T06:38:20.062000+00:00,,2026-10-08T06:38:20.062000+00:00,,5,Maha Oya,Badalgama,7b73ff4f-8ed1-4022-9feb-00b33bfefb8d,9.6,6.2,1527023,0,3.41
2026-10-08T06:37:00.550000+00:00,,2026-10-08T06:37:00.550000+00:00,,4,Kalu Ganga,Magura,cc1e02fd-09c6-4cd0-ae74-b531f4a8e326,7.5,6,1527022,0,2.21
2026-10-08T06:36:40.519000+00:00,,2026-10-08T06:36:40.519000+00:00,,1.5,Kelani Ganga,Norwood,2be1f9bf-b24b-4099-989e-c8145afed247,4.5,3,1527021,0,0.82
2026-10-08T06:36:38.533000+00:00,,2026-10-08T06:36:38.533000+00:00,,15,Kelani Ganga,Glencourse,a475e23e-d3fe-4c58-a4ed-4ff56ae56b97,19,15.5,1527020,0,11.11
2026-10-08T06:35:40.524000+00:00,,2026-10-08T06:35:40.524000+00:00,,2.5,Nilwala Ganga,Urawa,23d6fe21-1fd7-4dcb-bfc6-84a65536e127,6,4,1527019,0,0.45
2026-10-08T06:35:27.924000+00:00,,2026-10-08T06:35:27.924000+00:00,,1.4,Nilwala Ganga,Thalgahagoda,16e81cc9-5213-4772-b6af-57989924db2f,2.8,1.7,1527018,0,0.88
2026-10-08T06:35:14.848000+00:00,,2026-10-08T06:35:14.848000+00:00,,4,Kirindi Oya,Thanamalwila,16c1500f-1209-4ec4-9578-32f572a1dd9e,5.5,5,1527017,0,0.54
2026-10-08T06:34:55.158000+00:00,,2026-10-08T06:34:55.158000+00:00,,3,Kalu Ganga,Putupaula,143e7e7a-86bd-454e-b407-c884b11da18f,5,4,1527016,0,0.87
2026-10-08T06:34:21.557000+00:00,,2026-10-08T06:34:21.557000+00:00,,3,Kelani Ganga,Holombuwa,b43fece8-43b8-4d19-9913-6ef481cc4de9,6,4,1527015,0,1.05
2026-10-08T06:34:06.169000+00:00,,2026-10-08T06:34:06.169000+00:00,,3,Mahaweli Ganga,Thaldena,1ac86c57-1c8a-4515-b929-51746d2b4bb6,5,4,1527014,0,0.2
2026-10-08T06:34:01.397000+00:00,,2026-10-08T06:34:01.397000+00:00,,4,Menik Ganga,Katharagama,28d46ea1-fcc4-4d46-a93c-9fe16878f081,6.5,4.6,1527013,0,-0.27
2026-10-08T06:33:40.639000+00:00,,2026-10-08T06:33:40.639000+00:00,,4.75,Deduru Oya,Moragaswewa,4779540c-81b4-4d4d-a596-6a8f8d5f17ef,7,6,1527012,0,1.05
2026-10-08T06:33:30.341000+00:00,,2026-10-08T06:33:30.341000+00:00,,5,Kalu Ganga,Kalawellawa (Millakanda),1ed1ca85-b850-43d7-8b39-2545c9d4b87c,8,6.5,1527011,0,3.61
2026-10-08T06:33:28.843000+00:00,,2026-10-08T06:33:28.843000+00:00,,10,Kalu Ganga,Ellagawa,8f45d2de-d706-4802-b1b3-d53be282aab2,12.2,10.7,1527010,0,5.36
2026-10-08T06:33:27.826000+00:00,,2026-10-08T06:33:27.826000+00:00,,3.3,Aththanagalu Oya,Dunamale,deec3a7f-3392-492d-b233-3120752e72fa,5.5,4.4,1527009,0,2.81
2026-10-08T06:33:22.530000+00:00,,2026-10-08T06:33:22.530000+00:00,,5.5,Maha Oya,Giriulla,9f2ddd10-1519-4e09-b439-f3d82db90298,7.5,6.5,1527008,0,1.94
2026-10-08T06:33:05.416000+00:00,,2026-10-08T06:33:05.416000+00:00,,4.84,Mee Oya,Galgamuwa,97c20374-8727-4f90-beac-789b85323e99,8,5.94,1527007,0,-0.04
2026-10-08T06:33:00.258000+00:00,,2026-10-08T06:33:00.258000+00:00,,4.5,Heda Oya,Siyambalanduwa,1d1c5c62-9bb9-4ef1-ab71-6bd71826c943,7,6,1527006,0,0.27
2026-10-08T06:32:55.111000+00:00,,2026-10-08T06:32:55.111000+00:00,,6.5,Kelani Ganga,Hanwella,7ebe4ab9-6b94-47a8-b345-51bd329587a3,9.5,7.5,1527005,0,3.25
2026-10-08T06:32:53.185000+00:00,,2026-10-08T06:32:53.185000+00:00,,4,Maduru Oya,Padiyathalawa,956073c2-97fd-4c11-b42e-d8f8da93d4cf,6,4.5,1527004,0,0.07
2026-10-08T06:32:48.871000+00:00,,2026-10-08T06:32:48.871000+00:00,,3,Kelani Ganga,Kithulgala,5bd2e619-6083-4601-9956-226c5034d2f2,6,4,1527003,0,1.78
2026-10-08T06:32:34.032000+00:00,,2026-10-08T06:32:34.032000+00:00,,4.4,Kirindi Oya,Wellawaya,f0354b00-15fa-4bf5-b0f1-d14153371929,5.9,5.4,1527002,0,0.84
2026-10-08T06:32:33.861000+00:00,,2026-10-08T06:32:33.861000+00:00,,3.5,Mahaweli Ganga,Nawalapitiya,d3236329-2ee7-47cf-9558-a980588d1a9e,6,5,1527001,0,1.25
2026-10-08T06:32:28.832000+00:00,,2026-10-08T06:32:28.832000+00:00,,3,Walawe Ganga,Moraketiya,9fc3b2e3-0887-4645-877c-1f115302c4e7,7,5,1527000,0,0.99
2026-10-08T06:32:14.587000+00:00,,2026-10-08T06:32:14.587000+00:00,,5,Mahaweli Ganga,Weraganthota,162871cd-345a-44ca-8317-25b1153dcad8,8,6,1526999,0,-3.42
2026-10-08T06:31:55.948000+00:00,,2026-10-08T06:31:55.948000+00:00,,4,Gin Ganga,Thawalama,7536c477-af59-4e8a-a2a8-875bf56889bb,7.5,6,1526998,0,1.98
2026-10-08T06:31:43.561000+00:00,,2026-10-08T06:31:43.561000+00:00,,3.5,Gin Ganga,Baddegama,6d2f2c54-8e34-4ab8-973d-34f4e80dde9e,5,4,1526997,0,2.17
2026-10-08T06:31:39.739000+00:00,,2026-10-08T06:31:39.739000+00:00,,3,Mahaweli Ganga,Manampitiya,013d87f1-5e53-4c7a-a3d1-6710a624378b,6,4.3,1526996,0,-0.14
2026-10-08T06:31:25.781000+00:00,,2026-10-08T06:31:25.781000+00:00,,5,Nilwala Ganga,Panadugama,945896d4-b88a-4ee8-8c2c-0e36c8b1cb65,7.5,6,1526995,0,3.96
2026-10-08T06:31:23.853000+00:00,,2026-10-08T06:31:23.853000+00:00,,5.2,Kalu Ganga,Rathnapura,931a17ce-b8ff-45dc-a3a0-c81b0e9198c5,9.5,7.5,1526994,0,1.46
2026-10-08T06:31:23.437000+00:00,,2026-10-08T06:31:23.437000+00:00,,,Gal Oya,Ampara,e818f63a-c057-4fa0-a099-4c7a9c3f7b36,,,1526993,0,0
2026-10-08T06:31:10.608000+00:00,,2026-10-08T06:31:10.608000+00:00,,5,Malwathu Oya,Thanthirimale,bb675e7d-4583-4d84-adda-98d05f838616,7.8,6.8,1526992,0,0.78
2026-10-08T06:31:10.002000+00:00,,2026-10-08T06:31:10.002000+00:00,,6.9,Kirindi Oya,Kuda Oya,3a4f69f0-ac22-4d1f-a088-0852043d22ea,8.8,8.4,1526991,0,1.15
2026-10-08T06:30:46.410000+00:00,,2026-10-08T06:30:46.410000+00:00,,4,Ma Oya,Yaka Wewa,2eddaf30-09f8-481f-b5b1-22bfb8c6f579,6,5,1526990,2.1,0.41
2026-10-08T06:30:39.956000+00:00,,2026-10-08T06:30:39.956000+00:00,,5,Kumbukkan Oya,Nakkala,d872e586-d1d2-4cb9-9dc0-ccadfde8a198,7.5,6,1526989,0.5,0.65
2026-10-08T06:30:35.385000+00:00,,2026-10-08T06:30:35.385000+00:00,,4,Kelani Ganga,Nagalagam Street,ce9e0f4a-8f98-4ad3-b4b4-cea3532c8de8,7,5,1526988,0,2.55
2026-10-08T05:41:17.294000+00:00,,2026-10-08T05:41:17.294000+00:00,,2.5,Nilwala Ganga,Urawa,aec16385-4a7c-4f50-aa1d-38e0256dc702,6,4,1526987,0,0.46
2026-10-08T05:39:47.700000+00:00,,2026-10-08T05:39:47.700000+00:00,,3,Kalu Ganga,Putupaula,1e6f8677-fa1f-4bf3-8414-f8ad33126886,5,4,1526986,0,0.8
2026-10-08T05:38:44.424000+00:00,,2026-10-08T05:38:44.424000+00:00,,4,Nilwala Ganga,Pitabeddara,6b6620cc-7d73-4945-bc70-dbf7f7dd5ce2,6.5,5,1526985,0,1.06
2026-10-08T05:38:35.877000+00:00,,2026-10-08T05:38:35.877000+00:00,,4.8,Kelani Ganga,Deraniyagala,0b13ca0e-fee9-4de4-91f7-9768e9205d19,7,5.8,1526984,0,0.75
2026-10-08T05:37:53.522000+00:00,,2026-10-08T05:37:53.522000+00:00,,3.3,Aththanagalu Oya,Dunamale,a7277b46-39c1-4b5b-9018-4f0de1964d5c,5.5,4.4,1526983,0,2.87
2026-10-08T05:37:24.308000+00:00,,2026-10-08T05:37:24.308000+00:00,,5,Nilwala Ganga,Panadugama,b6c35531-c688-4554-9792-305f69fe079c,7.5,6,1526982,0,4
2026-10-08T05:36:47.060000+00:00,,2026-10-08T05:36:47.060000+00:00,,5.5,Maha Oya,Giriulla,5941ff10-439c-4604-8c45-65fb56ac96d8,7.5,6.5,1526981,0,2.03
2026-10-08T05:36:26.554000+00:00,,2026-10-08T05:36:26.554000+00:00,,4.84,Mee Oya,Galgamuwa,e888c7e5-41f1-4e61-9153-c09e4916a76c,8,5.94,1526980,0,-0.04
2026-10-08T05:36:08.612000+00:00,,2026-10-08T05:36:08.612000+00:00,,4,Kalu Ganga,Magura,b98e6c76-cfd9-4bc5-a1f3-27fc8e09c6d1,7.5,6,1526979,0,2.37
2026-10-08T05:35:35.726000+00:00,,2026-10-08T05:35:35.726000+00:00,,4,Gin Ganga,Thawalama,76b4e940-18a8-49b7-bddb-f681acb47f93,7.5,6,1526978,0,2
2026-10-08T05:35:35.721000+00:00,,2026-10-08T05:35:35.721000+00:00,,5,Mahaweli Ganga,Weraganthota,17b76850-2fbe-4461-9ee5-fd5261cba82c,8,6,1526977,0,-3.4
2026-10-08T05:34:58.609000+00:00,,2026-10-08T05:34:58.609000+00:00,,3,Walawe Ganga,Moraketiya,26004c76-acbb-4e28-af51-5727ee7f8a95,7,5,1526976,0,0.99
2026-10-08T05:34:58.566000+00:00,,2026-10-08T05:34:58.566000+00:00,,15,Kelani Ganga,Glencourse,82f01683-3e63-44a4-a62f-2d26bc185764,19,15.5,1526975,0,11.18
2026-10-08T05:34:20.936000+00:00,,2026-10-08T05:34:20.936000+00:00,,5,Maha Oya,Badalgama,25a11a4b-000f-4429-ac8d-3ee916ea9f8d,9.6,6.2,1526974,0,3.52
2026-10-08T05:33:54.871000+00:00,,2026-10-08T05:33:54.871000+00:00,,4,Menik Ganga,Katharagama,6d9371bc-f4e2-4fda-a36a-5c7cb77d1f2b,6.5,4.6,1526973,0,-0.27
2026-10-08T05:33:06.231000+00:00,,2026-10-08T05:33:06.231000+00:00,,3.5,Gin Ganga,Baddegama,b429601c-1b94-49d9-aad6-b11467553cfe,5,4,1526972,0,2.2
2026-10-08T05:32:48.865000+00:00,,2026-10-08T05:32:48.865000+00:00,,3,Kelani Ganga,Holombuwa,69c4a69b-55c4-43bf-8006-a754ef2c3c89,6,4,1526971,0,1.07
2026-10-08T05:32:48.780000+00:00,,2026-10-08T05:32:48.780000+00:00,,5,Kalu Ganga,Kalawellawa (Millakanda),86102808-fcf8-4271-a44c-1dfeba53f9aa,8,6.5,1526970,0,3.66
2026-10-08T05:32:48.098000+00:00,,2026-10-08T05:32:48.098000+00:00,,5,Mahaweli Ganga,Peradeniya,1ffbc6e4-bf38-47dc-a168-3d1cc0e33009,9,7,1526969,0,2.52
2026-10-08T05:32:42.716000+00:00,,2026-10-08T05:32:42.716000+00:00,,4.75,Deduru Oya,Moragaswewa,8d9849a9-b789-4dba-ad8a-f748c5c00179,7,6,1526968,0,1.04
2026-10-08T05:32:41.940000+00:00,,2026-10-08T05:32:41.940000+00:00,,10,Kalu Ganga,Ellagawa,5dc4ea81-e2cc-465d-9222-102cca6ae456,12.2,10.7,1526967,0,5.4
2026-10-08T05:32:39.286000+00:00,,2026-10-08T05:32:39.286000+00:00,,3,Mahaweli Ganga,Manampitiya,55b763ae-f359-4451-888a-0312f26e35a6,6,4.3,1526966,0,-0.14
2026-10-08T05:32:35.656000+00:00,,2026-10-08T05:32:35.656000+00:00,,1.5,Kelani Ganga,Norwood,3511147f-ba28-44fa-baba-df74c0b0b0c3,4.5,3,1526964,0,0.82
2026-10-08T05:32:35.636000+00:00,,2026-10-08T05:32:35.636000+00:00,,6.5,Kelani Ganga,Hanwella,57401ece-eaf4-4f0d-a269-8a07c5b58b6f,9.5,7.5,1526965,0,3.3
2026-10-08T05:32:19.057000+00:00,,2026-10-08T05:32:19.057000+00:00,,5.2,Kalu Ganga,Rathnapura,3877eed2-5e95-4c47-8874-8eeed47d09a6,9.5,7.5,1526963,0,1.48
2026-10-08T05:32:16.161000+00:00,,2026-10-08T05:32:16.161000+00:00,,3,Kelani Ganga,Kithulgala,880a00b9-ac24-4824-ab83-300ac1584c5a,6,4,1526962,0,2.05
2026-10-08T05:32:13.273000+00:00,,2026-10-08T05:32:13.273000+00:00,,4.5,Heda Oya,Siyambalanduwa,3c2ad738-ab34-4661-8e59-8ca7c2e0401c,7,6,1526961,0.2,0.27
2026-10-08T05:32:05.328000+00:00,,2026-10-08T05:32:05.328000+00:00,,6,Yan Oya,Horowpothana,87d70c09-0b0f-483a-9a81-2b783cba8e63,10.5,7.5,1526960,0,1.64
2026-10-08T05:31:58.099000+00:00,,2026-10-08T05:31:58.099000+00:00,,,Gal Oya,Ampara,13dc9ddf-c6fd-465b-bafb-83e8c1ea34ad,,,1526959,4,0
2026-10-08T05:31:54.060000+00:00,,2026-10-08T05:31:54.060000+00:00,,5,Malwathu Oya,Thanthirimale,d7a631b0-6488-4783-86a9-f175e7ca96df,7.8,6.8,1526958,0,0.78
2026-10-08T05:31:46.240000+00:00,,2026-10-08T05:31:46.240000+00:00,,4,Kirindi Oya,Thanamalwila,7b8958e6-022c-4e04-bbc0-a552c6423e8d,5.5,5,1526957,0,0.56
2026-10-08T05:31:43.226000+00:00,,2026-10-08T05:31:43.226000+00:00,,4,Ma Oya,Yaka Wewa,f057145b-28e6-4d72-9ffa-937295cf3b0f,6,5,1526956,0,0.4
2026-10-08T05:31:35.146000+00:00,,2026-10-08T05:31:35.146000+00:00,,4,Maduru Oya,Padiyathalawa,6d5ce1cd-1c96-4130-82fb-abdc10267c0d,6,4.5,1526955,0,0.07
2026-10-08T05:31:23.611000+00:00,,2026-10-08T05:31:23.611000+00:00,,4.4,Kirindi Oya,Wellawaya,3c3ab4d6-25e9-4151-9869-f51253011911,5.9,5.4,1526954,0,0.84
2026-10-08T05:31:15.148000+00:00,,2026-10-08T05:31:15.148000+00:00,,3.5,Mahaweli Ganga,Nawalapitiya,db95d07c-1d2d-438e-a580-d25cea2450e8,6,5,1526953,0,1.25
2026-10-08T05:31:09.906000+00:00,,2026-10-08T05:31:09.906000+00:00,,6.9,Kirindi Oya,Kuda Oya,9274c816-58a9-44fd-89d4-f63310afbdec,8.8,8.4,1526952,0,1.15
2026-10-08T05:30:56.507000+00:00,,2026-10-08T05:30:56.507000+00:00,,5,Kumbukkan Oya,Nakkala,2f7b43af-f0c1-4164-a884-5aa0c0c1933e,7.5,6,1526951,0,0.66
2026-10-08T05:30:40.843000+00:00,,2026-10-08T05:30:40.843000+00:00,,1.4,Nilwala Ganga,Thalgahagoda,b2be7b86-82c4-4433-b0e0-d4be8ca3bd88,2.8,1.7,1526950,0,0.88
2026-10-08T05:30:29.989000+00:00,,2026-10-08T05:30:29.989000+00:00,,3,Mahaweli Ganga,Thaldena,28be93b8-bdf7-44fd-bf0f-32e2dfb0c4f8,5,4,1526949,0,0.25
2026-10-08T05:30:24.763000+00:00,,2026-10-08T05:30:24.763000+00:00,,4,Kelani Ganga,Nagalagam Street,dca06473-4c41-4306-b297-2d807157ab42,7,5,1526948,0,2.3
2026-10-08T05:04:03.142000+00:00,,2026-10-08T05:04:03.142000+00:00,,3,Kelani Ganga,Kithulgala,cda4f9fa-304b-4863-927d-bd32f730a5e6,6,4,1526947,0,1.92
2026-10-08T04:58:33.670000+00:00,,2026-10-08T04:58:33.670000+00:00,,4.84,Mee Oya,Galgamuwa,c9777393-c1a9-4cd2-ac18-5ae6c050f713,8,5.94,1526946,0,-0.04
2026-10-08T04:53:20.301000+00:00,,2026-10-08T04:53:20.301000+00:00,,1.4,Nilwala Ganga,Thalgahagoda,c48bfe92-d156-459a-be70-01c792a13f92,2.8,1.7,1526945,0,0.9
2026-10-08T04:52:12.952000+00:00,,2026-10-08T04:52:12.952000+00:00,,2.5,Nilwala Ganga,Urawa,459422d4-3c3b-4324-9554-ee72d51400f3,6,4,1526944,0,0.48
2026-10-08T04:48:14.480000+00:00,,2026-10-08T04:48:14.480000+00:00,,4,Gin Ganga,Thawalama,78e27ee4-c519-4bb4-9fe9-c7463c1c2408,7.5,6,1526943,0,2.01
2026-10-08T04:38:15.263000+00:00,,2026-10-08T04:38:15.263000+00:00,,3,Kelani Ganga,Holombuwa,f775864e-213a-4139-9444-cfc90cf7c65b,6,4,1526942,0,1.09
2026-10-08T04:37:55.327000+00:00,,2026-10-08T04:37:55.327000+00:00,,15,Kelani Ganga,Glencourse,b30f4e4e-8d95-442f-b591-0ca34f90a86f,19,15.5,1526941,0,11.25
2026-10-08T04:37:23.021000+00:00,,2026-10-08T04:37:23.021000+00:00,,4.5,Heda Oya,Siyambalanduwa,a44596cb-9eca-4ff8-8ee8-193919b5c140,7,6,1526940,3,0.26
2026-10-08T04:36:55.637000+00:00,,2026-10-08T04:36:55.637000+00:00,,4,Kalu Ganga,Magura,9cb82c21-7bb5-4207-8b12-3527e10cbbd5,7.5,6,1526939,0,2.5
2026-10-08T04:36:40.665000+00:00,,2026-10-08T04:36:40.665000+00:00,,3,Kalu Ganga,Putupaula,c78baff4-e38d-480e-8d50-992c2a93c5ba,5,4,1526938,0,0.71
2026-10-08T04:36:40.056000+00:00,,2026-10-08T04:36:40.056000+00:00,,3,Walawe Ganga,Moraketiya,6d8bae0f-8765-4210-9f30-1d00bf1ff62d,7,5,1526937,0,0.99
2026-10-08T04:36:34.116000+00:00,,2026-10-08T04:36:34.116000+00:00,,5,Malwathu Oya,Thanthirimale,ccb61fa0-ac7d-422b-8f85-c01f4fbd8f3a,7.8,6.8,1526936,0,0.78
2026-10-08T04:35:53.429000+00:00,,2026-10-08T04:35:53.429000+00:00,,5,Maha Oya,Badalgama,480a12f4-ec68-45d2-9baf-35cb53bd3717,9.6,6.2,1526935,0,3.61
2026-10-08T04:35:23.967000+00:00,,2026-10-08T04:35:23.967000+00:00,,4.8,Kelani Ganga,Deraniyagala,9405a62b-5cc6-4799-a6c0-1664db0d2a0c,7,5.8,1526934,0,0.74
2026-10-08T04:34:54.705000+00:00,,2026-10-08T04:34:54.705000+00:00,,4,Nilwala Ganga,Pitabeddara,e70713dd-bc42-4c70-84cb-2618052526ac,6.5,5,1526933,0,1.07
2026-10-08T04:34:52.301000+00:00,,2026-10-08T04:34:52.301000+00:00,,4.4,Kirindi Oya,Wellawaya,f083a363-5f80-4b5c-b3a8-4d1ace9e0718,5.9,5.4,1526932,0,0.84
2026-10-08T04:34:45.690000+00:00,,2026-10-08T04:34:45.690000+00:00,,5.5,Maha Oya,Giriulla,a5a1e967-630b-452f-b0d9-e2a2695cb526,7.5,6.5,1526931,0,2.14
2026-10-08T04:34:28.657000+00:00,,2026-10-08T04:34:28.657000+00:00,,5.2,Kalu Ganga,Rathnapura,c9eb8535-bdb8-4c4d-a9b1-7b3f334ace43,9.5,7.5,1526930,0,1.5
2026-10-08T04:34:15.943000+00:00,,2026-10-08T04:34:15.943000+00:00,,5,Mahaweli Ganga,Peradeniya,22ac0407-557d-41dd-a19e-b29f26699bc2,9,7,1526929,0,2.72
2026-10-08T04:34:06.964000+00:00,,2026-10-08T04:34:06.964000+00:00,,5,Kalu Ganga,Kalawellawa (Millakanda),2b88062f-a3a7-44eb-af2c-cfa999a3922c,8,6.5,1526928,0,3.68
2026-10-08T04:33:57.380000+00:00,,2026-10-08T04:33:57.380000+00:00,,10,Kalu Ganga,Ellagawa,eea50f35-7d4c-4222-bd3d-dde5ff2c533c,12.2,10.7,1526927,0,5.43
2026-10-08T04:33:45.310000+00:00,,2026-10-08T04:33:45.310000+00:00,,3,Mahaweli Ganga,Thaldena,7c21e174-e499-4aad-ad3e-81ddf0979950,5,4,1526926,0,0.2
2026-10-08T04:32:59.415000+00:00,,2026-10-08T04:32:59.415000+00:00,,1.5,Kelani Ganga,Norwood,630e0b54-07ff-45fc-a557-72a6d31588ff,4.5,3,1526925,0,0.83
2026-10-08T04:32:45.478000+00:00,,2026-10-08T04:32:45.478000+00:00,,3,Mahaweli Ganga,Manampitiya,636fa80f-bf56-4791-b34a-8c41c8bd8bca,6,4.3,1526924,0,-0.15
2026-10-08T04:32:40.746000+00:00,,2026-10-08T04:32:40.746000+00:00,,4,Maduru Oya,Padiyathalawa,d9151e71-1d62-409c-826b-028ac31629af,6,4.5,1526923,0,0.07
2026-10-08T04:32:39.120000+00:00,,2026-10-08T04:32:39.120000+00:00,,3.3,Aththanagalu Oya,Dunamale,6939534d-a394-4762-913c-39e51367e0b1,5.5,4.4,1526922,0,2.93
2026-10-08T04:32:32.121000+00:00,,2026-10-08T04:32:32.121000+00:00,,4,Menik Ganga,Katharagama,2d92bff0-b85b-4b51-8abb-25598de3b695,6.5,4.6,1526921,0,-0.28
2026-10-08T04:32:18.263000+00:00,,2026-10-08T04:32:18.263000+00:00,,4.75,Deduru Oya,Moragaswewa,6d8c3983-efa3-4381-904c-d26c96f7709c,7,6,1526920,0,1.02
2026-10-08T04:32:07.672000+00:00,,2026-10-08T04:32:07.672000+00:00,,5,Nilwala Ganga,Panadugama,e142233a-da9d-4be6-a230-3baaa81dfa43,7.5,6,1526919,0,4.05
2026-10-08T04:32:05.239000+00:00,,2026-10-08T04:32:05.239000+00:00,,3.5,Mahaweli Ganga,Nawalapitiya,3ffe08ee-be2d-458e-82db-1a7cc478b361,6,5,1526918,0,1.26
2026-10-08T04:32:02.220000+00:00,,2026-10-08T04:32:02.220000+00:00,,6.5,Kelani Ganga,Hanwella,aef3ef27-0f44-4d3c-b5f9-ad9605a78172,9.5,7.5,1526917,0,3.35
2026-10-08T04:31:50.704000+00:00,,2026-10-08T04:31:50.704000+00:00,,3.5,Gin Ganga,Baddegama,ac29ebff-4c67-4fa0-9062-51efbdacf0b9,5,4,1526916,0,2.24
2026-10-08T04:31:40.913000+00:00,,2026-10-08T04:31:40.913000+00:00,,,Gal Oya,Ampara,5f38acbb-5b14-4058-b7de-cd4257befd94,,,1526915,4.2,0
2026-10-08T04:31:35.877000+00:00,,2026-10-08T04:31:35.877000+00:00,,4,Kelani Ganga,Nagalagam Street,69fbe036-3c72-45c9-9e63-73938f9c937b,7,5,1526914,0,1.9
2026-10-08T04:31:33.672000+00:00,,2026-10-08T04:31:33.672000+00:00,,4,Ma Oya,Yaka Wewa,6af598ed-e15d-47d1-9606-f3fbd2d5290f,6,5,1526913,0,0.4
2026-10-08T04:31:29.250000+00:00,,2026-10-08T04:31:29.250000+00:00,,6.9,Kirindi Oya,Kuda Oya,6dc1c17a-75c1-41c1-aa9c-9809491da822,8.8,8.4,1526912,0,1.15
2026-10-08T04:31:18.717000+00:00,,2026-10-08T04:31:18.717000+00:00,,6,Yan Oya,Horowpothana,b63aa986-3f75-4bcc-b108-050894262d4e,10.5,7.5,1526911,0,1.64
2026-10-08T04:31:16.780000+00:00,,2026-10-08T04:31:16.780000+00:00,,4,Kirindi Oya,Thanamalwila,9e476cd0-f558-4b67-b0dc-5ad6e711c19d,5.5,5,1526910,0,0.57
2026-10-08T04:31:05.862000+00:00,,2026-10-08T04:31:05.862000+00:00,,5,Mahaweli Ganga,Weraganthota,9c4c1be2-62d5-4ea5-80be-b1c0ee8033a3,8,6,1526909,0,-3.38
2026-10-08T04:30:16.056000+00:00,,2026-10-08T04:30:16.056000+00:00,,5,Kumbukkan Oya,Nakkala,95021d5e-4f10-43f7-8e1f-d5fe141db29a,7.5,6,1526908,0,0.66
2026-10-08T03:43:10.500000+00:00,,2026-10-08T03:43:10.500000+00:00,,4,Kalu Ganga,Magura,153f1a97-a9de-4877-877a-c3855999da24,7.5,6,1526907,0,2.69
2026-10-08T03:43:08.668000+00:00,,2026-10-08T03:43:08.668000+00:00,,5.2,Kalu Ganga,Rathnapura,5cb61b58-507f-40e6-af15-49d25aeacf12,9.5,7.5,1526906,0,1.54
2026-10-08T03:40:07.314000+00:00,,2026-10-08T03:40:07.314000+00:00,,2.5,Nilwala Ganga,Urawa,4938f0ba-2185-4c81-a8b2-607ea78f5021,6,4,1526905,0,0.5
2026-10-08T03:39:08.712000+00:00,,2026-10-08T03:39:08.712000+00:00,,1.4,Nilwala Ganga,Thalgahagoda,b1d8c8fe-a91f-4ea7-ae8c-224295de50a1,2.8,1.7,1526904,0,0.93
2026-10-08T03:37:58.852000+00:00,,2026-10-08T03:37:58.852000+00:00,,4,Gin Ganga,Thawalama,a6f8d245-055b-49e5-83e5-ed3d07ea5558,7.5,6,1526903,0,2.05
2026-10-08T03:37:46.806000+00:00,,2026-10-08T03:37:46.806000+00:00,,4,Maduru Oya,Padiyathalawa,faa79e81-d427-440e-bfd6-f95bc63d701d,6,4.5,1526902,0,0.07
2026-10-08T03:37:42.892000+00:00,,2026-10-08T03:37:42.892000+00:00,,4,Nilwala Ganga,Pitabeddara,99a0a9ff-ade1-477f-9cba-9bbc1a0842de,6.5,5,1526901,0,1.08
2026-10-08T03:37:32.735000+00:00,,2026-10-08T03:37:32.735000+00:00,,3.3,Aththanagalu Oya,Dunamale,1e5b6c75-01a9-4df4-af08-78add37c31f1,5.5,4.4,1526900,0,2.95
2026-10-08T03:37:30.013000+00:00,,2026-10-08T03:37:30.013000+00:00,,3,Kelani Ganga,Holombuwa,cf19468b-6fbd-4b7b-980a-87cf0be24b6d,6,4,1526899,0,1.12
2026-10-08T03:36:42.541000+00:00,,2026-10-08T03:36:42.541000+00:00,,4.84,Mee Oya,Galgamuwa,68f33e2e-4ff4-4fbd-abb8-4e738c6d02e3,8,5.94,1526898,0,-0.04
2026-10-08T03:36:20.955000+00:00,,2026-10-08T03:36:20.955000+00:00,,3,Kalu Ganga,Putupaula,e4ab508b-6620-4150-8e4f-63dbf603b8de,5,4,1526897,0,0.67
2026-10-08T03:35:22.456000+00:00,,2026-10-08T03:35:22.456000+00:00,,4.75,Deduru Oya,Moragaswewa,e14ace0a-0d94-44ed-b181-a4915501f92b,7,6,1526896,0,0.98
2026-10-08T03:35:16.938000+00:00,,2026-10-08T03:35:16.938000+00:00,,5,Maha Oya,Badalgama,8732a058-6c64-4ec6-a4b9-7f978ecfaa2e,9.6,6.2,1526895,0,3.68
2026-10-08T03:34:52.234000+00:00,,2026-10-08T03:34:52.234000+00:00,,5.5,Maha Oya,Giriulla,c62e78da-1b2d-44fe-aef0-2a0cf93bf044,7.5,6.5,1526894,0,2.29
2026-10-08T03:34:40.667000+00:00,,2026-10-08T03:34:40.667000+00:00,,5,Mahaweli Ganga,Peradeniya,71e64092-3e12-41b7-8a54-98f09b182af1,9,7,1526893,0,2.9
2026-10-08T03:34:30.794000+00:00,,2026-10-08T03:34:30.794000+00:00,,4.5,Heda Oya,Siyambalanduwa,bfd7796c-36a5-4b93-8fec-34da813e558c,7,6,1526892,2.1,0.26
2026-10-08T03:34:20.778000+00:00,,2026-10-08T03:34:20.778000+00:00,,10,Kalu Ganga,Ellagawa,2c9bf734-b666-48f9-a7a8-40d6be3bd9b2,12.2,10.7,1526891,0,5.47
2026-10-08T03:34:00.665000+00:00,,2026-10-08T03:34:00.665000+00:00,,6,Yan Oya,Horowpothana,ed81cdbd-252e-485f-86a4-6a07c64ca1df,10.5,7.5,1526889,0,1.64
2026-10-08T03:34:00.584000+00:00,,2026-10-08T03:34:00.584000+00:00,,4,Menik Ganga,Katharagama,56f95710-ddfc-4b4e-85bd-b2f3676d219d,6.5,4.6,1526890,0,-0.28
2026-10-08T03:33:52.373000+00:00,,2026-10-08T03:33:52.373000+00:00,,3.5,Gin Ganga,Baddegama,914ea88b-0481-4bf0-8472-ec70e93ac179,5,4,1526888,0,2.28
2026-10-08T03:33:41.609000+00:00,,2026-10-08T03:33:41.609000+00:00,,6.5,Kelani Ganga,Hanwella,22888924-c761-4c70-95eb-c0e5bc27f277,9.5,7.5,1526887,0,3.38
2026-10-08T03:33:22.950000+00:00,,2026-10-08T03:33:22.950000+00:00,,4.8,Kelani Ganga,Deraniyagala,c7312b76-d9cd-46a5-b42e-b8c6a1ed0f46,7,5.8,1526886,0,0.68
2026-10-08T03:33:07.191000+00:00,,2026-10-08T03:33:07.191000+00:00,,15,Kelani Ganga,Glencourse,7bff7c00-3a2d-4b12-80ea-7a7494ca4dc4,19,15.5,1526885,0,11.33
2026-10-08T03:33:04.369000+00:00,,2026-10-08T03:33:04.369000+00:00,,4,Kirindi Oya,Thanamalwila,77122de1-9b73-4d57-b6f9-58815abe7b73,5.5,5,1526884,0,0.59
2026-10-08T03:32:52.472000+00:00,,2026-10-08T03:32:52.472000+00:00,,3,Mahaweli Ganga,Thaldena,d0b5fa41-9184-454e-a0e0-29674c548da7,5,4,1526883,0,0.21
2026-10-08T03:32:50.869000+00:00,,2026-10-08T03:32:50.869000+00:00,,3,Walawe Ganga,Moraketiya,299aa076-68fb-497d-b292-44fa75d8d412,7,5,1526882,0,0.99
2026-10-08T03:32:50.328000+00:00,,2026-10-08T03:32:50.328000+00:00,,1.5,Kelani Ganga,Norwood,ac41e069-5ab2-4284-bc9b-5acc88d0f35a,4.5,3,1526881,0,0.83
2026-10-08T03:32:15.724000+00:00,,2026-10-08T03:32:15.724000+00:00,,5,Mahaweli Ganga,Weraganthota,62c5fddc-5485-43ac-871c-c2126b17fa96,8,6,1526880,0,-3.42
2026-10-08T03:31:51.758000+00:00,,2026-10-08T03:31:51.758000+00:00,,4.4,Kirindi Oya,Wellawaya,4bd869c5-2357-4cbf-a2fa-6566c0f33eb8,5.9,5.4,1526879,0,0.84
2026-10-08T03:31:40.219000+00:00,,2026-10-08T03:31:40.219000+00:00,,4,Ma Oya,Yaka Wewa,58e0802f-b7ae-403d-9d20-ea9765f35a9f,6,5,1526878,0,0.4
2026-10-08T03:31:26.213000+00:00,,2026-10-08T03:31:26.213000+00:00,,4,Kelani Ganga,Nagalagam Street,e43973cc-3133-4d7b-9382-db33f3b68e41,7,5,1526877,0,1.5
2026-10-08T03:31:25.699000+00:00,,2026-10-08T03:31:25.699000+00:00,,5,Nilwala Ganga,Panadugama,9cac57b4-ad32-4a8e-bb95-938695f10f6a,7.5,6,1526876,0,4.11
2026-10-08T03:31:25.659000+00:00,,2026-10-08T03:31:25.659000+00:00,,3,Mahaweli Ganga,Manampitiya,e71ce4d2-5d61-4daa-b1d2-02ba48a3a723,6,4.3,1526875,0,-0.15
2026-10-08T03:31:22.951000+00:00,,2026-10-08T03:31:22.951000+00:00,,3,Kelani Ganga,Kithulgala,da34a247-6dfc-4192-9536-3080c71fc98c,6,4,1526874,0,1.92
2026-10-08T03:31:19.924000+00:00,,2026-10-08T03:31:19.924000+00:00,,3.5,Mahaweli Ganga,Nawalapitiya,44a1f6ab-2924-4335-bb0b-32b041144841,6,5,1526873,0,1.27
2026-10-08T03:31:08.689000+00:00,,2026-10-08T03:31:08.689000+00:00,,,Gal Oya,Ampara,3d4d307d-e115-44fe-9577-84724f63b3d6,,,1526872,0,0
2026-10-08T03:30:52.009000+00:00,,2026-10-08T03:30:52.009000+00:00,,5,Kumbukkan Oya,Nakkala,745845f9-127d-4775-83eb-4ee47f8da29d,7.5,6,1526871,0,0.66
2026-10-08T03:30:19.691000+00:00,,2026-10-08T03:30:19.691000+00:00,,6.9,Kirindi Oya,Kuda Oya,57704fe5-d695-475e-86e4-8a235956d9c0,8.8,8.4,1526870,0,1.18
2026-10-08T03:30:12.988000+00:00,,2026-10-08T03:30:12.988000+00:00,,5,Malwathu Oya,Thanthirimale,77b7731b-2421-48bd-b82c-37c7e16bf7d0,7.8,6.8,1526869,0,0.78
2026-10-08T02:45:34.867000+00:00,,2026-10-08T02:45:34.867000+00:00,,4.84,Mee Oya,Galgamuwa,e200e5d5-5a80-4213-9fff-717c35a182f9,8,5.94,1526868,0,-0.04
2026-10-08T02:45:14.496000+00:00,,2026-10-08T02:45:14.496000+00:00,,4,Kalu Ganga,Magura,8e577509-a391-4ba0-a471-96351593c0cc,7.5,6,1526867,0,2.76
2026-10-08T02:44:40.135000+00:00,,2026-10-08T02:44:40.135000+00:00,,2.5,Nilwala Ganga,Urawa,f1fda65f-5059-4f48-a1c1-440904c5cd0e,6,4,1526866,0,0.52
2026-10-08T02:42:35.578000+00:00,,2026-10-08T02:42:35.578000+00:00,,3,Kalu Ganga,Putupaula,4c854b23-2aa5-4556-9333-42815bd772a0,5,4,1526865,0,0.67
2026-10-08T02:39:54.638000+00:00,,2026-10-08T02:39:54.638000+00:00,,5,Nilwala Ganga,Panadugama,e42be024-3e34-4736-86ba-f732bd447b4f,7.5,6,1526864,0,4.19
2026-10-08T02:37:51.225000+00:00,,2026-10-08T02:37:51.225000+00:00,,4,Gin Ganga,Thawalama,6afded91-40d3-4b4a-b1c5-acf5f92ff3ce,7.5,6,1526863,0,2.1
2026-10-08T02:37:41.781000+00:00,,2026-10-08T02:37:41.781000+00:00,,4,Menik Ganga,Katharagama,187ed966-2315-4764-a7a7-237673e7f92a,6.5,4.6,1526862,0.6,-0.28
2026-10-08T02:36:09.438000+00:00,,2026-10-08T02:36:09.438000+00:00,,15,Kelani Ganga,Glencourse,8aeb1936-4134-47b5-9b4d-76762ca8114b,19,15.5,1526861,0,11.41
2026-10-08T02:36:09.286000+00:00,,2026-10-08T02:36:09.286000+00:00,,3.5,Gin Ganga,Baddegama,6cbb54fb-19d8-46ae-829e-7d695880311e,5,4,1526860,0,2.31
2026-10-08T02:35:54.268000+00:00,,2026-10-08T02:35:54.268000+00:00,,4.75,Deduru Oya,Moragaswewa,d3ee28d4-9c72-45fe-8e60-d8342cae83d3,7,6,1526859,0,0.94
2026-10-08T02:35:32.600000+00:00,,2026-10-08T02:35:32.600000+00:00,,5,Maha Oya,Badalgama,f44fe787-6036-4c7d-8614-0c92f365247f,9.6,6.2,1526858,0,3.65
2026-10-08T02:35:16.422000+00:00,,2026-10-08T02:35:16.422000+00:00,,3,Kelani Ganga,Holombuwa,5760969a-0653-4c9c-8e13-ffac74c09794,6,4,1526857,0,1.17
2026-10-08T02:35:04.410000+00:00,,2026-10-08T02:35:04.410000+00:00,,4.8,Kelani Ganga,Deraniyagala,d151b480-805b-4bfc-b673-0716ed844870,7,5.8,1526856,0,0.71
2026-10-08T02:35:00.046000+00:00,,2026-10-08T02:35:00.046000+00:00,,6,Yan Oya,Horowpothana,ea4054c3-962a-4a53-9801-6d476752364e,10.5,7.5,1526855,0,1.64
2026-10-08T02:34:21.846000+00:00,,2026-10-08T02:34:21.846000+00:00,,5.2,Kalu Ganga,Rathnapura,a2b51005-2b4d-4911-b232-3f7decc5a931,9.5,7.5,1526854,0,1.58
2026-10-08T02:34:19.001000+00:00,,2026-10-08T02:34:19.001000+00:00,,5.5,Maha Oya,Giriulla,880c25e0-6f41-4a91-93bf-bf02114e33bf,7.5,6.5,1526853,0,2.47
2026-10-08T02:34:16.405000+00:00,,2026-10-08T02:34:16.405000+00:00,,6.9,Kirindi Oya,Kuda Oya,b409bbe0-515f-4e6b-88d4-184c8575e36c,8.8,8.4,1526852,0,1.22
2026-10-08T02:33:51.567000+00:00,,2026-10-08T02:33:51.567000+00:00,,4,Kirindi Oya,Thanamalwila,d7f1a8ca-0df2-4107-8b8f-c90d74925396,5.5,5,1526851,0,0.6
2026-10-08T02:33:49.062000+00:00,,2026-10-08T02:33:49.062000+00:00,,4,Nilwala Ganga,Pitabeddara,d2bb0c25-e17f-46e2-bbd1-ba715c54e3bd,6.5,5,1526850,0,1.05
2026-10-08T02:33:42.353000+00:00,,2026-10-08T02:33:42.353000+00:00,,6.5,Kelani Ganga,Hanwella,97b10860-c4a1-4226-9100-1b445c83c083,9.5,7.5,1526849,0,3.43
2026-10-08T02:33:17.269000+00:00,,2026-10-08T02:33:17.269000+00:00,,1.5,Kelani Ganga,Norwood,195af9ea-f2dc-4d20-96a7-e261db8aa2bc,4.5,3,1526848,0,0.83
2026-10-08T02:33:13.320000+00:00,,2026-10-08T02:33:13.320000+00:00,,4.4,Kirindi Oya,Wellawaya,ca6e676a-ac59-46eb-80ec-d6807cca815b,5.9,5.4,1526847,0,0.84
2026-10-08T02:33:10.737000+00:00,,2026-10-08T02:33:10.737000+00:00,,4,Maduru Oya,Padiyathalawa,b47b7a82-713d-49a8-a272-8dbe6826004c,6,4.5,1526846,0,0.07
2026-10-08T02:32:58.276000+00:00,,2026-10-08T02:32:58.276000+00:00,,,Gal Oya,Ampara,25c44603-1c32-442f-a77b-6e9286a5c509,,,1526845,0,0
2026-10-08T02:32:58.138000+00:00,,2026-10-08T02:32:58.138000+00:00,,5,Mahaweli Ganga,Peradeniya,944eb10c-1815-44b5-bd82-6848f39db960,9,7,1526844,0,2.81
2026-10-08T02:32:44.220000+00:00,,2026-10-08T02:32:44.220000+00:00,,3,Walawe Ganga,Moraketiya,f1711fec-b120-4826-8f38-ea68a9ca9e8d,7,5,1526843,0,0.99
2026-10-08T02:32:40.631000+00:00,,2026-10-08T02:32:40.631000+00:00,,3,Mahaweli Ganga,Thaldena,a680f459-60c8-42d9-b647-c3d3e50dff4e,5,4,1526842,0,0.23
2026-10-08T02:32:38.209000+00:00,,2026-10-08T02:32:38.209000+00:00,,5,Kalu Ganga,Kalawellawa (Millakanda),134591a6-0d8e-4c2c-a715-00b9b6a714dc,8,6.5,1526841,0,3.73
2026-10-08T02:32:27.267000+00:00,,2026-10-08T02:32:27.267000+00:00,,4.75,Deduru Oya,Moragaswewa,beabfd9b-0661-4553-8688-0a5ce60f4010,7,6,1526840,0,0.94
2026-10-08T02:32:22.966000+00:00,,2026-10-08T02:32:22.966000+00:00,,3,Kelani Ganga,Kithulgala,0d21012f-c62d-4c32-ad69-43f29cdb4298,6,4,1526839,0,2
2026-10-08T02:32:10.687000+00:00,,2026-10-08T02:32:10.687000+00:00,,10,Kalu Ganga,Ellagawa,9c0b81a0-88a8-4a74-a88d-2f05864d15e6,12.2,10.7,1526838,0,5.5
2026-10-08T02:31:54.706000+00:00,,2026-10-08T02:31:54.706000+00:00,,5,Malwathu Oya,Thanthirimale,c6893323-8220-4d78-abcd-b41c703c445a,7.8,6.8,1526837,0,0.78
2026-10-08T02:31:47.449000+00:00,,2026-10-08T02:31:47.449000+00:00,,3.3,Aththanagalu Oya,Dunamale,086cb650-65f7-4368-a151-35e942fcb524,5.5,4.4,1526836,0,2.96
2026-10-08T02:31:29.259000+00:00,,2026-10-08T02:31:29.259000+00:00,,3.5,Mahaweli Ganga,Nawalapitiya,756d1914-247a-45c2-9ba6-0a43e7ed2b5c,6,5,1526835,0,1.27
2026-10-08T02:31:22.191000+00:00,,2026-10-08T02:31:22.191000+00:00,,5,Mahaweli Ganga,Weraganthota,5cb6e789-4fce-4d6e-b29c-aef2dab63c26,8,6,1526834,0,-3.08
2026-10-08T02:31:14.806000+00:00,,2026-10-08T02:31:14.806000+00:00,,4.5,Heda Oya,Siyambalanduwa,82399ee1-0ef4-4168-9bb9-a00b1eff8286,7,6,1526833,0,0.26
2026-10-08T02:31:00.503000+00:00,,2026-10-08T02:31:00.503000+00:00,,3,Mahaweli Ganga,Manampitiya,08ba179d-91ab-4dd2-a9ee-1836c7fb4c63,6,4.3,1526832,0,-0.12
2026-10-08T02:30:56.186000+00:00,,2026-10-08T02:30:56.186000+00:00,,4,Ma Oya,Yaka Wewa,7b2229bc-afae-4d6f-83db-d588ec7acd45,6,5,1526831,0,0.4
2026-10-08T02:30:39.206000+00:00,,2026-10-08T02:30:39.206000+00:00,,4,Kelani Ganga,Nagalagam Street,b520402b-8671-4e2a-ad15-8257bd628711,7,5,1526830,0,1.3
2026-10-08T02:30:28.833000+00:00,,2026-10-08T02:30:28.833000+00:00,,6.9,Kirindi Oya,Kuda Oya,59052a19-37a1-490e-a371-36de99df3941,8.8,8.4,1526829,0,1.22
2026-10-08T02:30:24.499000+00:00,,2026-10-08T02:30:24.499000+00:00,,5,Kumbukkan Oya,Nakkala,58ff4411-1608-4f16-90cb-d257a49fdfc4,7.5,6,1526828,0,0.66
2026-10-08T02:30:07.146000+00:00,,2026-10-08T02:30:07.146000+00:00,,1.4,Nilwala Ganga,Thalgahagoda,951ce19d-b8dd-4a1b-913c-53a8c58c7715,2.8,1.7,1526827,0,0.95
2026-10-08T02:18:05.921000+00:00,,2026-10-08T02:18:05.921000+00:00,,4,Nilwala Ganga,Pitabeddara,ef05383c-269f-411d-a7ac-cf97b76eddfa,6.5,5,1526826,0,1.03
2026-10-08T01:48:00.864000+00:00,,2026-10-08T01:48:00.864000+00:00,,2.5,Nilwala Ganga,Urawa,96dd1775-b1df-4969-95cd-25a9cb64a565,6,4,1526825,0,0.54
2026-10-08T01:43:56.411000+00:00,,2026-10-08T01:43:56.411000+00:00,,4,Gin Ganga,Thawalama,d4b6bb0b-9f19-4f1a-9857-2d64c0e8216f,7.5,6,1526824,0,2.16
2026-10-08T01:43:37.870000+00:00,,2026-10-08T01:43:37.870000+00:00,,3.5,Gin Ganga,Baddegama,d347c674-ad64-4595-b3ba-44d7997df8bf,5,4,1526823,0,2.32
2026-10-08T01:39:44.435000+00:00,,2026-10-08T01:39:44.435000+00:00,,3,Kelani Ganga,Kithulgala,04590b04-55fe-4606-8edc-866384193bfb,6,4,1526822,0,2.09
2026-10-08T01:39:10.949000+00:00,,2026-10-08T01:39:10.949000+00:00,,3,Mahaweli Ganga,Thaldena,8c0a6933-4c27-4adb-a0a1-b2a882f55f1b,5,4,1526821,0,0.27
2026-10-08T01:38:05.498000+00:00,,2026-10-08T01:38:05.498000+00:00,,3.3,Aththanagalu Oya,Dunamale,eceb13fc-a72f-4b69-b928-ec4eea47ca7c,5.5,4.4,1526820,0,2.97
2026-10-08T01:38:00.652000+00:00,,2026-10-08T01:38:00.652000+00:00,,15,Kelani Ganga,Glencourse,2b22cbc7-c77d-46fb-92af-a40d2c79aa0a,19,15.5,1526819,0,11.5
2026-10-08T01:37:52.050000+00:00,,2026-10-08T01:37:52.050000+00:00,,5,Nilwala Ganga,Panadugama,1ee21c0a-59be-4429-b4f1-3b3523520b1d,7.5,6,1526818,0,4.3
2026-10-08T01:37:40.684000+00:00,,2026-10-08T01:37:40.684000+00:00,,3,Kalu Ganga,Putupaula,3526bca1-651f-4c2e-8d2d-064b46b99fd6,5,4,1526817,0,0.7
2026-10-08T01:37:32.023000+00:00,,2026-10-08T01:37:32.023000+00:00,,5,Malwathu Oya,Thanthirimale,43f3a98b-d952-4890-841b-5fcfff34a831,7.8,6.8,1526816,0,0.78
2026-10-08T01:37:02.037000+00:00,,2026-10-08T01:37:02.037000+00:00,,4,Menik Ganga,Katharagama,a6cff791-c88e-4500-a38f-43c9b18b69e7,6.5,4.6,1526815,5.1,-0.28
2026-10-08T01:35:45.747000+00:00,,2026-10-08T01:35:45.747000+00:00,,6.5,Kelani Ganga,Hanwella,6b23601a-30bf-41f3-a048-7876af2a34b0,9.5,7.5,1526814,0,3.44
2026-10-08T01:35:33.993000+00:00,,2026-10-08T01:35:33.993000+00:00,,5,Maha Oya,Badalgama,81f5d0c9-70af-4335-a1b1-831ab1a8a9ca,9.6,6.2,1526813,0,3.55
2026-10-08T01:35:28.812000+00:00,,2026-10-08T01:35:28.812000+00:00,,10,Kalu Ganga,Ellagawa,6be1beea-3e6e-44b1-a6cd-90f263936ac8,12.2,10.7,1526812,0,5.52
2026-10-08T01:35:09.411000+00:00,,2026-10-08T01:35:09.411000+00:00,,4.5,Heda Oya,Siyambalanduwa,fcb7738d-62bb-4c02-84ca-1ff5bf17b5e2,7,6,1526811,0,0.26
2026-10-08T01:35:03.906000+00:00,,2026-10-08T01:35:03.906000+00:00,,5.5,Maha Oya,Giriulla,6ab11eda-3c98-4e35-a68b-741d225a58c0,7.5,6.5,1526810,0,2.65
2026-10-08T01:34:48.808000+00:00,,2026-10-08T01:34:48.808000+00:00,,4,Kelani Ganga,Nagalagam Street,0d864dc7-3761-4eb8-94e4-0b5cc6bbfac9,7,5,1526809,,1.25
2026-10-08T01:34:18.581000+00:00,,2026-10-08T01:34:18.581000+00:00,,3,Kelani Ganga,Holombuwa,030789fc-21ce-4f6f-aaaa-f610bc23b112,6,4,1526808,0,1.24
2026-10-08T01:34:17.868000+00:00,,2026-10-08T01:34:17.868000+00:00,,4.8,Kelani Ganga,Deraniyagala,30612606-40a1-4f88-9606-e65a72a97aa9,7,5.8,1526807,0,0.77
2026-10-08T01:34:16.325000+00:00,,2026-10-08T01:34:16.325000+00:00,,1.5,Kelani Ganga,Norwood,a14b8276-246e-417d-849c-55b606a33537,4.5,3,1526806,0,0.83
2026-10-08T01:34:15.354000+00:00,,2026-10-08T01:34:15.354000+00:00,,5,Mahaweli Ganga,Weraganthota,a982db34-d486-484b-996f-daedbb96f036,8,6,1526805,0,-3.32
2026-10-08T01:34:07.610000+00:00,,2026-10-08T01:34:07.610000+00:00,,3,Walawe Ganga,Moraketiya,5da47d3c-306f-4061-8145-ab25fe397a79,7,5,1526804,0,0.99
2026-10-08T01:33:37.631000+00:00,,2026-10-08T01:33:37.631000+00:00,,4,Maduru Oya,Padiyathalawa,7c3ae7b1-4659-46fb-9481-d22e9c95ec1b,6,4.5,1526803,4.6,0.07
2026-10-08T01:33:32.932000+00:00,,2026-10-08T01:33:32.932000+00:00,,4,Kalu Ganga,Magura,4ebd26b4-407e-4644-841f-4c8bd4ece63a,7.5,6,1526802,0,2.8
2026-10-08T01:33:22.221000+00:00,,2026-10-08T01:33:22.221000+00:00,,4.84,Mee Oya,Galgamuwa,49e4f657-9f94-4b7f-ace5-f4fd0ec6ad6d,8,5.94,1526801,0,-0.04
2026-10-08T01:33:20.624000+00:00,,2026-10-08T01:33:20.624000+00:00,,4.4,Kirindi Oya,Wellawaya,c8293388-069d-49bf-be21-0c2c5455e665,5.9,5.4,1526800,0,0.84
2026-10-08T01:32:52.030000+00:00,,2026-10-08T01:32:52.030000+00:00,,5,Mahaweli Ganga,Peradeniya,30951dff-bb9d-4081-a332-0e8fd946bd6b,9,7,1526799,0,2.7
2026-10-08T01:32:51.519000+00:00,,2026-10-08T01:32:51.519000+00:00,,6.9,Kirindi Oya,Kuda Oya,763a7007-1d61-4ec1-b6a6-5afc96df6085,8.8,8.4,1526798,0,1.24
2026-10-08T01:32:38.902000+00:00,,2026-10-08T01:32:38.902000+00:00,,3,Mahaweli Ganga,Manampitiya,2b8094a0-c7f9-49be-8a69-dbdad7da0116,6,4.3,1526797,0,-0.1
2026-10-08T01:32:28.838000+00:00,,2026-10-08T01:32:28.838000+00:00,,3.5,Mahaweli Ganga,Nawalapitiya,b9cdb927-7cab-4f8d-b327-81cf2d6d55cf,6,5,1526796,0,1.27
2026-10-08T01:32:21.586000+00:00,,2026-10-08T01:32:21.586000+00:00,,5,Kalu Ganga,Kalawellawa (Millakanda),cfc18c0a-f577-48b9-85b7-6e1a565ef2d2,8,6.5,1526795,1.3,3.74
2026-10-08T01:32:10.536000+00:00,,2026-10-08T01:32:10.536000+00:00,,4.75,Deduru Oya,Moragaswewa,3a221ff0-73e8-4db2-93e8-6b1e768b3c37,7,6,1526794,0,0.87
2026-10-08T01:31:33.119000+00:00,,2026-10-08T01:31:33.119000+00:00,,4,Ma Oya,Yaka Wewa,3a93d76f-883c-4bd3-86a6-ec17b397b4d8,6,5,1526793,0,0.4
2026-10-08T01:31:16.047000+00:00,,2026-10-08T01:31:16.047000+00:00,,,Gal Oya,Ampara,6bfef821-0e3f-4d2e-bada-5a18c3366b33,,,1526792,0,0
2026-10-08T01:31:07.016000+00:00,,2026-10-08T01:31:07.016000+00:00,,6,Yan Oya,Horowpothana,dada7daa-eda4-488d-bc23-d04d253b92b3,10.5,7.5,1526791,0,1.65
2026-10-08T01:31:03.411000+00:00,,2026-10-08T01:31:03.411000+00:00,,4,Kirindi Oya,Thanamalwila,20e3a9b9-b7cb-4158-bb35-cd135052b98f,5.5,5,1526790,0,0.62
2026-10-08T01:30:57.077000+00:00,,2026-10-08T01:30:57.077000+00:00,,5.2,Kalu Ganga,Rathnapura,8e424dcb-1877-418a-b5f1-cc4aae729f25,9.5,7.5,1526789,0,1.63
2026-10-08T01:30:35.983000+00:00,,2026-10-08T01:30:35.983000+00:00,,5,Kumbukkan Oya,Nakkala,1f020903-15ed-4607-a898-638c629328db,7.5,6,1526788,0,0.66
2026-10-08T01:28:13.784000+00:00,,2026-10-08T01:28:13.784000+00:00,,2.5,Nilwala Ganga,Urawa,0cf9f293-b41d-449c-a834-4223140fbff6,6,4,1526787,0,0.53
2026-10-08T01:03:04.385000+00:00,,2026-10-08T01:03:04.385000+00:00,,4.84,Mee Oya,Galgamuwa,94041a8a-fc65-4b6a-927c-94ace621a914,8,5.94,1526786,0,-0.04
2026-10-08T00:43:02.164000+00:00,,2026-10-08T00:43:02.164000+00:00,,2.5,Nilwala Ganga,Urawa,16b2e8ec-ad9f-4163-82da-d81301df0a56,6,4,1526785,0,0.53
2026-10-08T00:38:31.488000+00:00,,2026-10-08T00:38:31.488000+00:00,,5,Nilwala Ganga,Panadugama,c7d160b1-6ff1-40b7-84b6-aab0160bf8b3,7.5,6,1526784,0,4.39
2026-10-08T00:38:13.888000+00:00,,2026-10-08T00:38:13.888000+00:00,,5,Nilwala Ganga,Panadugama,6013b43e-4553-4f8c-8ec0-e23091108a2d,7.5,6,1526783,0,4.45
2026-10-08T00:37:38.864000+00:00,,2026-10-08T00:37:38.864000+00:00,,3,Kelani Ganga,Holombuwa,87377e11-6c49-414d-9f05-103ad7f4c398,6,4,1526782,0,1.32
2026-10-08T00:37:23.274000+00:00,,2026-10-08T00:37:23.274000+00:00,,4,Kelani Ganga,Nagalagam Street,58299f6e-a005-49e1-9029-8560af8ba6db,7,5,1526781,,1.5
2026-10-08T00:36:52.475000+00:00,,2026-10-08T00:36:52.475000+00:00,,4,Maduru Oya,Padiyathalawa,ecd639c1-2084-4f8b-8472-f92ba62179ee,6,4.5,1526780,0.4,0.07
2026-10-08T00:35:44.275000+00:00,,2026-10-08T00:35:44.275000+00:00,,3.5,Gin Ganga,Baddegama,fbf8bb12-ecb7-4431-8d89-a17ba3619d42,5,4,1526779,0,2.34
2026-10-08T00:35:33.497000+00:00,,2026-10-08T00:35:33.497000+00:00,,5,Maha Oya,Badalgama,3821ec73-5405-4695-87dd-058c33b70610,9.6,6.2,1526778,0,3.24
2026-10-08T00:35:15.899000+00:00,,2026-10-08T00:35:15.899000+00:00,,10,Kalu Ganga,Ellagawa,04c553cb-af6f-4e2b-944f-4c9f18bf9096,12.2,10.7,1526777,0,5.52
2026-10-08T00:35:06.427000+00:00,,2026-10-08T00:35:06.427000+00:00,,,Gal Oya,Ampara,3ba6221c-c59c-40f7-8102-98cbf4b65759,,,1526776,0,0
2026-10-08T00:34:55.404000+00:00,,2026-10-08T00:34:55.404000+00:00,,4,Menik Ganga,Katharagama,e7ee922a-1afc-4f6a-b2d7-f6d75f3e9c58,6.5,4.6,1526775,0,-0.27
2026-10-08T00:34:02.970000+00:00,,2026-10-08T00:34:02.970000+00:00,,3.3,Aththanagalu Oya,Dunamale,74bb4baf-0657-4c94-a896-f5bac9815e79,5.5,4.4,1526774,0,2.99
2026-10-08T00:33:59.591000+00:00,,2026-10-08T00:33:59.591000+00:00,,5.2,Kalu Ganga,Rathnapura,b776e083-bb79-4e70-8267-4e25076d80e1,9.5,7.5,1526773,0,1.68
2026-10-08T00:33:53.031000+00:00,,2026-10-08T00:33:53.031000+00:00,,4.8,Kelani Ganga,Deraniyagala,4e440998-e06c-49e9-b2b2-32eb5b3ced1d,7,5.8,1526772,0,0.77
2026-10-08T00:33:52.512000+00:00,,2026-10-08T00:33:52.512000+00:00,,1.5,Kelani Ganga,Norwood,ebe7aecf-1649-4df6-a06a-ed008e452638,4.5,3,1526771,0,0.82
2026-10-08T00:33:41.441000+00:00,,2026-10-08T00:33:41.441000+00:00,,3.5,Mahaweli Ganga,Nawalapitiya,e2f88d9d-a1d4-4bb2-b69a-4e625419cb35,6,5,1526770,0,1.25
2026-10-08T00:33:40.636000+00:00,,2026-10-08T00:33:40.636000+00:00,,4,Kirindi Oya,Thanamalwila,ab888b8f-9ff7-484b-9074-769a5918505f,5.5,5,1526769,0,0.65
2026-10-08T00:33:21.789000+00:00,,2026-10-08T00:33:21.789000+00:00,,4,Gin Ganga,Thawalama,075434b3-4812-4bc1-a90d-23aa9b182de8,7.5,6,1526768,0,2.22
2026-10-08T00:33:06.982000+00:00,,2026-10-08T00:33:06.982000+00:00,,5.5,Maha Oya,Giriulla,76803dcd-0875-4585-8798-8348f7ce8c83,7.5,6.5,1526767,0,2.84
2026-10-08T00:32:45.165000+00:00,,2026-10-08T00:32:45.165000+00:00,,5,Mahaweli Ganga,Peradeniya,be65f7b4-56b2-4179-bcaa-83fef8b38f14,9,7,1526766,0,2.79
2026-10-08T00:32:44.929000+00:00,,2026-10-08T00:32:44.929000+00:00,,6.9,Kirindi Oya,Kuda Oya,30669bf6-f613-4645-8533-a9c09e8ab9b1,8.8,8.4,1526765,0,1.24
2026-10-08T00:32:43.060000+00:00,,2026-10-08T00:32:43.060000+00:00,,4.5,Heda Oya,Siyambalanduwa,51cd1e9b-cd98-4b5c-ace5-22e066ac48f4,7,6,1526764,0,0.26
2026-10-08T00:32:39.987000+00:00,,2026-10-08T00:32:39.987000+00:00,,3,Mahaweli Ganga,Manampitiya,b842f744-bc75-46e0-90bd-57edd73c6ce1,6,4.3,1526763,0,-0.08
2026-10-08T00:32:34.019000+00:00,,2026-10-08T00:32:34.019000+00:00,,4,Kalu Ganga,Magura,32e7a938-9011-40d4-a97e-8a68c8b3f107,7.5,6,1526762,0,2.86
2026-10-08T00:32:23.623000+00:00,,2026-10-08T00:32:23.623000+00:00,,3,Mahaweli Ganga,Thaldena,c37e0c4b-be83-45d1-b186-3fe0719d4583,5,4,1526761,0,0.25
2026-10-08T00:32:00.931000+00:00,,2026-10-08T00:32:00.931000+00:00,,3,Walawe Ganga,Moraketiya,5365f1bf-ea55-43a2-b6f2-3352b727fa84,7,5,1526760,0,1.03
2026-10-08T00:31:59.471000+00:00,,2026-10-08T00:31:59.471000+00:00,,1.4,Nilwala Ganga,Thalgahagoda,0b73bc9f-b8c3-44eb-83a0-201300750a03,2.8,1.7,1526759,0,1.04
2026-10-08T00:31:50.746000+00:00,,2026-10-08T00:31:50.746000+00:00,,5,Kalu Ganga,Kalawellawa (Millakanda),2e21900a-fa42-40af-b21d-9948f0fd91ad,8,6.5,1526758,0,3.54
2026-10-08T00:31:49.995000+00:00,,2026-10-08T00:31:49.995000+00:00,,,Gal Oya,Ampara,37218ef3-8511-4df5-911c-e66505ed4ab4,,,1526757,0,0
2026-10-08T00:31:45.290000+00:00,,2026-10-08T00:31:45.290000+00:00,,3,Kelani Ganga,Kithulgala,3573b35d-76a8-4b7f-9f05-1c56b737aa8a,6,4,1526756,0,2.09
2026-10-08T00:31:44.042000+00:00,,2026-10-08T00:31:44.042000+00:00,,4.4,Kirindi Oya,Wellawaya,795af0b2-e3a1-4423-af4f-50892438b150,5.9,5.4,1526755,0,0.84
2026-10-08T00:31:34.422000+00:00,,2026-10-08T00:31:34.422000+00:00,,5,Kumbukkan Oya,Nakkala,e08369b2-95fe-4496-ab24-a1a7ddfa3277,7.5,6,1526754,0,0.66
2026-10-08T00:31:33.510000+00:00,,2026-10-08T00:31:33.510000+00:00,,15,Kelani Ganga,Glencourse,73791f24-32ab-4890-b308-b05ca4389473,19,15.5,1526753,0,11.58
2026-10-08T00:31:30.147000+00:00,,2026-10-08T00:31:30.147000+00:00,,4,Ma Oya,Yaka Wewa,29f96253-51f7-4c0a-94b6-dc2fcd3cab69,6,5,1526752,0,0.4
2026-10-08T00:31:22.869000+00:00,,2026-10-08T00:31:22.869000+00:00,,6.5,Kelani Ganga,Hanwella,9571562d-1bf0-4961-86e6-125f0e1c6578,9.5,7.5,1526751,0,3.44
2026-10-08T00:31:16.674000+00:00,,2026-10-08T00:31:16.674000+00:00,,6,Yan Oya,Horowpothana,42c41516-f120-4d7d-838e-3cab02a0bfca,10.5,7.5,1526750,0,1.65
2026-10-08T00:31:16.463000+00:00,,2026-10-08T00:31:16.463000+00:00,,3,Kalu Ganga,Putupaula,50abc0d9-e202-448e-84ab-f65fa19d74df,5,4,1526749,0,0.8
2026-10-08T00:31:03.124000+00:00,,2026-10-08T00:31:03.124000+00:00,,5,Mahaweli Ganga,Weraganthota,8a4ceddb-832a-4ec8-94d2-473c233df731,8,6,1526748,0,-3.25
2026-10-08T00:30:16.107000+00:00,,2026-10-08T00:30:16.107000+00:00,,4.75,Deduru Oya,Moragaswewa,64d7960a-823e-4bb8-a6e4-763349fd7320,7,6,1526747,0,0.74
2026-10-08T00:30:11.061000+00:00,,2026-10-08T00:30:11.061000+00:00,,4,Nilwala Ganga,Pitabeddara,e50822c0-15a9-446a-940c-314dfb1a8fa9,6.5,5,1526746,0,1.04
2026-10-08T00:28:40.284000+00:00,,2026-10-08T00:28:40.284000+00:00,,4,Gin Ganga,Thawalama,da84d046-4d17-4aef-81e3-4191b6dfcd57,7.5,6,1526745,0,2.28
2026-10-08T00:22:28.324000+00:00,,2026-10-08T00:22:28.324000+00:00,,5,Kalu Ganga,Kalawellawa (Millakanda),1293207a-354c-4b81-8e95-5f43ac7ae6c3,8,6.5,1526744,0,3.47
2026-10-08T00:22:03.820000+00:00,,2026-10-08T00:22:03.820000+00:00,,5,Kalu Ganga,Kalawellawa (Millakanda),2199cc08-06dd-428a-bd30-7deee95cdc06,8,6.5,1526743,0,3.26
2026-10-08T00:05:25.315000+00:00,,2026-10-08T00:05:25.315000+00:00,,3,Mahaweli Ganga,Thaldena,e632503e-b7a4-455b-bb48-a53c69e3b850,5,4,1526742,0,0.2
2026-10-07T23:54:35.418000+00:00,,2026-10-07T23:54:35.418000+00:00,,3,Kelani Ganga,Holombuwa,aa99f0c2-e1b2-471c-8dbc-1504f2ffcdda,6,4,1526741,0,1.38
2026-10-07T23:39:57.673000+00:00,,2026-10-07T23:39:57.673000+00:00,,4,Kalu Ganga,Magura,dc66428e-9be2-47fd-accd-a404d2371711,7.5,6,1526740,0,2.93
2026-10-07T23:39:43.135000+00:00,,2026-10-07T23:39:43.135000+00:00,,4,Menik Ganga,Katharagama,f47025a5-37eb-4d1e-b194-8e6d4e521761,6.5,4.6,1526739,0,-0.27
2026-10-07T23:39:27.120000+00:00,,2026-10-07T23:39:27.120000+00:00,,4,Nilwala Ganga,Pitabeddara,52387613-8106-4aed-8ccd-2c5a10fba0dd,6.5,5,1526738,0,1.08
2026-10-07T23:39:20.371000+00:00,,2026-10-07T23:39:20.371000+00:00,,5.2,Kalu Ganga,Rathnapura,c45d6c2c-f58a-41e7-a1f3-308f1ac80190,9.5,7.5,1526737,0,1.69
2026-10-07T23:38:29.022000+00:00,,2026-10-07T23:38:29.022000+00:00,,10,Kalu Ganga,Ellagawa,f32ab13e-f4c3-4e9c-a672-2758863a907c,12.2,10.7,1526736,0,5.56
2026-10-07T23:36:50.857000+00:00,,2026-10-07T23:36:50.857000+00:00,,3.5,Gin Ganga,Baddegama,ced05803-8152-4edf-a6f0-9985de2cb609,5,4,1526735,0,2.35
2026-10-07T23:36:45.772000+00:00,,2026-10-07T23:36:45.772000+00:00,,6.9,Kirindi Oya,Kuda Oya,315968e0-e08b-4349-875b-21be20dfcf25,8.8,8.4,1526734,0.8,1.25
2026-10-07T23:35:46.155000+00:00,,2026-10-07T23:35:46.155000+00:00,,4,Kirindi Oya,Thanamalwila,028a0592-3c29-4bfd-87c5-d865c36b8450,5.5,5,1526733,0,0.67
2026-10-07T23:35:41.075000+00:00,,2026-10-07T23:35:41.075000+00:00,,5,Maha Oya,Badalgama,600c9c42-7419-4c70-a7cc-bc76641335f0,9.6,6.2,1526732,0,2.83
2026-10-07T23:33:46.144000+00:00,,2026-10-07T23:33:46.144000+00:00,,4,Kelani Ganga,Nagalagam Street,f1160e95-55c3-4d4a-8cc3-f6ae4b4d61bb,7,5,1526731,,1.7
2026-10-07T23:33:44.078000+00:00,,2026-10-07T23:33:44.078000+00:00,,3,Kelani Ganga,Kithulgala,90ad4cb7-5f7b-4917-a8ac-f02502414c1b,6,4,1526730,0,2.16
2026-10-07T23:33:36.289000+00:00,,2026-10-07T23:33:36.289000+00:00,,5.5,Maha Oya,Giriulla,dba90765-f8e5-4e53-aa9d-cea0db3b4eed,7.5,6.5,1526729,0,2.95
2026-10-07T23:33:31.612000+00:00,,2026-10-07T23:33:31.612000+00:00,,15,Kelani Ganga,Glencourse,226261b1-1e0e-4494-8d31-49e32f3ebd1a,19,15.5,1526728,0,11.65
2026-10-07T23:33:28.294000+00:00,,2026-10-07T23:33:28.294000+00:00,,3.3,Aththanagalu Oya,Dunamale,0ad2a90d-81ca-4288-b98d-fb51a423d93d,5.5,4.4,1526727,0,2.97
2026-10-07T23:33:04.579000+00:00,,2026-10-07T23:33:04.579000+00:00,,1.5,Kelani Ganga,Norwood,d22df549-6eb4-4b95-b785-dd099e7cc63e,4.5,3,1526726,0,0.82
2026-10-07T23:32:52.789000+00:00,,2026-10-07T23:32:52.789000+00:00,,4.5,Heda Oya,Siyambalanduwa,36edaf67-1862-405e-b8cc-cccb4ab28d57,7,6,1526725,0,0.26
2026-10-07T23:32:49.514000+00:00,,2026-10-07T23:32:49.514000+00:00,,6,Yan Oya,Horowpothana,1aec779f-5222-4868-a054-9d1356259378,10.5,7.5,1526724,0,1.65
2026-10-07T23:32:44.838000+00:00,,2026-10-07T23:32:44.838000+00:00,,3.5,Mahaweli Ganga,Nawalapitiya,4fbdb051-f41f-477f-bea1-b128eea5ff5f,6,5,1526723,0,1
2026-10-07T23:32:40.286000+00:00,,2026-10-07T23:32:40.286000+00:00,,3,Kalu Ganga,Putupaula,545227ce-9d8e-448c-93c5-bc5e25e45481,5,4,1526722,0,0.85
2026-10-07T23:32:22.535000+00:00,,2026-10-07T23:32:22.535000+00:00,,4.8,Kelani Ganga,Deraniyagala,df61fd8a-3c98-4c18-a3a9-6a1795369fbb,7,5.8,1526721,0,0.79
2026-10-07T23:32:19.735000+00:00,,2026-10-07T23:32:19.735000+00:00,,6.5,Kelani Ganga,Hanwella,3a4b8acd-d050-4b3d-95b3-24559657ede3,9.5,7.5,1526720,0,3.42
2026-10-07T23:32:18.299000+00:00,,2026-10-07T23:32:18.299000+00:00,,5,Mahaweli Ganga,Peradeniya,a0420ef0-a2f5-4dfb-a541-f7c861cefebf,9,7,1526719,0,2.93
2026-10-07T23:31:50.896000+00:00,,2026-10-07T23:31:50.896000+00:00,,2.5,Nilwala Ganga,Urawa,0b7b96ff-b8f9-42d3-a99a-7d90ecef7094,6,4,1526718,0,0.49
2026-10-07T23:31:49.133000+00:00,,2026-10-07T23:31:49.133000+00:00,,4.75,Deduru Oya,Moragaswewa,a693b215-bd2f-44ad-b583-644c8d83b6b8,7,6,1526717,0,0.38
2026-10-07T23:31:47.073000+00:00,,2026-10-07T23:31:47.073000+00:00,,5,Kumbukkan Oya,Nakkala,d1e505bf-c914-482a-b13c-8d6d264fcf4f,7.5,6,1526716,0,0.66
2026-10-07T23:31:40.336000+00:00,,2026-10-07T23:31:40.336000+00:00,,4,Maduru Oya,Padiyathalawa,50e4f4de-1c70-4ee1-8e28-1d13e8d58368,6,4.5,1526715,0,0.06
2026-10-07T23:31:33.686000+00:00,,2026-10-07T23:31:33.686000+00:00,,4,Ma Oya,Yaka Wewa,023c3cbb-1bf6-456c-960a-0d6c86e427bf,6,5,1526714,0,0.4
2026-10-07T23:31:27.433000+00:00,,2026-10-07T23:31:27.433000+00:00,,3,Mahaweli Ganga,Manampitiya,4fba6156-085c-4049-9f3b-4ecbe53a9f92,6,4.3,1526713,0,-0.08
2026-10-07T23:30:36.646000+00:00,,2026-10-07T23:30:36.646000+00:00,,,Gal Oya,Ampara,56137e5b-4e4e-44a1-969c-2204ac9e8f44,,,1526712,0,0
2026-10-07T23:30:16.344000+00:00,,2026-10-07T23:30:16.344000+00:00,,4.4,Kirindi Oya,Wellawaya,65b2a5da-4941-40a3-850a-9a475840044c,5.9,5.4,1526711,0,0.84
2026-10-07T23:30:14.161000+00:00,,2026-10-07T23:30:14.161000+00:00,,3,Walawe Ganga,Moraketiya,322c6488-70f9-4516-bdb6-f700e4b58d36,7,5,1526710,0,1.04
2026-10-07T23:30:13.380000+00:00,,2026-10-07T23:30:13.380000+00:00,,1.4,Nilwala Ganga,Thalgahagoda,1a94ff95-226e-4a31-bc1d-9800e81c9347,2.8,1.7,1526709,0,1.06
2026-10-07T22:56:10.555000+00:00,,2026-10-07T22:56:10.555000+00:00,,6.9,Kirindi Oya,Kuda Oya,7501fecf-6fe9-40b3-bcf1-6aef906c4ed2,8.8,8.4,1526708,0,1.25
2026-10-07T22:46:18.131000+00:00,,2026-10-07T22:46:18.131000+00:00,,4,Gin Ganga,Thawalama,3e8ae51e-f7ce-4a9a-a711-94b5145a2dbc,7.5,6,1526707,0,2.33
2026-10-07T22:45:43.842000+00:00,,2026-10-07T22:45:43.842000+00:00,,4,Gin Ganga,Thawalama,52ae10a1-4ab9-420f-bac2-fb16a300049f,7.5,6,1526706,0,2.35
2026-10-07T22:43:03.992000+00:00,,2026-10-07T22:43:03.992000+00:00,,1.4,Nilwala Ganga,Thalgahagoda,257fed80-b96e-4d3b-af2a-bf4af8b83f2a,2.8,1.7,1526705,0,1.08
2026-10-07T22:42:51.953000+00:00,,2026-10-07T22:42:51.953000+00:00,,4,Kirindi Oya,Thanamalwila,fc3f4d7c-140e-407b-a24a-4b24d4dd5572,5.5,5,1526704,0,0.67
2026-10-07T22:41:36.113000+00:00,,2026-10-07T22:41:36.113000+00:00,,4,Kalu Ganga,Magura,209d869c-e4e4-4a82-bacb-1d533fc7cb02,7.5,6,1526703,0,3.01
2026-10-07T22:38:36.893000+00:00,,2026-10-07T22:38:36.893000+00:00,,3.5,Gin Ganga,Baddegama,f7095608-50b7-4f63-aa58-e89b392df15e,5,4,1526702,0,2.35
2026-10-07T22:38:33.183000+00:00,,2026-10-07T22:38:33.183000+00:00,,10,Kalu Ganga,Ellagawa,fd80e3c0-d100-4371-8bbc-9ff6dc2682c5,12.2,10.7,1526701,0,5.57
2026-10-07T22:38:31.014000+00:00,,2026-10-07T22:38:31.014000+00:00,,10,Kalu Ganga,Ellagawa,d496ff2e-0246-4156-ab80-764debc8097c,12.2,10.7,1526700,0,5.55
2026-10-07T22:38:03.335000+00:00,,2026-10-07T22:38:03.335000+00:00,,5.2,Kalu Ganga,Rathnapura,0d0ac560-57fd-46d9-b7d4-f1f8a97b3316,9.5,7.5,1526699,0,1.75
2026-10-07T22:37:54.952000+00:00,,2026-10-07T22:37:54.952000+00:00,,3,Kalu Ganga,Putupaula,ec6c9168-b54d-4f46-8065-b4baef990263,5,4,1526698,0,0.89
2026-10-07T22:37:13.627000+00:00,,2026-10-07T22:37:13.627000+00:00,,3,Mahaweli Ganga,Manampitiya,d5d6e338-3b3f-41f1-8cc7-cebe3907d301,6,4.3,1526697,2.2,-0.08
2026-10-07T22:36:12.057000+00:00,,2026-10-07T22:36:12.057000+00:00,,4,Nilwala Ganga,Pitabeddara,e22dcae1-5d8e-4db0-82af-20da75c2ee48,6.5,5,1526696,0,1.11
2026-10-07T22:36:05.765000+00:00,,2026-10-07T22:36:05.765000+00:00,,3,Kelani Ganga,Holombuwa,e1d87f5c-e2c3-441b-9013-7ded37218ee4,6,4,1526695,0,1.46
2026-10-07T22:35:59.570000+00:00,,2026-10-07T22:35:59.570000+00:00,,4.5,Heda Oya,Siyambalanduwa,09938f22-5e6c-4e5f-9134-0eace08dc083,7,6,1526694,0,0.26
2026-10-07T22:35:37.507000+00:00,,2026-10-07T22:35:37.507000+00:00,,5.5,Maha Oya,Giriulla,42789105-0111-4082-901f-6749998e7aef,7.5,6.5,1526693,0,2.98
2026-10-07T22:35:05.466000+00:00,,2026-10-07T22:35:05.466000+00:00,,2.5,Nilwala Ganga,Urawa,d19cce33-2165-4305-89e5-dc04f7cd1506,6,4,1526692,0,0.45
2026-10-07T22:34:18.704000+00:00,,2026-10-07T22:34:18.704000+00:00,,5,Nilwala Ganga,Panadugama,58213da1-3142-47e5-9aaf-ca631530bb52,7.5,6,1526691,0,4.51
2026-10-07T22:34:14.478000+00:00,,2026-10-07T22:34:14.478000+00:00,,4,Kelani Ganga,Nagalagam Street,b1967a00-b589-4d6c-b857-62ad49dcd10c,7,5,1526690,,1.9
2026-10-07T22:34:11.140000+00:00,,2026-10-07T22:34:11.140000+00:00,,3.3,Aththanagalu Oya,Dunamale,3543e0b5-6f72-473a-8053-012cb6d76149,5.5,4.4,1526689,0,2.94
2026-10-07T22:34:10.694000+00:00,,2026-10-07T22:34:10.694000+00:00,,5,Maha Oya,Badalgama,2a1ba9c9-9ba2-4486-a3d8-c75d9d137210,9.6,6.2,1526688,0,2.72
2026-10-07T22:33:28.573000+00:00,,2026-10-07T22:33:28.573000+00:00,,4.8,Kelani Ganga,Deraniyagala,0442533d-3d55-42aa-90f9-0029d46870c6,7,5.8,1526687,0,0.79
2026-10-07T22:33:06.004000+00:00,,2026-10-07T22:33:06.004000+00:00,,15,Kelani Ganga,Glencourse,1b12eede-66d9-4ba4-89a4-933e7e877f41,19,15.5,1526686,0,11.71
2026-10-07T22:32:55.575000+00:00,,2026-10-07T22:32:55.575000+00:00,,5,Kumbukkan Oya,Nakkala,fa62e3e9-1fe2-475e-9e6b-b9f3979026a8,7.5,6,1526685,0,0.66
2026-10-07T22:32:54.295000+00:00,,2026-10-07T22:32:54.295000+00:00,,3,Kelani Ganga,Kithulgala,f3a5ecf8-b47f-47b7-b06a-6aa7007a4011,6,4,1526684,0,2.13
2026-10-07T22:32:39.919000+00:00,,2026-10-07T22:32:39.919000+00:00,,1.5,Kelani Ganga,Norwood,4e22b98b-6aed-4941-b62f-64cf4696705b,4.5,3,1526683,0,0.83
2026-10-07T22:32:08.339000+00:00,,2026-10-07T22:32:08.339000+00:00,,6.5,Kelani Ganga,Hanwella,568f5d88-3bbe-427c-8f5d-ba899b91397a,9.5,7.5,1526682,0,3.38
2026-10-07T22:31:57.845000+00:00,,2026-10-07T22:31:57.845000+00:00,,4.75,Deduru Oya,Moragaswewa,efd80d47-394c-4ff5-84c2-f44f19ff3e61,7,6,1526681,0,0.26
2026-10-07T22:31:56.288000+00:00,,2026-10-07T22:31:56.288000+00:00,,4,Menik Ganga,Katharagama,95221879-c260-4690-bb01-4acb6b121542,6.5,4.6,1526680,0,-0.27
2026-10-07T22:31:50.686000+00:00,,2026-10-07T22:31:50.686000+00:00,,4.4,Kirindi Oya,Wellawaya,64faee09-3a7c-4333-a3ce-ce7716f8789c,5.9,5.4,1526679,0,0.84
2026-10-07T22:31:50.232000+00:00,,2026-10-07T22:31:50.232000+00:00,,6,Yan Oya,Horowpothana,fe9ce974-ec24-450d-9156-58b7279f0624,10.5,7.5,1526678,0,1.65
2026-10-07T22:31:46.312000+00:00,,2026-10-07T22:31:46.312000+00:00,,5,Kalu Ganga,Kalawellawa (Millakanda),308a93d6-4e74-4c54-b3ef-2a3ca226b007,8,6.5,1526677,0,3.14
2026-10-07T22:31:41.503000+00:00,,2026-10-07T22:31:41.503000+00:00,,3.5,Mahaweli Ganga,Nawalapitiya,40a0db92-9bac-4701-bcbf-37838bde9d77,6,5,1526676,0,1.27
2026-10-07T22:31:41.140000+00:00,,2026-10-07T22:31:41.140000+00:00,,4,Ma Oya,Yaka Wewa,36fc8d37-c99b-425d-a05a-a053a0d16180,6,5,1526675,0,0.4
2026-10-07T22:31:07.515000+00:00,,2026-10-07T22:31:07.515000+00:00,,3,Mahaweli Ganga,Thaldena,998d853b-67d8-4440-a218-42a0ef7f93f2,5,4,1526674,0,0.21
2026-10-07T22:30:51.277000+00:00,,2026-10-07T22:30:51.277000+00:00,,3,Walawe Ganga,Moraketiya,0dd579c2-c9c5-4a13-90d3-142812ee4199,7,5,1526673,0,1.05
2026-10-07T22:30:49.723000+00:00,,2026-10-07T22:30:49.723000+00:00,,,Gal Oya,Ampara,c7a8c0d6-8c6b-445c-aa99-3b6effc33a3a,,,1526672,0,0
2026-10-07T22:30:42.162000+00:00,,2026-10-07T22:30:42.162000+00:00,,5,Mahaweli Ganga,Peradeniya,c2e48088-335f-4b9a-8a4a-3828270dc271,9,7,1526671,0,3.09
2026-10-07T21:58:43.355000+00:00,,2026-10-07T21:58:43.355000+00:00,,3,Kalu Ganga,Putupaula,a8eea74b-54ed-48a1-886a-f2932f697e6f,5,4,1526670,0,0.84
2026-10-07T21:42:46.274000+00:00,,2026-10-07T21:42:46.274000+00:00,,3.5,Gin Ganga,Baddegama,53ac2f9d-524f-4f2d-b7da-987cc3180bf6,5,4,1526669,0,2.35
2026-10-07T21:40:57.554000+00:00,,2026-10-07T21:40:57.554000+00:00,,3,Kelani Ganga,Holombuwa,cebafd38-641e-4f28-9e24-7f18f8e09a30,6,4,1526668,0,1.56
2026-10-07T21:39:40.965000+00:00,,2026-10-07T21:39:40.965000+00:00,,5,Nilwala Ganga,Panadugama,2a26f464-12ed-44e7-9d84-ef2cf835a195,7.5,6,1526667,0,4.55
2026-10-07T21:38:05.108000+00:00,,2026-10-07T21:38:05.108000+00:00,,4,Kelani Ganga,Nagalagam Street,30531b9e-47ed-4134-8664-30b796cd089a,7,5,1526666,,2.2
2026-10-07T21:37:13.363000+00:00,,2026-10-07T21:37:13.363000+00:00,,1.4,Nilwala Ganga,Thalgahagoda,ff38dba1-305c-47a7-be7a-29e39d1c17d3,2.8,1.7,1526665,0,1.06
2026-10-07T21:36:35.606000+00:00,,2026-10-07T21:36:35.606000+00:00,,4.75,Deduru Oya,Moragaswewa,37761d2c-aeb9-4aed-9205-20b04ad2a0d3,7,6,1526664,0,0.22
2026-10-07T21:36:15.567000+00:00,,2026-10-07T21:36:15.567000+00:00,,5,Mahaweli Ganga,Peradeniya,3b5829f4-0b4f-4d6f-9626-646da1d04f2c,9,7,1526663,0,3.22
2026-10-07T21:35:58.062000+00:00,,2026-10-07T21:35:58.062000+00:00,,5.2,Kalu Ganga,Rathnapura,ebe14d99-4b06-4ff7-8536-7826d674a535,9.5,7.5,1526662,0,1.84
2026-10-07T21:35:42.816000+00:00,,2026-10-07T21:35:42.816000+00:00,,5,Maha Oya,Badalgama,e950109f-8af3-47d4-8952-e93828e8a406,9.6,6.2,1526661,0,2.72
2026-10-07T21:35:09.765000+00:00,,2026-10-07T21:35:09.765000+00:00,,3,Mahaweli Ganga,Manampitiya,d6ba0251-24e0-4b7a-9518-0c529ec59d72,6,4.3,1526660,0,-0.08
2026-10-07T21:35:03.374000+00:00,,2026-10-07T21:35:03.374000+00:00,,4,Nilwala Ganga,Pitabeddara,88ff2545-3039-4a86-b666-3c9b42372961,6.5,5,1526659,0,1.11
2026-10-07T21:34:48.831000+00:00,,2026-10-07T21:34:48.831000+00:00,,2.5,Nilwala Ganga,Urawa,00765df7-3ae7-4dcf-a64f-37ee16e477f8,6,4,1526658,0,0.4
2026-10-07T21:34:41.158000+00:00,,2026-10-07T21:34:41.158000+00:00,,4,Maduru Oya,Padiyathalawa,d0b0ebdd-8649-4a8a-b5d8-44207b9aab5e,6,4.5,1526657,0,0.06
2026-10-07T21:34:30.466000+00:00,,2026-10-07T21:34:30.466000+00:00,,4.5,Heda Oya,Siyambalanduwa,838a934b-963d-42e9-b704-5635884eaeb2,7,6,1526656,0,0.26
2026-10-07T21:34:28.139000+00:00,,2026-10-07T21:34:28.139000+00:00,,4,Kirindi Oya,Thanamalwila,6b81d958-79fa-4638-9e6a-3cab033e4272,5.5,5,1526655,0,0.67
2026-10-07T21:34:18.381000+00:00,,2026-10-07T21:34:18.381000+00:00,,3.5,Mahaweli Ganga,Nawalapitiya,47332eb7-5325-41a9-9d43-c5c14f8e6dee,6,5,1526654,0,1.28
2026-10-07T21:34:15.969000+00:00,,2026-10-07T21:34:15.969000+00:00,,3,Kelani Ganga,Kithulgala,35fd34f2-f2ec-4335-876d-a7ce4e31b80e,6,4,1526653,0,2.15
2026-10-07T21:34:02.815000+00:00,,2026-10-07T21:34:02.815000+00:00,,3,Walawe Ganga,Moraketiya,8b9820bc-c1d7-4614-9459-45681e305551,7,5,1526652,0,1.05
2026-10-07T21:33:47.079000+00:00,,2026-10-07T21:33:47.079000+00:00,,6.5,Kelani Ganga,Hanwella,5330af11-c766-41ca-a361-8f84b83ae0b7,9.5,7.5,1526651,0,3.35
2026-10-07T21:33:27.776000+00:00,,2026-10-07T21:33:27.776000+00:00,,15,Kelani Ganga,Glencourse,b852f0b5-e50c-4246-9a6b-015b6934fed9,19,15.5,1526650,0,11.75
2026-10-07T21:33:27.682000+00:00,,2026-10-07T21:33:27.682000+00:00,,3.3,Aththanagalu Oya,Dunamale,2b9098f3-12a5-4722-b444-a30d0264e045,5.5,4.4,1526649,0,2.92
2026-10-07T21:33:27.318000+00:00,,2026-10-07T21:33:27.318000+00:00,,4.8,Kelani Ganga,Deraniyagala,80184d02-1338-4b4d-afa8-3d4179ef77e8,7,5.8,1526648,0,0.81
2026-10-07T21:33:20.191000+00:00,,2026-10-07T21:33:20.191000+00:00,,4,Menik Ganga,Katharagama,82d1a9b4-5b3a-438a-9ddb-9415ee52ed3b,6.5,4.6,1526647,0,-0.27
2026-10-07T21:33:18.569000+00:00,,2026-10-07T21:33:18.569000+00:00,,1.5,Kelani Ganga,Norwood,87b0fa06-f55f-4741-ac4b-228e8a0bdf87,4.5,3,1526646,0,0.82
2026-10-07T21:33:03.745000+00:00,,2026-10-07T21:33:03.745000+00:00,,5,Kalu Ganga,Kalawellawa (Millakanda),b2fea51f-4d19-4f1f-886c-6a823ad65df2,8,6.5,1526645,0,3.17
2026-10-07T21:32:30.801000+00:00,,2026-10-07T21:32:30.801000+00:00,,6.9,Kirindi Oya,Kuda Oya,d6b6ebae-8bd7-43c8-8d46-6e98dc338fbf,8.8,8.4,1526644,0,1.25
2026-10-07T21:32:22.006000+00:00,,2026-10-07T21:32:22.006000+00:00,,5.5,Maha Oya,Giriulla,5cecdab0-ab1b-4057-832d-f8fa00bb3b25,7.5,6.5,1526643,0,2.78
2026-10-07T21:32:14.705000+00:00,,2026-10-07T21:32:14.705000+00:00,,6,Yan Oya,Horowpothana,2fcd5095-09d5-4893-b1fe-fef2bffb2001,10.5,7.5,1526642,0,1.65
2026-10-07T21:31:21.787000+00:00,,2026-10-07T21:31:21.787000+00:00,,3,Mahaweli Ganga,Thaldena,3b62ba5b-a4d5-4b19-a4bc-c53626947932,5,4,1526641,0,0.21
2026-10-07T21:31:17.730000+00:00,,2026-10-07T21:31:17.730000+00:00,,5,Kumbukkan Oya,Nakkala,2617c949-7aa2-4df8-b0e5-01079303673a,7.5,6,1526640,0,0.66
2026-10-07T21:30:50.110000+00:00,,2026-10-07T21:30:50.110000+00:00,,,Gal Oya,Ampara,244971b6-0c9d-49ef-8f97-da543a59a0c4,,,1526639,0,0
2026-10-07T21:30:34.220000+00:00,,2026-10-07T21:30:34.220000+00:00,,4,Ma Oya,Yaka Wewa,5eb6f6c3-7858-4180-99b1-3cd2af318115,6,5,1526638,0,0.4
2026-10-07T21:30:18.689000+00:00,,2026-10-07T21:30:18.689000+00:00,,4.4,Kirindi Oya,Wellawaya,1f303154-b728-4757-af76-3d8f18664b3b,5.9,5.4,1526637,0,0.84
2026-10-07T21:25:41.986000+00:00,,2026-10-07T21:25:41.986000+00:00,,3,Kalu Ganga,Putupaula,3f9cf9b5-b116-4f4f-b375-c03f0b33af79,5,4,1526636,0,0.72
2026-10-07T21:20:22.866000+00:00,,2026-10-07T21:20:22.866000+00:00,,3.3,Aththanagalu Oya,Dunamale,ae036bf0-02aa-4f4f-8ac6-54877562aed6,5.5,4.4,1526635,0,2.81
2026-10-07T20:44:13.443000+00:00,,2026-10-07T20:44:13.443000+00:00,,5,Kalu Ganga,Kalawellawa (Millakanda),58dec0cb-feb9-4333-85af-da8fa1f9b071,8,6.5,1526634,0,3.18
2026-10-07T20:41:10.847000+00:00,,2026-10-07T20:41:10.847000+00:00,,3,Mahaweli Ganga,Manampitiya,a5638f1e-c65b-44d9-90cd-60113b2875b4,6,4.3,1526633,0,-0.1
2026-10-07T20:39:38.077000+00:00,,2026-10-07T20:39:38.077000+00:00,,1.4,Nilwala Ganga,Thalgahagoda,a59e3fdc-e02c-4ebc-84c5-3387cf5d4212,2.8,1.7,1526632,0,1.03
2026-10-07T20:38:11.291000+00:00,,2026-10-07T20:38:11.291000+00:00,,5,Nilwala Ganga,Panadugama,ce5724af-760d-4d62-a703-18883010614f,7.5,6,1526631,0,4.58
2026-10-07T20:37:51.174000+00:00,,2026-10-07T20:37:51.174000+00:00,,4,Kalu Ganga,Magura,ca87a144-e8ec-4ee1-b18f-11b3d7b0abb8,7.5,6,1526630,0,3.34
2026-10-07T20:37:50.188000+00:00,,2026-10-07T20:37:50.188000+00:00,,4,Kalu Ganga,Magura,34be00aa-c700-4c1f-9d3a-a8b0ffc9f947,7.5,6,1526629,0,3.52
2026-10-07T20:36:52.692000+00:00,,2026-10-07T20:36:52.692000+00:00,,3,Kelani Ganga,Holombuwa,3c9baec4-daae-485d-bb20-601d26c81a22,6,4,1526628,0,1.82
2026-10-07T20:36:48.460000+00:00,,2026-10-07T20:36:48.460000+00:00,,10,Kalu Ganga,Ellagawa,95312a48-ff8e-494b-8a4f-db5c7770d49a,12.2,10.7,1526627,0,5.53
2026-10-07T20:35:03.292000+00:00,,2026-10-07T20:35:03.292000+00:00,,4,Nilwala Ganga,Pitabeddara,d7982c47-70bb-4fa1-a1d4-951340c4db9e,6.5,5,1526626,0,1.12
2026-10-07T20:34:56.586000+00:00,,2026-10-07T20:34:56.586000+00:00,,15,Kelani Ganga,Glencourse,f6a6462b-6211-4b6b-95a0-e0905a413c15,19,15.5,1526625,0,11.73
2026-10-07T20:34:40.053000+00:00,,2026-10-07T20:34:40.053000+00:00,,3.5,Gin Ganga,Baddegama,85c783f4-d9c0-4fb5-a48d-6b7dc7697042,5,4,1526624,0,2.35
2026-10-07T20:34:25.030000+00:00,,2026-10-07T20:34:25.030000+00:00,,6.5,Kelani Ganga,Hanwella,571b3050-cce9-48b1-bada-2b28a774acde,9.5,7.5,1526623,0,3.22
2026-10-07T20:34:24.046000+00:00,,2026-10-07T20:34:24.046000+00:00,,5.5,Maha Oya,Giriulla,8c2735dc-27db-4b99-bda8-0819404bd10c,7.5,6.5,1526622,0,2.2
2026-10-07T20:34:05.350000+00:00,,2026-10-07T20:34:05.350000+00:00,,4.8,Kelani Ganga,Deraniyagala,229f95d1-d800-4be5-b8d8-e8ed718a9c4a,7,5.8,1526621,0,0.81
2026-10-07T20:34:03.924000+00:00,,2026-10-07T20:34:03.924000+00:00,,3.5,Mahaweli Ganga,Nawalapitiya,c6872bd4-f2f4-43ac-b5d8-3067e3790e29,6,5,1526620,0,1.3
2026-10-07T20:33:52.769000+00:00,,2026-10-07T20:33:52.769000+00:00,,5,Maha Oya,Badalgama,c1b91bf4-00ce-4792-8f43-98be82e728cc,9.6,6.2,1526619,0,2.73
2026-10-07T20:33:24.391000+00:00,,2026-10-07T20:33:24.391000+00:00,,5,Kumbukkan Oya,Nakkala,bc595b4c-0408-4e65-88f2-3109674b44dd,7.5,6,1526618,0,0.66
2026-10-07T20:32:44.432000+00:00,,2026-10-07T20:32:44.432000+00:00,,6,Yan Oya,Horowpothana,de13f2a5-03fd-46e9-ba37-e1c8a39ea68b,10.5,7.5,1526617,0,1.65
2026-10-07T20:32:42.060000+00:00,,2026-10-07T20:32:42.060000+00:00,,3,Kelani Ganga,Kithulgala,55a42449-e232-4927-a1c1-5e0775735ea6,6,4,1526616,0,2.14
2026-10-07T20:32:39.256000+00:00,,2026-10-07T20:32:39.256000+00:00,,1.5,Kelani Ganga,Norwood,a5b341d1-2c63-41ff-b6bf-5747651388f9,4.5,3,1526615,0,0.84
2026-10-07T20:32:27.395000+00:00,,2026-10-07T20:32:27.395000+00:00,,4,Kelani Ganga,Nagalagam Street,ac562c34-90d8-4633-8c6d-6c9a3c00ec94,7,5,1526614,,2.4
2026-10-07T20:32:21.678000+00:00,,2026-10-07T20:32:21.678000+00:00,,4,Menik Ganga,Katharagama,80648e69-c3a1-4d80-9c7b-35d4228368de,6.5,4.6,1526613,0,-0.28
2026-10-07T20:31:50.600000+00:00,,2026-10-07T20:31:50.600000+00:00,,4,Kirindi Oya,Thanamalwila,dd6a271a-054c-4db1-af93-60d8b0d8004e,5.5,5,1526612,0,0.68
2026-10-07T20:31:35.949000+00:00,,2026-10-07T20:31:35.949000+00:00,,4.5,Heda Oya,Siyambalanduwa,7423a644-16fa-4b26-9369-5add08587671,7,6,1526611,0,0.26
2026-10-07T20:31:34.595000+00:00,,2026-10-07T20:31:34.595000+00:00,,5,Mahaweli Ganga,Peradeniya,1407e5c6-bd58-4f02-a7e7-841976dc99bb,9,7,1526610,0,3.38
2026-10-07T20:31:20.969000+00:00,,2026-10-07T20:31:20.969000+00:00,,6.9,Kirindi Oya,Kuda Oya,b0a3ad7a-3b15-439a-93ef-12d79a9eb6fc,8.8,8.4,1526609,0,1.26
2026-10-07T20:31:18.919000+00:00,,2026-10-07T20:31:18.919000+00:00,,,Gal Oya,Ampara,761250c4-a02c-438d-8ad9-e0fd018bdf22,,,1526608,0,0
2026-10-07T20:31:00.235000+00:00,,2026-10-07T20:31:00.235000+00:00,,4.75,Deduru Oya,Moragaswewa,54e9f1be-6aa6-4812-9b99-cad0657aedb8,7,6,1526607,0,0.21
2026-10-07T20:30:57.516000+00:00,,2026-10-07T20:30:57.516000+00:00,,4.4,Kirindi Oya,Wellawaya,75a8d209-ac50-4e81-a43f-fb15e7dfdf30,5.9,5.4,1526606,0,0.84
2026-10-07T20:30:42.103000+00:00,,2026-10-07T20:30:42.103000+00:00,,3,Mahaweli Ganga,Thaldena,fd2231f7-a9df-45fd-a4f2-b381585d83d8,5,4,1526605,0,0.21
2026-10-07T20:28:32.742000+00:00,,2026-10-07T20:28:32.742000+00:00,,4.4,Kirindi Oya,Wellawaya,5c912a08-eeee-449a-a598-647811496b1e,5.9,5.4,1526604,0,0.84
2026-10-07T20:21:08.855000+00:00,,2026-10-07T20:21:08.855000+00:00,,5,Kalu Ganga,Kalawellawa (Millakanda),0a20194d-e9d5-4e94-9408-09329977e3ad,8,6.5,1526603,0,3.2
2026-10-07T20:14:07.707000+00:00,,2026-10-07T20:14:07.707000+00:00,,3,Kelani Ganga,Holombuwa,5003ebf0-0968-49cb-8ecd-b2771ab88e6b,6,4,1526602,0,2.2
2026-10-07T19:53:21.795000+00:00,,2026-10-07T19:53:21.795000+00:00,,1.4,Nilwala Ganga,Thalgahagoda,6981cf89-0d20-4423-84db-00d72cb4e283,2.8,1.7,1526601,0,1
2026-10-07T19:50:42.103000+00:00,,2026-10-07T19:50:42.103000+00:00,,4,Menik Ganga,Katharagama,d1b78700-67df-416b-b38c-9304a5a1d7f5,6.5,4.6,1526600,0,-0.28
2026-10-07T19:48:43.122000+00:00,,2026-10-07T19:48:43.122000+00:00,,3,Mahaweli Ganga,Thaldena,0c3e3983-0f3e-414c-bed5-5f126a17efbe,5,4,1526599,0,0.21
2026-10-07T19:45:47.356000+00:00,,2026-10-07T19:45:47.356000+00:00,,3.5,Gin Ganga,Baddegama,89aab34f-068c-432b-af31-adafda3d6e34,5,4,1526598,0,2.35
2026-10-07T19:44:11.006000+00:00,,2026-10-07T19:44:11.006000+00:00,,3,Kalu Ganga,Putupaula,b5af2ec5-2747-41ce-a7a1-a1b19bbe1002,5,4,1526597,0,0.6
2026-10-07T19:43:19.136000+00:00,,2026-10-07T19:43:19.136000+00:00,,5,Nilwala Ganga,Panadugama,e3044742-ece9-4e38-99cb-2b6a486301a7,7.5,6,1526596,0,4.61
2026-10-07T19:36:10.305000+00:00,,2026-10-07T19:36:10.305000+00:00,,4,Nilwala Ganga,Pitabeddara,61572172-c656-410a-9eb0-f8c53708808b,6.5,5,1526595,0,1.15
2026-10-07T19:34:24.818000+00:00,,2026-10-07T19:34:24.818000+00:00,,3.5,Mahaweli Ganga,Nawalapitiya,44b95cfa-a476-41eb-83e1-0ca23c0de81a,6,5,1526594,0,1.31
2026-10-07T19:34:19.811000+00:00,,2026-10-07T19:34:19.811000+00:00,,3,Kelani Ganga,Kithulgala,2baa7a17-5262-4e5b-bc40-15d8c49430e4,6,4,1526593,0,2.03
2026-10-07T19:33:59.424000+00:00,,2026-10-07T19:33:59.424000+00:00,,5.5,Maha Oya,Giriulla,f8845ca2-9ffe-495b-8bb1-3b144f5c9271,7.5,6.5,1526592,0,1.49
2026-10-07T19:33:46.140000+00:00,,2026-10-07T19:33:46.140000+00:00,,4,Kirindi Oya,Thanamalwila,c230583b-ba83-4068-8643-d3ff9b26e15b,5.5,5,1526591,0,0.68
2026-10-07T19:33:36.589000+00:00,,2026-10-07T19:33:36.589000+00:00,,3.3,Aththanagalu Oya,Dunamale,c0fb6aee-f34e-4ee7-bf04-065fdc385cc2,5.5,4.4,1526590,0,2.7
2026-10-07T19:33:23.287000+00:00,,2026-10-07T19:33:23.287000+00:00,,4,Gin Ganga,Thawalama,b10e3bba-a1bc-4417-b475-1571a8a6503b,7.5,6,1526589,0,2.4
2026-10-07T19:33:03.467000+00:00,,2026-10-07T19:33:03.467000+00:00,,6.9,Kirindi Oya,Kuda Oya,415a9c69-8b30-4221-9eca-58f6714d6011,8.8,8.4,1526588,0,1.26
2026-10-07T19:33:00.878000+00:00,,2026-10-07T19:33:00.878000+00:00,,5,Maha Oya,Badalgama,3fc5ecf9-41f6-4135-93ef-7e7d01e0c3f3,9.6,6.2,1526587,0,2.74
2026-10-07T19:32:52.617000+00:00,,2026-10-07T19:32:52.617000+00:00,,4,Kelani Ganga,Nagalagam Street,6c4a0c1d-626f-403a-8741-f2782e77a9b4,7,5,1526586,,2.3
2026-10-07T19:32:41.431000+00:00,,2026-10-07T19:32:41.431000+00:00,,4.5,Heda Oya,Siyambalanduwa,a9445ed3-7916-4202-ae67-c28dfbec99f9,7,6,1526585,0,0.26
2026-10-07T19:32:37.428000+00:00,,2026-10-07T19:32:37.428000+00:00,,6.5,Kelani Ganga,Hanwella,cfd90532-6d0b-466a-afde-c3db10050e95,9.5,7.5,1526584,0,3.04
2026-10-07T19:32:36.462000+00:00,,2026-10-07T19:32:36.462000+00:00,,1.5,Kelani Ganga,Norwood,9acf4b62-6297-4db4-bb76-2aba9fe3a8ff,4.5,3,1526583,0,0.84
2026-10-07T19:32:35.162000+00:00,,2026-10-07T19:32:35.162000+00:00,,4.8,Kelani Ganga,Deraniyagala,c2fb3291-18a5-454e-8691-c83032f928f1,7,5.8,1526582,0,0.79
2026-10-07T19:32:34.217000+00:00,,2026-10-07T19:32:34.217000+00:00,,1.4,Nilwala Ganga,Thalgahagoda,c464e21d-3117-44d3-bb90-27bc217c2ce9,2.8,1.7,1526581,0,1
2026-10-07T19:32:21.350000+00:00,,2026-10-07T19:32:21.350000+00:00,,3,Walawe Ganga,Moraketiya,e5888e77-6c20-4dfd-9357-ea79ca3e3114,7,5,1526580,0,1.09
2026-10-07T19:32:10.497000+00:00,,2026-10-07T19:32:10.497000+00:00,,5,Mahaweli Ganga,Peradeniya,6de5bab8-ef24-443a-9fd8-1b33e91c1d8e,9,7,1526579,0,3.46
2026-10-07T19:32:08.516000+00:00,,2026-10-07T19:32:08.516000+00:00,,3,Mahaweli Ganga,Manampitiya,47323d80-1da0-4cd8-bfa9-c36a11146aad,6,4.3,1526578,0,-0.1
2026-10-07T19:32:07.580000+00:00,,2026-10-07T19:32:07.580000+00:00,,10,Kalu Ganga,Ellagawa,6381f369-8043-434e-b846-0ad59f4d0906,12.2,10.7,1526577,0,5.52
2026-10-07T19:32:00.234000+00:00,,2026-10-07T19:32:00.234000+00:00,,4.75,Deduru Oya,Moragaswewa,f32f4c7d-deab-4d98-88b1-54cc8f54d679,7,6,1526576,0,0.2
2026-10-07T19:31:48.803000+00:00,,2026-10-07T19:31:48.803000+00:00,,5,Kumbukkan Oya,Nakkala,eed6c8ba-8003-4a12-9063-483299301b56,7.5,6,1526575,0,0
2026-10-07T19:31:34.468000+00:00,,2026-10-07T19:31:34.468000+00:00,,,Gal Oya,Ampara,3ca4b006-9899-4b0b-b810-b4eeb1afb094,,,1526574,0,0
2026-10-07T19:31:08.960000+00:00,,2026-10-07T19:31:08.960000+00:00,,15,Kelani Ganga,Glencourse,1e776767-32f1-48ff-8312-0f59f2715bab,19,15.5,1526573,0,11.7
2026-10-07T19:31:07.802000+00:00,,2026-10-07T19:31:07.802000+00:00,,4,Maduru Oya,Padiyathalawa,b6e28450-910d-4ad2-9492-ba20cebbe8d0,6,4.5,1526572,0,0.06
2026-10-07T19:30:21.830000+00:00,,2026-10-07T19:30:21.830000+00:00,,6,Yan Oya,Horowpothana,8cfb502b-cc74-4994-a5c4-86b72fe4d8e7,10.5,7.5,1526571,0,1.65
2026-10-07T19:29:53.207000+00:00,,2026-10-07T19:29:53.207000+00:00,,4.4,Kirindi Oya,Wellawaya,8110f913-f752-4e4b-bc28-b2f050ec4e2b,5.9,5.4,1526570,0,0.84
2026-10-07T18:46:37.287000+00:00,,2026-10-07T18:46:37.287000+00:00,,5,Kalu Ganga,Kalawellawa (Millakanda),ed78ff9f-a9b3-40f9-8e98-f4aa6c40b933,8,6.5,1526569,0,3.22
2026-10-07T18:42:44.397000+00:00,,2026-10-07T18:42:44.397000+00:00,,4,Nilwala Ganga,Pitabeddara,913c7f80-d355-4543-8fde-7b45554cb46a,6.5,5,1526568,0,1.16
2026-10-07T18:41:02.854000+00:00,,2026-10-07T18:41:02.854000+00:00,,5.2,Kalu Ganga,Rathnapura,4512ea3c-368b-4977-9e41-29ff1d46bc4e,9.5,7.5,1526567,0,1.99
2026-10-07T18:40:28.175000+00:00,,2026-10-07T18:40:28.175000+00:00,,5,Nilwala Ganga,Panadugama,bf2b4865-a90c-4e5a-b93c-b29157bec65f,7.5,6,1526566,0,4.64
2026-10-07T18:39:01.900000+00:00,,2026-10-07T18:39:01.900000+00:00,,1.4,Nilwala Ganga,Thalgahagoda,34f7e460-baa3-4a99-9896-0c3253b370ee,2.8,1.7,1526565,0,1.01
2026-10-07T18:38:56.072000+00:00,,2026-10-07T18:38:56.072000+00:00,,3,Kalu Ganga,Putupaula,ef3fb323-26d3-46f3-801e-304ee385e204,5,4,1526564,0,0.51
2026-10-07T18:37:59.350000+00:00,,2026-10-07T18:37:59.350000+00:00,,3,Kelani Ganga,Holombuwa,4c1e10ea-6108-44c6-a492-c0dc677efc23,6,4,1526563,0,2.62
2026-10-07T18:37:18.168000+00:00,,2026-10-07T18:37:18.168000+00:00,,3,Walawe Ganga,Moraketiya,31bd6abb-c328-4171-b4ec-9032c0d781df,7,5,1526562,0,1.1
2026-10-07T18:36:18.352000+00:00,,2026-10-07T18:36:18.352000+00:00,,10,Kalu Ganga,Ellagawa,f89ec5d2-40fe-48b7-9112-18cc93423f61,12.2,10.7,1526561,0,5.5
2026-10-07T18:35:38.440000+00:00,,2026-10-07T18:35:38.440000+00:00,,3.5,Gin Ganga,Baddegama,223ee667-8f74-4190-b8ab-56a22f67f955,5,4,1526560,0,2.35
2026-10-07T18:35:29.830000+00:00,,2026-10-07T18:35:29.830000+00:00,,6.5,Kelani Ganga,Hanwella,5c8df16a-b780-452a-bf80-d1d8e238f2f5,9.5,7.5,1526559,0,2.91
2026-10-07T18:35:27.289000+00:00,,2026-10-07T18:35:27.289000+00:00,,5,Maha Oya,Badalgama,8b2dbf27-008a-4acb-b406-0b77f37a679d,9.6,6.2,1526558,0,2.76
2026-10-07T18:35:14.188000+00:00,,2026-10-07T18:35:14.188000+00:00,,1.5,Kelani Ganga,Norwood,e114f2ee-cfdb-4939-9be4-d5ca64d8a358,4.5,3,1526557,0,0.84
2026-10-07T18:34:02.470000+00:00,,2026-10-07T18:34:02.470000+00:00,,4,Kalu Ganga,Magura,948ddd30-d486-4f6f-bffe-40d672fc0b68,7.5,6,1526556,0,3.61
2026-10-07T18:33:58.705000+00:00,,2026-10-07T18:33:58.705000+00:00,,4,Kelani Ganga,Nagalagam Street,06f9bf87-ce15-4b6a-99b6-eba50ead457b,7,5,1526555,,2.2
2026-10-07T18:33:50.485000+00:00,,2026-10-07T18:33:50.485000+00:00,,2.5,Nilwala Ganga,Urawa,320b93a5-433b-488b-8a6a-30faaad741ba,6,4,1526554,0,0.4
2026-10-07T18:33:35.284000+00:00,,2026-10-07T18:33:35.284000+00:00,,4.8,Kelani Ganga,Deraniyagala,ce3cfafe-c579-4b69-b397-f1960ae7233b,7,5.8,1526553,0,0.79
2026-10-07T18:33:32.086000+00:00,,2026-10-07T18:33:32.086000+00:00,,3.3,Aththanagalu Oya,Dunamale,d6c66435-c974-4cc5-92c5-952d5b33a188,5.5,4.4,1526552,0,2.6
2026-10-07T18:33:25.786000+00:00,,2026-10-07T18:33:25.786000+00:00,,4,Kirindi Oya,Thanamalwila,015ce908-fb73-4801-966c-396e211be7d4,5.5,5,1526551,0,0.68
2026-10-07T18:33:08.986000+00:00,,2026-10-07T18:33:08.986000+00:00,,4,Gin Ganga,Thawalama,4e804bdf-c123-40cc-8204-4b1a64df5ea4,7.5,6,1526550,0,2.45
2026-10-07T18:32:52.106000+00:00,,2026-10-07T18:32:52.106000+00:00,,3,Mahaweli Ganga,Manampitiya,dd3d71ac-90ff-48f1-8407-da0b2cead49a,6,4.3,1526549,0,-0.12
2026-10-07T18:32:41.329000+00:00,,2026-10-07T18:32:41.329000+00:00,,5.5,Maha Oya,Giriulla,0fcc112e-243e-4520-89f3-f220c7fb667b,7.5,6.5,1526548,0,1.46
2026-10-07T18:32:35.067000+00:00,,2026-10-07T18:32:35.067000+00:00,,3,Kelani Ganga,Kithulgala,80af9091-72be-4b5e-8345-b3fc6919071a,6,4,1526547,0,1.97
2026-10-07T18:32:30.865000+00:00,,2026-10-07T18:32:30.865000+00:00,,3,Mahaweli Ganga,Thaldena,88673489-aad7-4e92-938b-72b3e6088822,5,4,1526546,0,0.19
2026-10-07T18:32:26.091000+00:00,,2026-10-07T18:32:26.091000+00:00,,15,Kelani Ganga,Glencourse,54842ac3-1195-44dd-9c27-81a9fa064bdb,19,15.5,1526545,0,11.67
2026-10-07T18:32:03.353000+00:00,,2026-10-07T18:32:03.353000+00:00,,5,Mahaweli Ganga,Peradeniya,7239464e-cf2b-49c1-8121-60efc36cfba8,9,7,1526544,0,3.53
2026-10-07T18:31:59.581000+00:00,,2026-10-07T18:31:59.581000+00:00,,4.4,Kirindi Oya,Wellawaya,f0184629-4ca0-4332-bfeb-010cfcf16440,5.9,5.4,1526543,0,0.84
2026-10-07T18:31:54.702000+00:00,,2026-10-07T18:31:54.702000+00:00,,,Gal Oya,Ampara,ebb68ad8-a142-46d2-92c5-a4f29e4ea192,,,1526542,0,0
2026-10-07T18:31:50.058000+00:00,,2026-10-07T18:31:50.058000+00:00,,4.5,Heda Oya,Siyambalanduwa,9a331f6a-fc30-45bc-b872-8d721788f088,7,6,1526541,0,0.25
2026-10-07T18:31:43.562000+00:00,,2026-10-07T18:31:43.562000+00:00,,5,Kumbukkan Oya,Nakkala,543d121a-f732-437f-a412-c6a47eb02cf6,7.5,6,1526540,0,0.66
2026-10-07T18:31:31.684000+00:00,,2026-10-07T18:31:31.684000+00:00,,3.5,Mahaweli Ganga,Nawalapitiya,02006ae2-45f1-4c16-aec4-80cfed4abf77,6,5,1526539,0,1.33
2026-10-07T18:31:23.416000+00:00,,2026-10-07T18:31:23.416000+00:00,,6.9,Kirindi Oya,Kuda Oya,6f716287-487c-45ad-8fdd-c83553cfe8ae,8.8,8.4,1526538,0,1.26
2026-10-07T18:31:16.845000+00:00,,2026-10-07T18:31:16.845000+00:00,,4,Menik Ganga,Katharagama,50b60c95-91de-4eb6-8123-d806c3d7084b,6.5,4.6,1526537,0,-0.28
2026-10-07T18:31:09.140000+00:00,,2026-10-07T18:31:09.140000+00:00,,4,Maduru Oya,Padiyathalawa,0480eef2-5662-45c3-8a14-33b6a03bbfb5,6,4.5,1526536,0,0.06
2026-10-07T18:30:26.532000+00:00,,2026-10-07T18:30:26.532000+00:00,,6,Yan Oya,Horowpothana,84bf5700-a843-4539-97b6-70199cb4e11d,10.5,7.5,1526535,0,1.65
2026-10-07T18:30:14.922000+00:00,,2026-10-07T18:30:14.922000+00:00,,4.75,Deduru Oya,Moragaswewa,c5aa4d5a-419a-4f28-9562-51a2cb387389,7,6,1526534,0,0.2
2026-10-07T18:06:45.853000+00:00,,2026-10-07T18:06:45.853000+00:00,,5,Nilwala Ganga,Panadugama,708e11b9-c8c2-42e1-8fa1-928a9d5354ab,7.5,6,1526533,0,4.7
2026-10-07T17:43:57.999000+00:00,,2026-10-07T17:43:57.999000+00:00,,3.5,Gin Ganga,Baddegama,8d8bdfd6-5b93-4b2e-9c7f-75ec16f4144c,5,4,1526532,0,2.35
2026-10-07T17:39:28.874000+00:00,,2026-10-07T17:39:28.874000+00:00,,4,Kalu Ganga,Magura,ecd37977-46c7-490d-b307-dfb994ba074f,7.5,6,1526531,0,3.47
2026-10-07T17:37:32.479000+00:00,,2026-10-07T17:37:32.479000+00:00,,3,Kelani Ganga,Holombuwa,b2988f75-7844-4e89-9679-3999ffb4c8d6,6,4,1526530,0,3.08
2026-10-07T17:37:31.104000+00:00,,2026-10-07T17:37:31.104000+00:00,,1.5,Kelani Ganga,Norwood,c737026b-485f-4330-a05b-6590ca8ed956,4.5,3,1526529,0,0.84
2026-10-07T17:36:02.333000+00:00,,2026-10-07T17:36:02.333000+00:00,,4,Nilwala Ganga,Pitabeddara,52d86c55-f16b-4656-a9a9-5ab35c2a6bb2,6.5,5,1526528,0,1.18
2026-10-07T17:35:53.749000+00:00,,2026-10-07T17:35:53.749000+00:00,,4,Menik Ganga,Katharagama,16357b7b-39ca-4fec-9422-b7d5e01a4b6b,6.5,4.6,1526527,0,-0.28
2026-10-07T17:35:45.280000+00:00,,2026-10-07T17:35:45.280000+00:00,,4,Ma Oya,Yaka Wewa,34bddfa1-f604-42fb-a2c1-d356cbf2f827,6,5,1526526,0,0.4
2026-10-07T17:35:19.884000+00:00,,2026-10-07T17:35:19.884000+00:00,,4,Kelani Ganga,Nagalagam Street,5d4dd9ad-ca07-4c83-b811-8b387727e522,7,5,1526525,,2.1
2026-10-07T17:34:44.600000+00:00,,2026-10-07T17:34:44.600000+00:00,,3.5,Mahaweli Ganga,Nawalapitiya,e20256c9-c3f2-4d25-bc97-e4ff45923e4a,6,5,1526523,0,1.38
2026-10-07T17:34:28.206000+00:00,,2026-10-07T17:34:28.206000+00:00,,5,Maha Oya,Badalgama,c7fb83e5-c919-4f8d-9da7-08a49658a0be,9.6,6.2,1526522,0,2.77
2026-10-07T17:34:19.135000+00:00,,2026-10-07T17:34:19.135000+00:00,,4.75,Deduru Oya,Moragaswewa,f131e714-dd90-4fdd-8301-93c40724dbdf,7,6,1526521,0,0.19
2026-10-07T17:34:05.622000+00:00,,2026-10-07T17:34:05.622000+00:00,,4.8,Kelani Ganga,Deraniyagala,3767aca5-bd47-4cd8-b773-334e6d77f9f6,7,5.8,1526520,0,0.79
2026-10-07T17:33:57.389000+00:00,,2026-10-07T17:33:57.389000+00:00,,5.2,Kalu Ganga,Rathnapura,1aa874d1-a4b2-4779-9c70-f681f445dc30,9.5,7.5,1526519,0,2.01
2026-10-07T17:33:47.901000+00:00,,2026-10-07T17:33:47.901000+00:00,,4,Gin Ganga,Thawalama,0206fa0e-7930-4517-8441-8b27fc2d6261,7.5,6,1526518,0,2.49
2026-10-07T17:33:42.761000+00:00,,2026-10-07T17:33:42.761000+00:00,,4.4,Kirindi Oya,Wellawaya,89db3073-cf01-4bd9-b152-d2d7d3e08adb,5.9,5.4,1526517,0,0.85
2026-10-07T17:33:35.397000+00:00,,2026-10-07T17:33:35.397000+00:00,,3.3,Aththanagalu Oya,Dunamale,211319ef-aa3a-4f3d-ab91-03a2078ea53d,5.5,4.4,1526516,0,2.15
2026-10-07T17:33:33.429000+00:00,,2026-10-07T17:33:33.429000+00:00,,10,Kalu Ganga,Ellagawa,3cfd0db2-89a0-42aa-81cb-c7f755bf2cbf,12.2,10.7,1526515,0,5.48
2026-10-07T17:33:30.495000+00:00,,2026-10-07T17:33:30.495000+00:00,,1.4,Nilwala Ganga,Thalgahagoda,adbdd207-2747-4049-b6ec-9d81d7805a19,2.8,1.7,1526514,0,1.03
2026-10-07T17:33:27.701000+00:00,,2026-10-07T17:33:27.701000+00:00,,3,Mahaweli Ganga,Manampitiya,34d6fdf4-fcaf-443d-bb2b-4d5dc0ebb72d,6,4.3,1526513,0,-0.12
2026-10-07T17:33:13.992000+00:00,,2026-10-07T17:33:13.992000+00:00,,5,Kumbukkan Oya,Nakkala,761ab420-b3c9-4f49-9d08-19835226fbdd,7.5,6,1526512,0,0.66
2026-10-07T17:33:07.434000+00:00,,2026-10-07T17:33:07.434000+00:00,,5.5,Maha Oya,Giriulla,1e9460be-a81f-4e06-8116-23efd508e1fb,7.5,6.5,1526511,0,1.48
2026-10-07T17:32:54.013000+00:00,,2026-10-07T17:32:54.013000+00:00,,15,Kelani Ganga,Glencourse,c4521b81-4f21-486d-9a5d-49a0952d282d,19,15.5,1526510,0,11.6
2026-10-07T17:32:41.055000+00:00,,2026-10-07T17:32:41.055000+00:00,,3,Kelani Ganga,Kithulgala,9836f528-4298-489d-85d5-8e05741cb5c8,6,4,1526509,0,1.92
2026-10-07T17:32:35.415000+00:00,,2026-10-07T17:32:35.415000+00:00,,4,Kirindi Oya,Thanamalwila,128d08a3-08db-4564-b317-596211587f75,5.5,5,1526508,0,0.69
2026-10-07T17:32:31.990000+00:00,,2026-10-07T17:32:31.990000+00:00,,5,Kalu Ganga,Kalawellawa (Millakanda),e41b8654-3e1f-405c-980c-81fc20d09f8e,8,6.5,1526507,0,3.24
2026-10-07T17:32:27.598000+00:00,,2026-10-07T17:32:27.598000+00:00,,4.5,Heda Oya,Siyambalanduwa,f00584fd-251d-43cd-a124-619ffde7117c,7,6,1526506,0,0.25
2026-10-07T17:32:19.886000+00:00,,2026-10-07T17:32:19.886000+00:00,,5,Mahaweli Ganga,Peradeniya,d0d963a0-f87f-45de-8e3f-ddcbda3ce35a,9,7,1526505,0,3.58
2026-10-07T17:32:12.436000+00:00,,2026-10-07T17:32:12.436000+00:00,,6.5,Kelani Ganga,Hanwella,d77cbb8a-e9c2-4e09-90f5-7b28d8276877,9.5,7.5,1526504,0,2.75
2026-10-07T17:31:57.796000+00:00,,2026-10-07T17:31:57.796000+00:00,,6,Yan Oya,Horowpothana,a921fa44-bcad-4b9a-b170-3bd1dd6d49ad,10.5,7.5,1526503,0,1.65
2026-10-07T17:31:38.722000+00:00,,2026-10-07T17:31:38.722000+00:00,,3,Walawe Ganga,Moraketiya,5d9b6258-51cf-4eee-a54a-df9160a74959,7,5,1526502,0,1.07
2026-10-07T17:31:13.718000+00:00,,2026-10-07T17:31:13.718000+00:00,,4,Maduru Oya,Padiyathalawa,1b0a1894-b2a1-4f27-a26a-fcf19b7ed95a,6,4.5,1526501,0,0.06
2026-10-07T17:31:10.659000+00:00,,2026-10-07T17:31:10.659000+00:00,,6.9,Kirindi Oya,Kuda Oya,54b42eb5-8717-45f6-ade4-5ec09aa8ce89,8.8,8.4,1526500,0,1.26
2026-10-07T17:30:39.916000+00:00,,2026-10-07T17:30:39.916000+00:00,,,Gal Oya,Ampara,eb51f643-93c7-4cdb-a912-7aec327d0bda,,,1526499,0,0
2026-10-07T17:30:35.114000+00:00,,2026-10-07T17:30:35.114000+00:00,,3,Mahaweli Ganga,Thaldena,7602a610-2293-4cf7-9373-da428342dbc6,5,4,1526498,0,0.2
2026-10-07T17:01:12.974000+00:00,,2026-10-07T17:01:12.974000+00:00,,3.5,Gin Ganga,Baddegama,1a210031-fd81-4138-b4cc-a7050913b73d,5,4,1526497,0,2.35
2026-10-07T16:48:45.300000+00:00,,2026-10-07T16:48:45.300000+00:00,,,Gal Oya,Ampara,28cb1a2f-73a5-4e3b-a589-7b161dad01a3,,,1526496,0,0
2026-10-07T16:38:39.600000+00:00,,2026-10-07T16:38:39.600000+00:00,,5.2,Kalu Ganga,Rathnapura,2fba863a-0988-4fd7-be9a-890bc2e5d333,9.5,7.5,1526495,0,2
2026-10-07T16:38:39.526000+00:00,,2026-10-07T16:38:39.526000+00:00,,4.75,Deduru Oya,Moragaswewa,7ba483d0-bd29-41f6-be78-db1a78159067,7,6,1526494,0,0.19
2026-10-07T16:38:22.660000+00:00,,2026-10-07T16:38:22.660000+00:00,,2.5,Nilwala Ganga,Urawa,37d35d8f-309b-41ba-a977-ff66e8c6389b,6,4,1526493,0,0.41
2026-10-07T16:37:21.939000+00:00,,2026-10-07T16:37:21.939000+00:00,,5,Kalu Ganga,Kalawellawa (Millakanda),c678c382-a38c-4e61-9a55-b7da8d8fe251,8,6.5,1526492,0,3.24
2026-10-07T16:37:15.422000+00:00,,2026-10-07T16:37:15.422000+00:00,,4,Kalu Ganga,Magura,4fd6ee15-331f-40c3-b885-d8990af3af20,7.5,6,1526491,0,3.19
2026-10-07T16:37:03.875000+00:00,,2026-10-07T16:37:03.875000+00:00,,5,Maha Oya,Badalgama,eb060ff5-6ba7-4918-9f94-d0819d1cfece,9.6,6.2,1526490,0,2.78
2026-10-07T16:36:57.447000+00:00,,2026-10-07T16:36:57.447000+00:00,,4.5,Heda Oya,Siyambalanduwa,a39cb6f9-ab2b-432e-9117-1c58f81969eb,7,6,1526489,0,0.25
2026-10-07T16:36:56.799000+00:00,,2026-10-07T16:36:56.799000+00:00,,4.4,Kirindi Oya,Wellawaya,c097c0aa-d88a-4cd9-9470-d7a748a782c9,5.9,5.4,1526488,0,0.84
2026-10-07T16:36:28.253000+00:00,,2026-10-07T16:36:28.253000+00:00,,4,Nilwala Ganga,Pitabeddara,01bbd994-23ad-47a8-a2c6-3e2c90d796a0,6.5,5,1526487,0,1.2
2026-10-07T16:36:16.608000+00:00,,2026-10-07T16:36:16.608000+00:00,,3.5,Mahaweli Ganga,Nawalapitiya,61efd0ce-d0c1-4c77-9c38-75ebc99cb079,6,5,1526486,0,1.44
2026-10-07T16:35:36.590000+00:00,,2026-10-07T16:35:36.590000+00:00,,3,Kelani Ganga,Holombuwa,3b4c3ed2-30ee-4f86-aead-67ac93a7d0d0,6,4,1526485,0,3.12
2026-10-07T16:35:26.638000+00:00,,2026-10-07T16:35:26.638000+00:00,,4,Menik Ganga,Katharagama,87636a5f-bafa-4888-ae46-8aae70842299,6.5,4.6,1526484,0,-0.28
2026-10-07T16:34:39.355000+00:00,,2026-10-07T16:34:39.355000+00:00,,5,Mahaweli Ganga,Peradeniya,b9b053f3-f8cf-4c7e-bb35-da8ca7e2e295,9,7,1526483,0,3.6
2026-10-07T16:34:35.207000+00:00,,2026-10-07T16:34:35.207000+00:00,,4.8,Kelani Ganga,Deraniyagala,49255051-4908-4f05-a6ec-9d1310a243b4,7,5.8,1526482,0,0.81
2026-10-07T16:34:24.690000+00:00,,2026-10-07T16:34:24.690000+00:00,,1.4,Nilwala Ganga,Thalgahagoda,099f529d-a2a0-47ed-bed5-1ad073e00aae,2.8,1.7,1526481,0,1.04
2026-10-07T16:33:57.341000+00:00,,2026-10-07T16:33:57.341000+00:00,,3,Kalu Ganga,Putupaula,f3eac6c4-e8b0-4b92-84e3-a2e100a81cab,5,4,1526480,0,0.61
2026-10-07T16:33:50.028000+00:00,,2026-10-07T16:33:50.028000+00:00,,3.3,Aththanagalu Oya,Dunamale,4bcd4bd4-319c-4d61-a667-57ee64da7b94,5.5,4.4,1526479,0,2.04
2026-10-07T16:32:59.560000+00:00,,2026-10-07T16:32:59.560000+00:00,,5.5,Maha Oya,Giriulla,a8807f35-cbe4-4dc5-b550-998922e70c4f,7.5,6.5,1526478,0,1.49
2026-10-07T16:32:43.053000+00:00,,2026-10-07T16:32:43.053000+00:00,,3,Kelani Ganga,Kithulgala,bd8c46b2-c39d-4e36-a436-f90ee80964a0,6,4,1526477,0,1.86
2026-10-07T16:32:42.561000+00:00,,2026-10-07T16:32:42.561000+00:00,,4,Gin Ganga,Thawalama,b2ef1dbf-d5d6-4e90-9157-27dd4882b753,7.5,6,1526476,0,2.55
2026-10-07T16:32:31.595000+00:00,,2026-10-07T16:32:31.595000+00:00,,15,Kelani Ganga,Glencourse,8fe37ba9-355e-4a43-9d47-bb0a595198e5,19,15.5,1526475,0,11.46
2026-10-07T16:32:30.798000+00:00,,2026-10-07T16:32:30.798000+00:00,,1.5,Kelani Ganga,Norwood,e5cdb8bc-a336-4044-9f9e-c99efe552d66,4.5,3,1526474,0,0.85
2026-10-07T16:32:25.363000+00:00,,2026-10-07T16:32:25.363000+00:00,,10,Kalu Ganga,Ellagawa,334f7b26-69b0-45cb-95b9-47386dbece1f,12.2,10.7,1526473,0,5.46
2026-10-07T16:32:21.183000+00:00,,2026-10-07T16:32:21.183000+00:00,,4,Kirindi Oya,Thanamalwila,00f834d0-2906-440d-9e36-dc5bc6052f5c,5.5,5,1526472,0,0.69
2026-10-07T16:32:12.160000+00:00,,2026-10-07T16:32:12.160000+00:00,,6.5,Kelani Ganga,Hanwella,dac6e0ca-a4ce-473e-a38d-7253add75a8b,9.5,7.5,1526471,0,2.56
2026-10-07T16:31:51.252000+00:00,,2026-10-07T16:31:51.252000+00:00,,4,Kelani Ganga,Nagalagam Street,8bc0ae73-f96b-428d-b820-feabfcd27f92,7,5,1526470,,1.9
2026-10-07T16:31:45.874000+00:00,,2026-10-07T16:31:45.874000+00:00,,6,Yan Oya,Horowpothana,a2746b97-a899-4be8-b003-cb70c679aa21,10.5,7.5,1526469,0,1.65
2026-10-07T16:31:42.847000+00:00,,2026-10-07T16:31:42.847000+00:00,,4,Ma Oya,Yaka Wewa,7d886c85-e4da-4a3a-8a7a-66cbd78c8fff,6,5,1526468,0,0.4
2026-10-07T16:31:25.435000+00:00,,2026-10-07T16:31:25.435000+00:00,,6.9,Kirindi Oya,Kuda Oya,86dcbf2a-12dd-44da-b092-2fd7692ffb66,8.8,8.4,1526467,0,1.26
2026-10-07T16:31:15.249000+00:00,,2026-10-07T16:31:15.249000+00:00,,3,Walawe Ganga,Moraketiya,d0d92361-19c9-4605-9f4f-242ca9ffd776,7,5,1526466,0,1.06
2026-10-07T16:31:10.471000+00:00,,2026-10-07T16:31:10.471000+00:00,,4,Maduru Oya,Padiyathalawa,de28dd4a-249a-4431-ab12-b49bb95e047b,6,4.5,1526465,0,0.07
2026-10-07T16:30:53.510000+00:00,,2026-10-07T16:30:53.510000+00:00,,3,Mahaweli Ganga,Manampitiya,732c371b-52c7-4a9a-a257-a9f33c3b273a,6,4.3,1526464,0,-0.11
2026-10-07T16:30:51.061000+00:00,,2026-10-07T16:30:51.061000+00:00,,5,Kumbukkan Oya,Nakkala,eedfc3e2-32e8-4951-97cc-fe407eb7b1ac,7.5,6,1526463,0,0.67
2026-10-07T16:30:32.587000+00:00,,2026-10-07T16:30:32.587000+00:00,,5,Nilwala Ganga,Panadugama,9dff4eb0-cf8f-4298-a7e8-7ddc1712394f,7.5,6,1526462,0,4.72
2026-10-07T16:30:06.927000+00:00,,2026-10-07T16:30:06.927000+00:00,,3,Mahaweli Ganga,Thaldena,3c064f7b-7038-4b46-8206-3ad6cf569eca,5,4,1526461,0,0.2
2026-10-07T16:10:51.662000+00:00,,2026-10-07T16:10:51.662000+00:00,,5,Nilwala Ganga,Panadugama,e0bd35cf-7878-49cc-a59b-82281f8943c2,7.5,6,1526460,0,4.72
2026-10-07T15:39:27.361000+00:00,,2026-10-07T15:39:27.361000+00:00,,5,Nilwala Ganga,Panadugama,2446e38b-f420-42d9-b66c-028b5a521b4a,7.5,6,1526459,0,4.75
2026-10-07T15:38:10.485000+00:00,,2026-10-07T15:38:10.485000+00:00,,6.5,Kelani Ganga,Hanwella,ff815684-4e4e-4180-bb11-5e37f1ec796d,9.5,7.5,1526458,0,2.4
2026-10-07T15:37:54.455000+00:00,,2026-10-07T15:37:54.455000+00:00,,2.5,Nilwala Ganga,Urawa,672e4411-1c8c-4933-b080-966ccfcd45c3,6,4,1526457,0,0.41
2026-10-07T15:37:47.184000+00:00,,2026-10-07T15:37:47.184000+00:00,,5,Maha Oya,Badalgama,04a02d44-1647-47f7-8df2-e162b920b5cf,9.6,6.2,1526456,1.3,2.8
2026-10-07T15:37:07.766000+00:00,,2026-10-07T15:37:07.766000+00:00,,3.5,Gin Ganga,Baddegama,b13a4412-5274-4c88-95e7-ce9923dbf958,5,4,1526455,0,2.36
2026-10-07T15:36:21.704000+00:00,,2026-10-07T15:36:21.704000+00:00,,3,Kelani Ganga,Holombuwa,4ce7b458-c0da-4d65-bf15-39558923c2c0,6,4,1526454,0,2.47
2026-10-07T15:35:59.221000+00:00,,2026-10-07T15:35:59.221000+00:00,,4,Maduru Oya,Padiyathalawa,1912546d-8caf-43a4-b55c-e3baa7a10541,6,4.5,1526453,0,0.08
2026-10-07T15:35:45.738000+00:00,,2026-10-07T15:35:45.738000+00:00,,4.8,Kelani Ganga,Deraniyagala,c7e22d33-e19a-446c-92c2-08c77a155203,7,5.8,1526452,0,0.83
2026-10-07T15:35:41.283000+00:00,,2026-10-07T15:35:41.283000+00:00,,5.2,Kalu Ganga,Rathnapura,17cef50f-46d8-4b10-b847-97d3e7bc9fe4,9.5,7.5,1526451,0,1.95
2026-10-07T15:35:15.287000+00:00,,2026-10-07T15:35:15.287000+00:00,,6.9,Kirindi Oya,Kuda Oya,038767c3-82cf-4199-97a0-ba1dbc0a7d54,8.8,8.4,1526450,0,1.27
2026-10-07T15:34:56.477000+00:00,,2026-10-07T15:34:56.477000+00:00,,15,Kelani Ganga,Glencourse,421a3d45-c99d-4282-a76f-8a49e3d61956,19,15.5,1526449,0,11.23
2026-10-07T15:34:49.787000+00:00,,2026-10-07T15:34:49.787000+00:00,,3,Walawe Ganga,Moraketiya,7d76e059-751e-45fc-a5a8-a16ce44b87c0,7,5,1526448,0,1.01
2026-10-07T15:34:12.583000+00:00,,2026-10-07T15:34:12.583000+00:00,,4,Kalu Ganga,Magura,9d374670-eaa3-48d4-8ee7-eb077d6cfeec,7.5,6,1526447,0,2.69
2026-10-07T15:34:07.304000+00:00,,2026-10-07T15:34:07.304000+00:00,,5,Kumbukkan Oya,Nakkala,043f64c3-794a-4af5-8f3a-5b31f5009993,7.5,6,1526446,0,0.68
2026-10-07T15:33:52.238000+00:00,,2026-10-07T15:33:52.238000+00:00,,10,Kalu Ganga,Ellagawa,2952f35d-8605-445d-8d97-f953deacaee4,12.2,10.7,1526445,0,5.43
2026-10-07T15:33:50.790000+00:00,,2026-10-07T15:33:50.790000+00:00,,6,Yan Oya,Horowpothana,3e185595-db0a-4a26-9c81-088032e9e613,10.5,7.5,1526444,0,1.65
2026-10-07T15:33:36.385000+00:00,,2026-10-07T15:33:36.385000+00:00,,3,Walawe Ganga,Moraketiya,28dcc7b1-ae93-46e3-a6f1-dde4395b5d8f,7,5,1526443,0,1.01
2026-10-07T15:33:30.260000+00:00,,2026-10-07T15:33:30.260000+00:00,,5.5,Maha Oya,Giriulla,3e61601f-5a4c-42ba-8686-d5ac3878891d,7.5,6.5,1526442,0,1.51
2026-10-07T15:33:29.785000+00:00,,2026-10-07T15:33:29.785000+00:00,,5,Mahaweli Ganga,Peradeniya,db7b6fc5-9035-4b1d-8376-de0ad51baa5a,9,7,1526441,0,3.51
2026-10-07T15:33:26.362000+00:00,,2026-10-07T15:33:26.362000+00:00,,1.5,Kelani Ganga,Norwood,3a8b959a-ea98-4365-bc64-0ea004b98d0e,4.5,3,1526440,0,0.85
2026-10-07T15:33:23.845000+00:00,,2026-10-07T15:33:23.845000+00:00,,3.3,Aththanagalu Oya,Dunamale,cc9e2358-1ba0-4f8e-8dd9-338074b86cf5,5.5,4.4,1526439,0,1.96
2026-10-07T15:33:21.593000+00:00,,2026-10-07T15:33:21.593000+00:00,,4,Gin Ganga,Thawalama,c0363d88-cf08-495d-b0ed-eb63b6779208,7.5,6,1526438,0,2.58
2026-10-07T15:33:04.737000+00:00,,2026-10-07T15:33:04.737000+00:00,,4.5,Heda Oya,Siyambalanduwa,19d2f414-1272-42af-9c15-1c6aa6cb11f3,7,6,1526437,0,0.25
2026-10-07T15:32:52.138000+00:00,,2026-10-07T15:32:52.138000+00:00,,5,Nilwala Ganga,Panadugama,ce2615e7-74b5-4db1-958d-e9910daadc73,7.5,6,1526436,0,4.75
2026-10-07T15:32:49.592000+00:00,,2026-10-07T15:32:49.592000+00:00,,4.75,Deduru Oya,Moragaswewa,23bb81f9-48f7-456e-bf1a-b7d42359362c,7,6,1526435,0,0.19
2026-10-07T15:32:46.033000+00:00,,2026-10-07T15:32:46.033000+00:00,,4,Kelani Ganga,Nagalagam Street,96a9bef6-5e0d-4a35-a21e-27c857b4a358,7,5,1526434,,1.6
2026-10-07T15:32:19.651000+00:00,,2026-10-07T15:32:19.651000+00:00,,4,Menik Ganga,Katharagama,e2586212-cf94-43d8-a80d-3bf24d139ec9,6.5,4.6,1526433,0,-0.28
2026-10-07T15:32:17.370000+00:00,,2026-10-07T15:32:17.370000+00:00,,,Gal Oya,Ampara,62885f65-a0f5-40fa-8095-5ff31f9af374,,,1526432,0,0
2026-10-07T15:31:47.902000+00:00,,2026-10-07T15:31:47.902000+00:00,,3.5,Mahaweli Ganga,Nawalapitiya,4e90a1e0-db9f-4d17-afb7-4323dcf510a5,6,5,1526431,0,1.51
2026-10-07T15:31:37.074000+00:00,,2026-10-07T15:31:37.074000+00:00,,3,Mahaweli Ganga,Manampitiya,26a1ff14-7810-4785-8300-f4f32170a797,6,4.3,1526430,0,-0.11
2026-10-07T15:31:36.281000+00:00,,2026-10-07T15:31:36.281000+00:00,,4,Ma Oya,Yaka Wewa,73123497-eff7-4cfd-ae49-43e0b82eddf1,6,5,1526429,0,0.4
2026-10-07T15:31:35.984000+00:00,,2026-10-07T15:31:35.984000+00:00,,4,Kirindi Oya,Thanamalwila,01e4d445-9634-4a61-8142-b609080dc844,5.5,5,1526428,0,0.69
2026-10-07T15:31:32.975000+00:00,,2026-10-07T15:31:32.975000+00:00,,4.4,Kirindi Oya,Wellawaya,47cb13ca-2160-4041-a297-40a245c034bf,5.9,5.4,1526427,0,0.84
2026-10-07T15:31:24.386000+00:00,,2026-10-07T15:31:24.386000+00:00,,3,Kalu Ganga,Putupaula,a5bf42a0-4745-40fb-b915-ea68fdb16407,5,4,1526426,0,0.63
2026-10-07T15:31:09.918000+00:00,,2026-10-07T15:31:09.918000+00:00,,3,Kelani Ganga,Kithulgala,5c775d9a-10c9-41b1-af8e-5ccf4a18632a,6,4,1526425,0,1.88
2026-10-07T15:31:06.155000+00:00,,2026-10-07T15:31:06.155000+00:00,,5,Kalu Ganga,Kalawellawa (Millakanda),525324be-084f-466e-b4e3-59dd93ac5da4,8,6.5,1526424,0,3.26
2026-10-07T15:30:52.730000+00:00,,2026-10-07T15:30:52.730000+00:00,,3,Mahaweli Ganga,Thaldena,be7f522f-bbba-4081-9f3d-93f21167d4aa,5,4,1526423,0,0.2
2026-10-07T15:30:31.737000+00:00,,2026-10-07T15:30:31.737000+00:00,,4,Nilwala Ganga,Pitabeddara,18dded63-4ab6-4207-9511-92311d3dd7b0,6.5,5,1526422,0,1.2
2026-10-07T15:30:15.040000+00:00,,2026-10-07T15:30:15.040000+00:00,,1.4,Nilwala Ganga,Thalgahagoda,2e68a6d7-65e6-49fb-990b-342240d84c1a,2.8,1.7,1526421,0,1.05
2026-10-07T15:06:35.339000+00:00,,2026-10-07T15:06:35.339000+00:00,,4,Kalu Ganga,Magura,e1970c9b-2db5-44f7-9bc8-d800ad003fd2,7.5,6,1526420,0,2.21
2026-10-07T14:52:18.911000+00:00,,2026-10-07T14:52:18.911000+00:00,,1.4,Nilwala Ganga,Thalgahagoda,107bbafd-c7c0-49da-bddf-57eb349b42cf,2.8,1.7,1526419,0,1.06
2026-10-07T14:42:46.229000+00:00,,2026-10-07T14:42:46.229000+00:00,,5,Nilwala Ganga,Panadugama,40176e7a-37c6-4506-ad43-c14fcaa39b4e,7.5,6,1526418,0,4.78
2026-10-07T14:39:50.877000+00:00,,2026-10-07T14:39:50.877000+00:00,,3.5,Gin Ganga,Baddegama,300007ee-0fdf-4f0d-b48f-91f394f05bfc,5,4,1526417,0,2.38
2026-10-07T14:39:25.042000+00:00,,2026-10-07T14:39:25.042000+00:00,,3,Kelani Ganga,Holombuwa,d75674cb-84a7-4f07-9685-b9f0e5483b0f,6,4,1526416,0.6,1.08
2026-10-07T14:38:10.366000+00:00,,2026-10-07T14:38:10.366000+00:00,,4,Kelani Ganga,Nagalagam Street,ec02aca6-01f0-41cf-83a8-160d3b105597,7,5,1526415,,1.3
2026-10-07T14:38:05.750000+00:00,,2026-10-07T14:38:05.750000+00:00,,5,Maha Oya,Badalgama,26c83bc5-866b-4d99-9d3d-d54a18dcad6b,9.6,6.2,1526414,0.5,2.83
2026-10-07T14:38:04.834000+00:00,,2026-10-07T14:38:04.834000+00:00,,5.2,Kalu Ganga,Rathnapura,133deaad-e772-4bb1-98e2-e5276d77dbe0,9.5,7.5,1526413,0,1.9
2026-10-07T14:36:26.834000+00:00,,2026-10-07T14:36:26.834000+00:00,,3,Kalu Ganga,Putupaula,633b6b3c-c817-4597-a4f4-15ccbed34038,5,4,1526412,0,0.67
2026-10-07T14:36:24.814000+00:00,,2026-10-07T14:36:24.814000+00:00,,1.4,Nilwala Ganga,Thalgahagoda,70040388-e7b2-49cc-987f-5388178263e5,2.8,1.7,1526411,0,1.06
2026-10-07T14:36:16.882000+00:00,,2026-10-07T14:36:16.882000+00:00,,6,Yan Oya,Horowpothana,03a227c3-7c71-4779-baea-302f80de937d,10.5,7.5,1526410,0,1.65
2026-10-07T14:35:47.937000+00:00,,2026-10-07T14:35:47.937000+00:00,,2.5,Nilwala Ganga,Urawa,1cd8eb91-6a7d-4eb9-b3de-7c3eb41ad931,6,4,1526409,0,0.42
2026-10-07T14:35:34.391000+00:00,,2026-10-07T14:35:34.391000+00:00,,3,Walawe Ganga,Moraketiya,f932112b-eebd-408c-8a76-637707447323,7,5,1526408,0,0.98
2026-10-07T14:35:32.022000+00:00,,2026-10-07T14:35:32.022000+00:00,,5,Mahaweli Ganga,Peradeniya,fb3b591c-f026-4d5c-b61b-560b28140dad,9,7,1526407,0,3.1
2026-10-07T14:34:54.377000+00:00,,2026-10-07T14:34:54.377000+00:00,,4,Gin Ganga,Thawalama,3b878ce8-878c-401b-bf39-1f7171bf9c47,7.5,6,1526406,0,2.56
2026-10-07T14:34:51.097000+00:00,,2026-10-07T14:34:51.097000+00:00,,4,Kirindi Oya,Thanamalwila,ced1f52d-3a83-4bc5-b557-c932e3acc5b0,5.5,5,1526405,0,0.7
2026-10-07T14:34:44.985000+00:00,,2026-10-07T14:34:44.985000+00:00,,4,Maduru Oya,Padiyathalawa,5ebb5a8a-40b6-4f49-bde9-f434dc38880a,6,4.5,1526404,0,0.09
2026-10-07T14:34:41.757000+00:00,,2026-10-07T14:34:41.757000+00:00,,4,Menik Ganga,Katharagama,bbd2a2d2-68f4-4f91-893d-bac5bd801258,6.5,4.6,1526403,0,-0.28
2026-10-07T14:34:19.389000+00:00,,2026-10-07T14:34:19.389000+00:00,,3.3,Aththanagalu Oya,Dunamale,3ca9a15c-a425-4f92-ac35-88f37317560e,5.5,4.4,1526402,3.6,1.92
2026-10-07T14:34:09.150000+00:00,,2026-10-07T14:34:09.150000+00:00,,5.5,Maha Oya,Giriulla,eb0f71ed-b858-45c5-b947-ed07ead93532,7.5,6.5,1526401,0,1.52
2026-10-07T14:33:54.632000+00:00,,2026-10-07T14:33:54.632000+00:00,,4.8,Kelani Ganga,Deraniyagala,efa6d96d-99cd-44b9-a6b2-8d7ec3a34732,7,5.8,1526400,1.1,0.88
2026-10-07T14:33:53.627000+00:00,,2026-10-07T14:33:53.627000+00:00,,4.5,Heda Oya,Siyambalanduwa,5a2aaebd-381f-4ff6-bb31-3e02808fa15d,7,6,1526399,0,0.25
2026-10-07T14:33:30.548000+00:00,,2026-10-07T14:33:30.548000+00:00,,10,Kalu Ganga,Ellagawa,e8ad4f9d-bcdf-48a5-9a0f-da30d5ec51e8,12.2,10.7,1526398,0,5.47
2026-10-07T14:33:21.720000+00:00,,2026-10-07T14:33:21.720000+00:00,,15,Kelani Ganga,Glencourse,e8ad80c1-7c88-4fed-a211-d2e68252b0d8,19,15.5,1526397,0,10.95
2026-10-07T14:32:56.433000+00:00,,2026-10-07T14:32:56.433000+00:00,,1.5,Kelani Ganga,Norwood,08dda12b-5407-4948-acfc-df7e4637818a,4.5,3,1526396,0,0.86
2026-10-07T14:32:34.719000+00:00,,2026-10-07T14:32:34.719000+00:00,,3,Kelani Ganga,Kithulgala,1b11587f-972a-49d8-bf98-6b26285e6f5d,6,4,1526395,0,1.91
2026-10-07T14:32:10.817000+00:00,,2026-10-07T14:32:10.817000+00:00,,6.5,Kelani Ganga,Hanwella,2a860a16-39e9-47c3-8653-658b4b2cd3bc,9.5,7.5,1526394,0,2.45
2026-10-07T14:31:56.729000+00:00,,2026-10-07T14:31:56.729000+00:00,,4.75,Deduru Oya,Moragaswewa,c40a66ed-d164-49f9-b93d-c377b8316898,7,6,1526393,0.5,0.18
2026-10-07T14:31:52.664000+00:00,,2026-10-07T14:31:52.664000+00:00,,5,Kumbukkan Oya,Nakkala,0fda13bb-0a26-4d11-adf9-4859535e1b0e,7.5,6,1526392,0,0.68
2026-10-07T14:31:41.028000+00:00,,2026-10-07T14:31:41.028000+00:00,,4,Ma Oya,Yaka Wewa,edb8f4af-3633-4661-bd8e-30b21be89e45,6,5,1526391,0,0.4
2026-10-07T14:31:39.121000+00:00,,2026-10-07T14:31:39.121000+00:00,,3,Mahaweli Ganga,Manampitiya,7d9bf850-6b8f-44c5-a0c6-5f4f2e65d1ad,6,4.3,1526390,0,-0.1
2026-10-07T14:31:36.490000+00:00,,2026-10-07T14:31:36.490000+00:00,,6.9,Kirindi Oya,Kuda Oya,89e44c04-46ce-45fd-8f91-e4f6477da0de,8.8,8.4,1526389,0,1.27
2026-10-07T14:31:33.091000+00:00,,2026-10-07T14:31:33.091000+00:00,,3.5,Mahaweli Ganga,Nawalapitiya,13d68597-f6dc-4c75-ac26-49dfc27bd1dc,6,5,1526388,0,1.51
2026-10-07T14:31:27.219000+00:00,,2026-10-07T14:31:27.219000+00:00,,,Gal Oya,Ampara,3cc7cb42-1bfa-4539-b7e0-3a317b9a7908,,,1526387,0,0
2026-10-07T14:31:23.416000+00:00,,2026-10-07T14:31:23.416000+00:00,,5,Kalu Ganga,Kalawellawa (Millakanda),8520017b-1544-4ad5-86f4-7dfc6cc8a8e9,8,6.5,1526386,0,3.29
2026-10-07T14:31:07.834000+00:00,,2026-10-07T14:31:07.834000+00:00,,3,Mahaweli Ganga,Thaldena,9b26c1a4-cc3d-49fb-8fae-45453ceb8632,5,4,1526385,0,0.2
2026-10-07T14:30:52.835000+00:00,,2026-10-07T14:30:52.835000+00:00,,4,Nilwala Ganga,Pitabeddara,65380041-506b-4e5e-ae62-227cb3c6c37b,6.5,5,1526384,0,1.23
2026-10-07T14:30:36.886000+00:00,,2026-10-07T14:30:36.886000+00:00,,4.4,Kirindi Oya,Wellawaya,7e83c320-6450-417e-ab47-12d91d14dc5a,5.9,5.4,1526383,0,0.84
2026-10-07T13:46:56.015000+00:00,,2026-10-07T13:46:56.015000+00:00,,2.5,Nilwala Ganga,Urawa,f34e95cb-07fe-4d13-bc31-f51d8c2818b0,6,4,1526382,0,0.42
2026-10-07T13:44:08.264000+00:00,,2026-10-07T13:44:08.264000+00:00,,5,Nilwala Ganga,Panadugama,0a4ae7ed-5958-40c8-a3af-645f7b18c9a0,7.5,6,1526381,0,4.8
2026-10-07T13:42:16.694000+00:00,,2026-10-07T13:42:16.694000+00:00,,4.75,Deduru Oya,Moragaswewa,0fa8dca0-6bd9-4ec2-8887-8e4da1fdcbd3,7,6,1526380,0.75,0.18
2026-10-07T13:38:28.770000+00:00,,2026-10-07T13:38:28.770000+00:00,,4,Menik Ganga,Katharagama,5ce6e7a1-c05a-4301-bc7b-376e48e902d2,6.5,4.6,1526379,0,-0.28
2026-10-07T13:38:18.005000+00:00,,2026-10-07T13:38:18.005000+00:00,,3,Kelani Ganga,Holombuwa,63ab3193-67d9-42cc-8c97-05f721a9af1c,6,4,1526378,33.3,0.84
2026-10-07T13:38:01.030000+00:00,,2026-10-07T13:38:01.030000+00:00,,5,Maha Oya,Badalgama,a004616a-ba60-4d5c-b09e-2b3972228548,9.6,6.2,1526377,13.5,2.86
2026-10-07T13:37:42.468000+00:00,,2026-10-07T13:37:42.468000+00:00,,5,Mahaweli Ganga,Peradeniya,f94d387a-dc9a-4184-abfa-545bd1bb3943,9,7,1526376,6,2.49
2026-10-07T13:37:16.328000+00:00,,2026-10-07T13:37:16.328000+00:00,,5.2,Kalu Ganga,Rathnapura,96902a44-5a22-4fbd-b047-9e1ea7537012,9.5,7.5,1526375,0,1.82
2026-10-07T13:37:14.117000+00:00,,2026-10-07T13:37:14.117000+00:00,,15,Kelani Ganga,Glencourse,26a35d6c-0141-4082-baeb-76aec65b81ca,19,15.5,1526374,4,10.6
2026-10-07T13:35:53.683000+00:00,,2026-10-07T13:35:53.683000+00:00,,4,Nilwala Ganga,Pitabeddara,2ae51d86-edd6-45d5-9d52-1e29e2573a80,6.5,5,1526373,0,1.25
2026-10-07T13:35:50.207000+00:00,,2026-10-07T13:35:50.207000+00:00,,4,Gin Ganga,Thawalama,ae0128f4-aff5-436c-90d1-af947b0752e3,7.5,6,1526372,0,2.53
2026-10-07T13:35:31.877000+00:00,,2026-10-07T13:35:31.877000+00:00,,4.8,Kelani Ganga,Deraniyagala,87a31a34-b9c0-45cf-a0b1-601c2673fb85,7,5.8,1526371,9.4,0.96
2026-10-07T13:35:30.579000+00:00,,2026-10-07T13:35:30.579000+00:00,,3,Walawe Ganga,Moraketiya,4c343173-f4dd-4ea2-ad18-de7e6a678b51,7,5,1526370,0,1
2026-10-07T13:35:17.591000+00:00,,2026-10-07T13:35:17.591000+00:00,,3.5,Gin Ganga,Baddegama,d279c6ad-c863-44c1-93aa-2c7fb44cf947,5,4,1526369,0,2.4
2026-10-07T13:35:06.097000+00:00,,2026-10-07T13:35:06.097000+00:00,,4,Maduru Oya,Padiyathalawa,ee62830d-24b0-4849-ae81-12c1c183db37,6,4.5,1526368,0,0.09
2026-10-07T13:35:02.050000+00:00,,2026-10-07T13:35:02.050000+00:00,,4,Kalu Ganga,Magura,e1f984cc-5fb6-4d98-87f4-c610d69a8188,7.5,6,1526367,0,2.15
2026-10-07T13:34:52.338000+00:00,,2026-10-07T13:34:52.338000+00:00,,3,Kalu Ganga,Putupaula,663169c3-46f7-4e6c-abe8-c59d7a6e8eac,5,4,1526366,0,0.81
2026-10-07T13:34:32.661000+00:00,,2026-10-07T13:34:32.661000+00:00,,3.5,Mahaweli Ganga,Nawalapitiya,112c3f5a-2046-44f6-85f4-58a30f987b62,6,5,1526365,0,1.35
2026-10-07T13:34:31.704000+00:00,,2026-10-07T13:34:31.704000+00:00,,6.5,Kelani Ganga,Hanwella,bc730531-1b23-4680-9541-175cf87555cb,9.5,7.5,1526364,0,2.48
2026-10-07T13:34:22.846000+00:00,,2026-10-07T13:34:22.846000+00:00,,4,Kirindi Oya,Thanamalwila,05cc899e-7b63-4e45-8659-cab7dd7262f3,5.5,5,1526363,0,0.7
2026-10-07T13:34:09.401000+00:00,,2026-10-07T13:34:09.401000+00:00,,1.4,Nilwala Ganga,Thalgahagoda,dc73e818-c225-4fb5-91f9-89002b4db833,2.8,1.7,1526362,0,1.08
2026-10-07T13:34:06.726000+00:00,,2026-10-07T13:34:06.726000+00:00,,5,Kalu Ganga,Kalawellawa (Millakanda),4a61a8a7-c760-426f-b209-5c171ce4d58f,8,6.5,1526361,0,3.32
2026-10-07T13:34:03.037000+00:00,,2026-10-07T13:34:03.037000+00:00,,4,Kelani Ganga,Nagalagam Street,c15bfb39-a14e-437b-ad8e-d4cbdf994bfc,7,5,1526360,,1.2
2026-10-07T13:34:02.469000+00:00,,2026-10-07T13:34:02.469000+00:00,,3.3,Aththanagalu Oya,Dunamale,b952b0b0-c9fd-416e-aad5-1a41f9225034,5.5,4.4,1526359,19.5,1.88
2026-10-07T13:33:50.496000+00:00,,2026-10-07T13:33:50.496000+00:00,,5.5,Maha Oya,Giriulla,8dbee2f3-f918-4e1d-ae66-91c7ff57f92e,7.5,6.5,1526358,0.6,1.53
2026-10-07T13:33:30.046000+00:00,,2026-10-07T13:33:30.046000+00:00,,6,Yan Oya,Horowpothana,d55c1be0-eaa9-446e-975c-1bf5d9408dbe,10.5,7.5,1526357,0,1.65
2026-10-07T13:33:17.850000+00:00,,2026-10-07T13:33:17.850000+00:00,,10,Kalu Ganga,Ellagawa,76897684-c7fd-4916-b431-e01ba81ad064,12.2,10.7,1526356,0,5.47
2026-10-07T13:33:07.934000+00:00,,2026-10-07T13:33:07.934000+00:00,,4.5,Heda Oya,Siyambalanduwa,f7d405e0-5afa-4f69-b0ca-cca8a1f4fd92,7,6,1526355,0,0.25
2026-10-07T13:33:04.200000+00:00,,2026-10-07T13:33:04.200000+00:00,,6.9,Kirindi Oya,Kuda Oya,9785c8f1-7f67-434e-a286-29a07483852a,8.8,8.4,1526354,0,1.27
2026-10-07T13:32:55.379000+00:00,,2026-10-07T13:32:55.379000+00:00,,1.5,Kelani Ganga,Norwood,41105dd8-04a0-40f4-bc1a-d0ed62e5330e,4.5,3,1526353,0,0.86
2026-10-07T13:32:37.049000+00:00,,2026-10-07T13:32:37.049000+00:00,,3,Kelani Ganga,Kithulgala,e265b17c-a45a-4b6e-a1f2-f3f51fe90a1a,6,4,1526352,0,1.92
2026-10-07T13:32:10.142000+00:00,,2026-10-07T13:32:10.142000+00:00,,3,Mahaweli Ganga,Thaldena,2e03f601-4687-4dfb-a8e3-1f2bae2149e5,5,4,1526351,0,0.2
2026-10-07T13:32:00.057000+00:00,,2026-10-07T13:32:00.057000+00:00,,4,Ma Oya,Yaka Wewa,5d1a9450-92a9-4e11-b503-6495c1b744f0,6,5,1526350,0,0.4
2026-10-07T13:31:32.022000+00:00,,2026-10-07T13:31:32.022000+00:00,,3,Mahaweli Ganga,Manampitiya,d529cd65-4b17-4b6c-aa6c-73ce48aef1db,6,4.3,1526349,0,-0.08
2026-10-07T13:31:08.231000+00:00,,2026-10-07T13:31:08.231000+00:00,,5,Kumbukkan Oya,Nakkala,c5714d3c-798d-4318-bc95-3303b1688179,7.5,6,1526348,0,0.69
2026-10-07T13:30:44.944000+00:00,,2026-10-07T13:30:44.944000+00:00,,,Gal Oya,Ampara,7e0cddf9-2a4f-4a22-acca-43b73f7cfb37,,,1526347,0,0
2026-10-07T13:30:41.810000+00:00,,2026-10-07T13:30:41.810000+00:00,,4.4,Kirindi Oya,Wellawaya,6d2b7ca0-7d64-4717-846f-397fbdcf1ab1,5.9,5.4,1526346,0,0.84
2026-10-07T12:42:09.613000+00:00,,2026-10-07T12:42:09.613000+00:00,,5,Nilwala Ganga,Panadugama,fbf60437-e1a2-4edb-a5d8-66e279f24f06,7.5,6,1526345,0,4.85
2026-10-07T12:40:07.203000+00:00,,2026-10-07T12:40:07.203000+00:00,,2.5,Nilwala Ganga,Urawa,523d2508-663f-4da5-92f2-37c85bddb57b,6,4,1526344,0,0.42
2026-10-07T12:39:53.414000+00:00,,2026-10-07T12:39:53.414000+00:00,,5,Malwathu Oya,Thanthirimale,8abf8490-7831-48d4-af04-777c7ca62ad9,7.8,6.8,1526343,0,0.77
2026-10-07T12:38:35.018000+00:00,,2026-10-07T12:38:35.018000+00:00,,5,Kalu Ganga,Kalawellawa (Millakanda),e08864ca-7775-4561-b27e-fa02166e8722,8,6.5,1526342,0,3.35
2026-10-07T12:37:13.270000+00:00,,2026-10-07T12:37:13.270000+00:00,,3.5,Gin Ganga,Baddegama,6938a784-671f-4da3-b266-3130013d17ee,5,4,1526341,0,2.42
2026-10-07T12:36:25.729000+00:00,,2026-10-07T12:36:25.729000+00:00,,3,Kelani Ganga,Holombuwa,101653bc-5ecb-492c-8e35-0d28ab4862e8,6,4,1526340,0.8,0.72
2026-10-07T12:34:59.893000+00:00,,2026-10-07T12:34:59.893000+00:00,,5,Maha Oya,Badalgama,c9fd0cf8-1f66-4759-a020-239c1f4f7bf8,9.6,6.2,1526339,4.6,2.89
2026-10-07T12:34:46.958000+00:00,,2026-10-07T12:34:46.958000+00:00,,10,Kalu Ganga,Ellagawa,473dfe70-3212-4af9-98f3-7f0cd55b7cbe,12.2,10.7,1526338,0.4,5.48
2026-10-07T12:34:30.907000+00:00,,2026-10-07T12:34:30.907000+00:00,,4,Kirindi Oya,Thanamalwila,0a3fc24e-4d77-4f40-bc00-0606125023fc,5.5,5,1526337,0,0.71
2026-10-07T12:34:21.338000+00:00,,2026-10-07T12:34:21.338000+00:00,,3.5,Mahaweli Ganga,Nawalapitiya,7afa8074-baa7-4b4b-a80e-1380478e22c9,6,5,1526336,3.9,1.31
2026-10-07T12:34:19.745000+00:00,,2026-10-07T12:34:19.745000+00:00,,4,Nilwala Ganga,Pitabeddara,76b87902-8472-4cbb-8b2c-251b065a4cf6,6.5,5,1526335,0,1.28
2026-10-07T12:34:18.815000+00:00,,2026-10-07T12:34:18.815000+00:00,,4,Maduru Oya,Padiyathalawa,016c1583-0fe8-4b81-ab07-015cdbd9a782,6,4.5,1526334,0,0.09
2026-10-07T12:34:00.100000+00:00,,2026-10-07T12:34:00.100000+00:00,,4,Gin Ganga,Thawalama,aa76807d-5fba-4b7a-bb48-1c57ee09ed81,7.5,6,1526333,0,2.37
2026-10-07T12:33:52.744000+00:00,,2026-10-07T12:33:52.744000+00:00,,3.3,Aththanagalu Oya,Dunamale,5d52ec03-10ae-4b7a-88f7-cd2e0131b2ef,5.5,4.4,1526332,0.5,1.9
2026-10-07T12:33:30.157000+00:00,,2026-10-07T12:33:30.157000+00:00,,5,Mahaweli Ganga,Peradeniya,eb7061a8-d8f2-42a1-817d-2602e6302d69,9,7,1526331,0.3,2.07
2026-10-07T12:33:29.572000+00:00,,2026-10-07T12:33:29.572000+00:00,,4,Kelani Ganga,Nagalagam Street,1507d60d-15c9-4426-8fa7-20e8303add61,7,5,1526330,,1.2
2026-10-07T12:33:17.205000+00:00,,2026-10-07T12:33:17.205000+00:00,,6.5,Kelani Ganga,Hanwella,3e9f383f-8450-483b-93a6-e1777bd2ec70,9.5,7.5,1526329,4.6,2.53
2026-10-07T12:33:15.533000+00:00,,2026-10-07T12:33:15.533000+00:00,,4.84,Mee Oya,Galgamuwa,7e5e39b5-19cf-4da2-8d45-62c6751399ed,8,5.94,1526328,0,-0.02
2026-10-07T12:33:09.853000+00:00,,2026-10-07T12:33:09.853000+00:00,,5,Mahaweli Ganga,Weraganthota,2e252714-563d-4828-8675-2b2051296ee3,8,6,1526327,0,-3.45
2026-10-07T12:33:00.952000+00:00,,2026-10-07T12:33:00.952000+00:00,,5.5,Maha Oya,Giriulla,4fa5a0da-1778-4dd3-a9fc-42c796ed56ac,7.5,6.5,1526326,0.8,1.55
2026-10-07T12:32:57.066000+00:00,,2026-10-07T12:32:57.066000+00:00,,4,Kalu Ganga,Magura,6cace799-419d-486c-9584-9b733fb90650,7.5,6,1526325,2.3,2.08
2026-10-07T12:32:42.616000+00:00,,2026-10-07T12:32:42.616000+00:00,,4.75,Deduru Oya,Moragaswewa,8ab46dd3-1079-45cd-a672-ae5b9f694acc,7,6,1526324,0,0.17
2026-10-07T12:32:38.072000+00:00,,2026-10-07T12:32:38.072000+00:00,,5.2,Kalu Ganga,Rathnapura,25de128d-c622-42ae-a45f-173edb7ae5c3,9.5,7.5,1526323,0,1.72
2026-10-07T12:32:34.934000+00:00,,2026-10-07T12:32:34.934000+00:00,,4,Menik Ganga,Katharagama,8d16c53c-57ad-401a-82b9-b70d7ea21f59,6.5,4.6,1526322,0,-0.28
2026-10-07T12:31:59.655000+00:00,,2026-10-07T12:31:59.655000+00:00,,4.8,Kelani Ganga,Deraniyagala,44c6f444-5811-4b26-b630-d388860e2703,7,5.8,1526321,0,1
2026-10-07T12:31:57.533000+00:00,,2026-10-07T12:31:57.533000+00:00,,3,Mahaweli Ganga,Thaldena,fbf14700-6bc1-471b-bd70-443f0a0a50ee,5,4,1526320,0,0.27
2026-10-07T12:31:57.352000+00:00,,2026-10-07T12:31:57.352000+00:00,,4.5,Heda Oya,Siyambalanduwa,cad034af-551e-4564-b5d7-e204f73ec83b,7,6,1526319,0,0.25
2026-10-07T12:31:49.615000+00:00,,2026-10-07T12:31:49.615000+00:00,,1.5,Kelani Ganga,Norwood,15b2c447-f64d-4463-b292-57ed10e0e063,4.5,3,1526318,0,0.87
2026-10-07T12:31:45.334000+00:00,,2026-10-07T12:31:45.334000+00:00,,3,Kelani Ganga,Kithulgala,49610189-c5db-40cc-bdf8-f47866604969,6,4,1526317,0,1.87
2026-10-07T12:31:42.173000+00:00,,2026-10-07T12:31:42.173000+00:00,,15,Kelani Ganga,Glencourse,e4f9ed0f-bb62-4daa-a6c4-e27a3c4628c9,19,15.5,1526316,2,10.5
2026-10-07T12:31:41.311000+00:00,,2026-10-07T12:31:41.311000+00:00,,4,Ma Oya,Yaka Wewa,8550947e-35a4-4fed-a41a-ac59bfea68fd,6,5,1526315,0,0.4
2026-10-07T12:31:26.803000+00:00,,2026-10-07T12:31:26.803000+00:00,,6.9,Kirindi Oya,Kuda Oya,cecb14c7-7c5f-42b2-8f21-73efb193ddd6,8.8,8.4,1526314,0,1.27
2026-10-07T12:31:12.113000+00:00,,2026-10-07T12:31:12.113000+00:00,,3,Mahaweli Ganga,Manampitiya,2e122193-500e-4544-b6c3-a8f0880b9564,6,4.3,1526313,0,-0.05
2026-10-07T12:31:00.102000+00:00,,2026-10-07T12:31:00.102000+00:00,,3,Walawe Ganga,Moraketiya,584981d8-4db4-4740-82a6-f7f2dd13684c,7,5,1526312,0,1
2026-10-07T12:30:53.684000+00:00,,2026-10-07T12:30:53.684000+00:00,,5,Kumbukkan Oya,Nakkala,3e5c1a6f-9e59-4b34-a805-d3b9ec2d769b,7.5,6,1526311,0,0.7
2026-10-07T12:30:51.873000+00:00,,2026-10-07T12:30:51.873000+00:00,,,Gal Oya,Ampara,2c222a10-47f2-4756-af5e-196b81aad703,,,1526310,0,0
2026-10-07T12:30:50.256000+00:00,,2026-10-07T12:30:50.256000+00:00,,1.4,Nilwala Ganga,Thalgahagoda,c0582625-1b93-4be0-89f6-e58099f6ac58,2.8,1.7,1526309,0,1.1
2026-10-07T12:30:27.324000+00:00,,2026-10-07T12:30:27.324000+00:00,,6,Yan Oya,Horowpothana,dadde377-57b5-47d9-91e6-6e7d533e1742,10.5,7.5,1526308,0,1.65
2026-10-07T12:30:19.317000+00:00,,2026-10-07T12:30:19.317000+00:00,,3,Kalu Ganga,Putupaula,252ad192-9494-4025-9e65-5a914a89ebfc,5,4,1526307,0,0.86
2026-10-07T12:30:17.168000+00:00,,2026-10-07T12:30:17.168000+00:00,,4.4,Kirindi Oya,Wellawaya,58e05225-2b1b-4359-97b3-7e9fd3d5b7f5,5.9,5.4,1526306,0,0.83
2026-10-07T11:53:28.577000+00:00,,2026-10-07T11:53:28.577000+00:00,,4,Kalu Ganga,Magura,15fd07e6-cdfa-4d0b-b923-2045c37b072e,7.5,6,1526305,0,1.89
2026-10-07T11:45:21.892000+00:00,,2026-10-07T11:45:21.892000+00:00,,3,Mahaweli Ganga,Manampitiya,163b8e85-2887-4b4c-a72c-aab174168843,6,4.3,1526304,0,-0.01
2026-10-07T11:44:33.467000+00:00,,2026-10-07T11:44:33.467000+00:00,,2.5,Nilwala Ganga,Urawa,9b11815d-471c-4580-9fba-15088f3fb265,6,4,1526303,0,0.43
2026-10-07T11:44:08.899000+00:00,,2026-10-07T11:44:08.899000+00:00,,3,Kalu Ganga,Putupaula,96787933-2781-4475-b812-3fe7c9e87327,5,4,1526302,0,0.91
2026-10-07T11:42:54.271000+00:00,,2026-10-07T11:42:54.271000+00:00,,5.5,Maha Oya,Giriulla,c65cdcb8-3e69-4395-9935-5fbad3cd1592,7.5,6.5,1526301,0,1.57
2026-10-07T11:40:14.656000+00:00,,2026-10-07T11:40:14.656000+00:00,,3.5,Mahaweli Ganga,Nawalapitiya,d2c7870e-eed1-4667-a374-b407011d4bac,6,5,1526300,4.7,1.29
2026-10-07T11:39:05.843000+00:00,,2026-10-07T11:39:05.843000+00:00,,3.5,Gin Ganga,Baddegama,e5f7753c-92f7-42c1-a8db-82669ef9c814,5,4,1526299,9.6,2.43
2026-10-07T11:38:17.484000+00:00,,2026-10-07T11:38:17.484000+00:00,,4,Gin Ganga,Thawalama,f437b659-a007-441c-ba04-0a6350be14cc,7.5,6,1526298,0.9,2.12
2026-10-07T11:38:16.125000+00:00,,2026-10-07T11:38:16.125000+00:00,,3.3,Aththanagalu Oya,Dunamale,e916e3fa-036b-41e6-a5b4-3d981d887743,5.5,4.4,1526297,0,1.92
2026-10-07T11:38:16.030000+00:00,,2026-10-07T11:38:16.030000+00:00,,4,Kirindi Oya,Thanamalwila,a0f5050f-2f86-43da-99f0-4670b44838fd,5.5,5,1526296,0,0.73
2026-10-07T11:38:00.905000+00:00,,2026-10-07T11:38:00.905000+00:00,,5,Kalu Ganga,Kalawellawa (Millakanda),e6ef0fbb-5e9d-47e1-aca8-f860212054ec,8,6.5,1526295,0,3.42
2026-10-07T11:37:40.097000+00:00,,2026-10-07T11:37:40.097000+00:00,,1.4,Nilwala Ganga,Thalgahagoda,3f023a94-3c7b-43b6-8fe3-911d80fd360c,2.8,1.7,1526294,0,1.1
2026-10-07T11:37:29.435000+00:00,,2026-10-07T11:37:29.435000+00:00,,5,Mahaweli Ganga,Peradeniya,ee4d26e0-10fd-466e-abcb-c17f7de5677a,9,7,1526293,0,2.04
2026-10-07T11:37:27.159000+00:00,,2026-10-07T11:37:27.159000+00:00,,5.2,Kalu Ganga,Rathnapura,3b526ecb-4eea-4d44-b957-475c9ec0b507,9.5,7.5,1526292,0.4,1.66
2026-10-07T11:36:56.583000+00:00,,2026-10-07T11:36:56.583000+00:00,,4,Nilwala Ganga,Pitabeddara,26664210-3b33-4e7d-8473-b16536d9696c,6.5,5,1526291,0,1.3
2026-10-07T11:36:14.411000+00:00,,2026-10-07T11:36:14.411000+00:00,,3,Kelani Ganga,Holombuwa,ee7507a9-379b-454a-a267-f0753cafc752,6,4,1526290,0,0.73
2026-10-07T11:36:10.944000+00:00,,2026-10-07T11:36:10.944000+00:00,,5,Nilwala Ganga,Panadugama,0e9e44b5-2b98-4448-b24f-a6d9491dd6de,7.5,6,1526289,0,4.89
2026-10-07T11:36:07.105000+00:00,,2026-10-07T11:36:07.105000+00:00,,10,Kalu Ganga,Ellagawa,46e4ea5e-10f9-4c70-b554-fec15ac393e5,12.2,10.7,1526288,12,5.48
2026-10-07T11:36:00.365000+00:00,,2026-10-07T11:36:00.365000+00:00,,5,Maha Oya,Badalgama,af3626a8-ffbb-4df9-8a71-07c1e8935e4a,9.6,6.2,1526287,0,2.91
2026-10-07T11:35:39.067000+00:00,,2026-10-07T11:35:39.067000+00:00,,3,Mahaweli Ganga,Thaldena,77935caf-cbfb-4592-a9d8-4273f2229e2a,5,4,1526286,0,0.25
2026-10-07T11:35:37.888000+00:00,,2026-10-07T11:35:37.888000+00:00,,4,Kelani Ganga,Nagalagam Street,0eba93a8-aa29-4d6f-a01b-0f6acdad13d1,7,5,1526285,0,1.35
2026-10-07T11:35:16.695000+00:00,,2026-10-07T11:35:16.695000+00:00,,4.5,Heda Oya,Siyambalanduwa,73eb99ce-7285-4b6d-a605-c9a7c8de3ebc,7,6,1526284,0,0.25
2026-10-07T11:35:09.602000+00:00,,2026-10-07T11:35:09.602000+00:00,,3,Walawe Ganga,Moraketiya,5527ec5c-e14f-4d71-9218-7d410c4682de,7,5,1526283,0,1
2026-10-07T11:34:12.430000+00:00,,2026-10-07T11:34:12.430000+00:00,,6,Yan Oya,Horowpothana,5e1f5592-ac68-46f8-bcf7-1ffe25f80ba2,10.5,7.5,1526282,0,1.65
2026-10-07T11:33:50.912000+00:00,,2026-10-07T11:33:50.912000+00:00,,4.84,Mee Oya,Galgamuwa,82d5fa6d-4db9-4b5f-bdde-2b72527caa51,8,5.94,1526281,0,-0.02
2026-10-07T11:33:28.863000+00:00,,2026-10-07T11:33:28.863000+00:00,,4.4,Kirindi Oya,Wellawaya,954277ed-1850-4b90-9034-adae8f74bfcb,5.9,5.4,1526280,0,0.84
2026-10-07T11:33:10.582000+00:00,,2026-10-07T11:33:10.582000+00:00,,15,Kelani Ganga,Glencourse,cbe74c95-01d0-4a3a-b00d-72698fbb354d,19,15.5,1526279,0,10.55
2026-10-07T11:32:56.164000+00:00,,2026-10-07T11:32:56.164000+00:00,,4.75,Deduru Oya,Moragaswewa,1b3b7ce7-154e-4680-bcc6-89ca38bd145f,7,6,1526278,0,0.14
2026-10-07T11:32:39.154000+00:00,,2026-10-07T11:32:39.154000+00:00,,4,Menik Ganga,Katharagama,0e02841a-db2a-4888-98c2-7af9f370ca30,6.5,4.6,1526277,0,-0.28
2026-10-07T11:32:24.543000+00:00,,2026-10-07T11:32:24.543000+00:00,,1.5,Kelani Ganga,Norwood,fd47a8ea-9511-4123-8da3-74db0667f0f2,4.5,3,1526276,0,0.88
2026-10-07T11:32:17.181000+00:00,,2026-10-07T11:32:17.181000+00:00,,6.5,Kelani Ganga,Hanwella,86e4867c-5954-4e43-b3ab-c1da228ec03d,9.5,7.5,1526275,0,2.56
2026-10-07T11:31:59.894000+00:00,,2026-10-07T11:31:59.894000+00:00,,3,Kelani Ganga,Kithulgala,fa9d0736-6d77-42ee-a32a-8e3ee3b9cb08,6,4,1526274,0,1.92
2026-10-07T11:31:48.134000+00:00,,2026-10-07T11:31:48.134000+00:00,,6.9,Kirindi Oya,Kuda Oya,70a416c5-44f6-43cf-8ed5-4a0baa00bdcd,8.8,8.4,1526273,0,1.28
2026-10-07T11:31:36.768000+00:00,,2026-10-07T11:31:36.768000+00:00,,5,Mahaweli Ganga,Weraganthota,35ffe0d9-7131-4c8c-9a0f-655a0872617a,8,6,1526272,0,-3.47
2026-10-07T11:31:26.099000+00:00,,2026-10-07T11:31:26.099000+00:00,,4.8,Kelani Ganga,Deraniyagala,3e2f1d44-8ede-4357-8397-09c75ae1ff91,7,5.8,1526271,0,0.98
2026-10-07T11:31:03.348000+00:00,,2026-10-07T11:31:03.348000+00:00,,,Gal Oya,Ampara,aa01f4a6-eeee-4ba4-9ee3-f95974303ff6,,,1526270,0,0
2026-10-07T11:30:56.966000+00:00,,2026-10-07T11:30:56.966000+00:00,,4,Maduru Oya,Padiyathalawa,dc2ac63a-cb00-4b68-a218-e757124ce609,6,4.5,1526269,0,0.1
2026-10-07T11:30:47.458000+00:00,,2026-10-07T11:30:47.458000+00:00,,5,Kumbukkan Oya,Nakkala,0be57752-edb9-44c1-ba8f-4fb04e2084cc,7.5,6,1526268,0,0.7
2026-10-07T11:30:09.331000+00:00,,2026-10-07T11:30:09.331000+00:00,,5,Malwathu Oya,Thanthirimale,5297ee6c-3501-4128-b01a-bcc7ccd9ab42,7.8,6.8,1526267,0,0.77
2026-10-07T11:26:29.790000+00:00,,2026-10-07T11:26:29.790000+00:00,,6.9,Kirindi Oya,Kuda Oya,4a60b71a-a8a0-4092-a2fd-5c79eb56614f,8.8,8.4,1526266,0,1.28
2026-10-07T10:55:44.073000+00:00,,2026-10-08T05:35:12.553000+00:00,IEHydrology,5,Nilwala Ganga,Panadugama,9970e794-4e1f-4ba6-9f9b-e3e0178dcd46,7.5,6,1526265,0,4.95
2026-10-07T10:53:12.842000+00:00,,2026-10-07T10:53:12.842000+00:00,,4,Maduru Oya,Padiyathalawa,9a6182d0-70ae-44c7-ad92-42072a6f0577,6,4.5,1526264,0,0.1
2026-10-07T10:50:51.074000+00:00,,2026-10-07T10:50:51.074000+00:00,,2.5,Nilwala Ganga,Urawa,1a8d4ed6-cd07-4a4c-b5a7-b1790afc354f,6,4,1526263,0,0.44
2026-10-07T10:45:59.258000+00:00,,2026-10-07T10:45:59.258000+00:00,,5.2,Kalu Ganga,Rathnapura,31ca3a9f-1cf1-4ab4-b4b4-aa11e05b1dd8,9.5,7.5,1526262,0,1.56
2026-10-07T10:42:21.268000+00:00,,2026-10-07T10:42:21.268000+00:00,,4,Nilwala Ganga,Pitabeddara,fc712752-2870-4155-a159-2cbc092f7027,6.5,5,1526261,0,1.34
2026-10-07T10:42:16.270000+00:00,,2026-10-07T10:42:16.270000+00:00,,5,Kumbukkan Oya,Nakkala,3481c8e0-34ce-4ba8-8780-aaf9be6ef417,7.5,6,1526260,0,0.72
2026-10-07T10:41:10.944000+00:00,,2026-10-07T10:41:10.944000+00:00,,3.3,Aththanagalu Oya,Dunamale,16010684-1554-4eb0-bc9d-4a7132044fc1,5.5,4.4,1526259,0.2,1.95
2026-10-07T10:41:03.005000+00:00,,2026-10-07T10:41:03.005000+00:00,,4,Gin Ganga,Thawalama,0f5b829d-c244-4ed5-8b46-860321498037,7.5,6,1526258,16.5,2.08
2026-10-07T10:38:14.258000+00:00,,2026-10-07T10:38:14.258000+00:00,,5,Kalu Ganga,Kalawellawa (Millakanda),2824175a-8fd0-47b9-b84e-1c3ba34a3dfe,8,6.5,1526257,0,3.45
2026-10-07T10:37:05.842000+00:00,,2026-10-07T10:37:05.842000+00:00,,4,Kelani Ganga,Nagalagam Street,63e0dbcd-ecbe-4a96-aae6-2b51b9dc0d8f,7,5,1526256,0,1.65
2026-10-07T10:36:21.736000+00:00,,2026-10-07T10:36:21.736000+00:00,,4.75,Deduru Oya,Moragaswewa,1c27f8f5-b934-44c6-977a-728dce363b69,7,6,1526255,0,0.11
2026-10-07T10:36:10.825000+00:00,,2026-10-07T10:36:10.825000+00:00,,4.84,Mee Oya,Galgamuwa,5eaaf814-3837-448f-8c11-6006bb195b69,8,5.94,1526254,5.6,-0.02
2026-10-07T10:36:03.174000+00:00,,2026-10-07T10:36:03.174000+00:00,,3,Walawe Ganga,Moraketiya,d28b16f8-9643-4b54-865f-b6442a89888d,7,5,1526253,0,1
2026-10-07T10:35:58.652000+00:00,,2026-10-07T10:35:58.652000+00:00,,3,Kelani Ganga,Holombuwa,c2b22402-62f0-4ffe-afe0-8ec0b7b04e45,6,4,1526252,0,0.73
2026-10-07T10:35:27.496000+00:00,,2026-10-07T10:35:27.496000+00:00,,3.5,Gin Ganga,Baddegama,d8eb4928-e158-404e-bd74-97964753303c,5,4,1526251,0,2.44
2026-10-07T10:34:42.799000+00:00,,2026-10-07T10:34:42.799000+00:00,,3.5,Mahaweli Ganga,Nawalapitiya,f7e5b1e3-7e10-49d6-9801-8eb8cd40d590,6,5,1526250,0,1.27
2026-10-07T10:34:04.058000+00:00,,2026-10-07T10:34:04.058000+00:00,,1.4,Nilwala Ganga,Thalgahagoda,e63a2425-9218-4f45-8fa0-75301acdb7ef,2.8,1.7,1526249,0,1.12
2026-10-07T10:33:59.969000+00:00,,2026-10-07T10:33:59.969000+00:00,,5,Mahaweli Ganga,Peradeniya,4b66d9bf-da49-4daf-9b39-50d8981af70b,9,7,1526248,0,2.02
2026-10-07T10:33:52.232000+00:00,,2026-10-07T10:33:52.232000+00:00,,4,Ma Oya,Yaka Wewa,1f5d584a-7957-431b-ae6b-ef004665f802,6,5,1526247,0,0.4
2026-10-07T10:33:40.567000+00:00,,2026-10-07T10:33:40.567000+00:00,,3,Mahaweli Ganga,Thaldena,1ccd42b1-0771-48f3-94c7-4990b0191807,5,4,1526246,0,0.26
2026-10-07T10:33:33.624000+00:00,,2026-10-07T10:33:33.624000+00:00,,6.5,Kelani Ganga,Hanwella,ac46ba0a-5991-40ca-ab06-99cdbcdde305,9.5,7.5,1526245,0,2.59
2026-10-07T10:33:12.125000+00:00,,2026-10-07T10:33:12.125000+00:00,,3,Kalu Ganga,Putupaula,773363c8-6c13-4926-8bcb-1adc23645e56,5,4,1526244,0,0.94
2026-10-07T10:33:03.099000+00:00,,2026-10-07T10:33:03.099000+00:00,,5.5,Maha Oya,Giriulla,8602533f-1336-4704-8eb5-853ff732ae67,7.5,6.5,1526243,0,1.6
2026-10-07T10:32:56.802000+00:00,,2026-10-07T10:32:56.802000+00:00,,15,Kelani Ganga,Glencourse,1fa4635a-f211-4daa-b731-3b994d5bb01a,19,15.5,1526242,0,10.63
2026-10-07T10:32:52.031000+00:00,,2026-10-07T10:32:52.031000+00:00,,4,Menik Ganga,Katharagama,f0f750b8-ec7f-4f83-8731-42fcb86b22c9,6.5,4.6,1526241,0,-0.28
2026-10-07T10:32:48.470000+00:00,,2026-10-07T10:32:48.470000+00:00,,1.5,Kelani Ganga,Norwood,dbb2d56f-3080-4071-9338-92c3fd0b54e8,4.5,3,1526240,0,0.89
2026-10-07T10:32:36.681000+00:00,,2026-10-07T10:32:36.681000+00:00,,4.5,Heda Oya,Siyambalanduwa,ec9ee5d3-fcd8-4b42-baa9-936ae7ea8fd4,7,6,1526239,0,0.25
2026-10-07T10:32:29.914000+00:00,,2026-10-07T10:32:29.914000+00:00,,4,Kirindi Oya,Thanamalwila,0c98a64b-7d22-4576-9a75-566d521c9254,5.5,5,1526238,0,0.76
2026-10-07T10:31:54.938000+00:00,,2026-10-07T10:31:54.938000+00:00,,10,Kalu Ganga,Ellagawa,8e78d9b0-dd6f-4190-bc20-ee069056a210,12.2,10.7,1526237,0,5.51
2026-10-07T10:31:43.455000+00:00,,2026-10-07T10:31:43.455000+00:00,,4.8,Kelani Ganga,Deraniyagala,e9ae3da8-6f0e-4be5-8c4a-30777681024e,7,5.8,1526236,0,0.85
2026-10-07T10:31:38.244000+00:00,,2026-10-07T10:31:38.244000+00:00,,4.4,Kirindi Oya,Wellawaya,d78002f5-9a49-4329-bc75-9c5c4644ea07,5.9,5.4,1526235,0,0.84
2026-10-07T10:31:34.512000+00:00,,2026-10-07T10:31:34.512000+00:00,,5,Malwathu Oya,Thanthirimale,e2f0ed8f-4cab-4498-a179-2dee383f794e,7.8,6.8,1526234,0,0.78
2026-10-07T10:31:26.668000+00:00,,2026-10-07T10:31:26.668000+00:00,,5,Maha Oya,Badalgama,7430f3c8-2f12-4197-b662-a758b80570d1,9.6,6.2,1526233,0,2.93
2026-10-07T10:31:22.510000+00:00,,2026-10-07T10:31:22.510000+00:00,,5,Mahaweli Ganga,Weraganthota,2686ac78-00e0-47c8-acc5-5d58a784cee2,8,6,1526232,0,-3.5
2026-10-07T10:31:13.528000+00:00,,2026-10-07T10:31:13.528000+00:00,,4,Kalu Ganga,Magura,59766e0c-b78a-4b4b-a29d-39a05877f116,7.5,6,1526231,8.4,1.9
2026-10-07T10:30:55.397000+00:00,,2026-10-07T10:30:55.397000+00:00,,6,Yan Oya,Horowpothana,b6427eb9-811d-449b-a462-abc34c39c82e,10.5,7.5,1526230,0,1.65
2026-10-07T10:30:48.600000+00:00,,2026-10-07T10:30:48.600000+00:00,,,Gal Oya,Ampara,4c54c2b7-5f6f-4b77-ad5b-3b2d1e2f889e,,,1526229,0,0
2026-10-07T10:30:28.860000+00:00,,2026-10-07T10:30:28.860000+00:00,,3,Kelani Ganga,Kithulgala,02d3af7f-1cb7-419e-ac5b-aaae933d52a4,6,4,1526228,0,1.73
2026-10-07T10:30:11.324000+00:00,,2026-10-07T10:30:11.324000+00:00,,3,Mahaweli Ganga,Manampitiya,d51cf34e-0543-455e-8d8f-369db7f7f703,6,4.3,1526227,0,0.03
2026-10-07T10:29:55.011000+00:00,,2026-10-07T10:29:55.011000+00:00,,3,Mahaweli Ganga,Manampitiya,7a1a7064-91e6-45a0-b0e7-24ccb89b6e54,6,4.3,1526226,0,0.03
2026-10-07T09:46:24.592000+00:00,,2026-10-07T09:46:24.592000+00:00,,4,Maduru Oya,Padiyathalawa,b7e6f955-db1b-4b66-a8a7-8a94668e441b,6,4.5,1526225,0.5,0.1
2026-10-07T09:38:40.402000+00:00,,2026-10-07T09:38:40.402000+00:00,,3,Kelani Ganga,Kithulgala,f8063154-75dd-4990-8cfd-890c8443fdf3,6,4,1526224,1,1.73
2026-10-07T09:36:52.865000+00:00,,2026-10-07T09:36:52.865000+00:00,,3,Kelani Ganga,Holombuwa,6aafeafc-b93e-41b1-a87d-57bf63888c86,6,4,1526223,4.8,0.72
2026-10-07T09:36:39.701000+00:00,,2026-10-07T09:36:39.701000+00:00,,3.3,Aththanagalu Oya,Dunamale,f6f1ec35-0cc0-4125-a4b7-430e90c79c8e,5.5,4.4,1526222,0,2
2026-10-07T09:36:07.925000+00:00,,2026-10-07T09:36:07.925000+00:00,,4,Kelani Ganga,Nagalagam Street,e3747697-b404-4e8f-bc41-c527b1db3757,7,5,1526221,0,2
2026-10-07T09:35:16.201000+00:00,,2026-10-07T09:35:16.201000+00:00,,5,Maha Oya,Badalgama,02161968-eeab-435a-a0f6-683e66254a04,9.6,6.2,1526220,0,2.95
2026-10-07T09:35:15.783000+00:00,,2026-10-07T09:35:15.783000+00:00,,3.5,Gin Ganga,Baddegama,b88896b6-3e05-4a62-85ec-598877ad0929,5,4,1526219,0,2.46
2026-10-07T09:35:13.871000+00:00,,2026-10-07T09:35:13.871000+00:00,,5,Nilwala Ganga,Panadugama,5169df2c-ebbf-4462-9697-8110e7c99a96,7.5,6,1526218,0,5.03
2026-10-07T09:35:10.851000+00:00,,2026-10-07T09:35:10.851000+00:00,,5.2,Kalu Ganga,Rathnapura,6faf3221-38c9-4fbe-8ad9-364a8eff63d5,9.5,7.5,1526217,0,1.57
2026-10-07T09:35:10.435000+00:00,,2026-10-07T09:35:10.435000+00:00,,15,Kelani Ganga,Glencourse,ca8c9d36-ea56-48da-aba5-b97388313428,19,15.5,1526216,0,10.7
2026-10-07T09:34:53.089000+00:00,,2026-10-07T09:34:53.089000+00:00,,5,Nilwala Ganga,Panadugama,163bc9af-6135-461e-973e-bde77353df0b,7.5,6,1526215,0,5.03
2026-10-07T09:34:51.249000+00:00,,2026-10-07T09:34:51.249000+00:00,,2.5,Nilwala Ganga,Urawa,633ee560-5ac2-4108-aece-90d930547243,6,4,1526214,0,0.45
2026-10-07T09:34:42.777000+00:00,,2026-10-07T09:34:42.777000+00:00,,1.4,Nilwala Ganga,Thalgahagoda,43e19551-8054-4768-bdc1-5c02052fcb1c,2.8,1.7,1526213,0,1.12
2026-10-07T09:34:29.544000+00:00,,2026-10-07T09:34:29.544000+00:00,,4,Kalu Ganga,Magura,83a6a85b-277d-413b-b08c-e83e30642980,7.5,6,1526212,0,1.91
2026-10-07T09:33:55.429000+00:00,,2026-10-07T09:33:55.429000+00:00,,4.4,Kirindi Oya,Wellawaya,7afb418e-e0cb-4ca9-b799-0c53f922822e,5.9,5.4,1526211,0,0.87
2026-10-07T09:33:50.801000+00:00,,2026-10-07T09:33:50.801000+00:00,,4.5,Heda Oya,Siyambalanduwa,603973f5-9726-44ce-9316-40d51c335805,7,6,1526210,0,0.26
2026-10-07T09:33:44.050000+00:00,,2026-10-07T09:33:44.050000+00:00,,4.84,Mee Oya,Galgamuwa,d3f0678c-8d35-47c6-b6b7-63dd1027ff4c,8,5.94,1526209,0,-0.02
2026-10-07T09:33:24.753000+00:00,,2026-10-07T09:33:24.753000+00:00,,4,Gin Ganga,Thawalama,b31718a8-5390-4329-bd9a-6c97db919588,7.5,6,1526208,0,2.09
2026-10-07T09:33:21.665000+00:00,,2026-10-07T09:33:21.665000+00:00,,3,Kalu Ganga,Putupaula,932127eb-0c1e-4780-974f-da1bdfdc3508,5,4,1526207,0,0.97
2026-10-07T09:33:21.062000+00:00,,2026-10-07T09:33:21.062000+00:00,,6.5,Kelani Ganga,Hanwella,b3e5ee5c-ff3e-4a98-b0f7-33f56ccedabf,9.5,7.5,1526206,0,2.61
2026-10-07T09:33:18.855000+00:00,,2026-10-07T09:33:18.855000+00:00,,5,Mahaweli Ganga,Peradeniya,938c35e0-d74b-484b-91f8-aa8e642f4425,9,7,1526205,0,1.97
2026-10-07T09:33:08.245000+00:00,,2026-10-07T09:33:08.245000+00:00,,4,Menik Ganga,Katharagama,31302b8f-18de-4288-a3be-531335f552e0,6.5,4.6,1526204,0,-0.28
2026-10-07T09:33:07.404000+00:00,,2026-10-07T09:33:07.404000+00:00,,4,Kirindi Oya,Thanamalwila,2d6dabc4-fdae-469d-af56-97daa0c7b263,5.5,5,1526203,0,0.81
2026-10-07T09:33:06.202000+00:00,,2026-10-07T09:33:06.202000+00:00,,3,Mahaweli Ganga,Thaldena,ba24a804-3b42-497f-913e-62065b010de6,5,4,1526202,0,0.27
2026-10-07T09:33:04.191000+00:00,,2026-10-07T09:33:04.191000+00:00,,6,Yan Oya,Horowpothana,718e897b-9208-4df0-9ff4-98ddb7981fcb,10.5,7.5,1526201,0,1.65
2026-10-07T09:33:01.872000+00:00,,2026-10-07T09:33:01.872000+00:00,,10,Kalu Ganga,Ellagawa,3ccf17d4-47ca-43a6-be92-8c8ab5512dec,12.2,10.7,1526200,0,5.54
2026-10-07T09:32:23.105000+00:00,,2026-10-07T09:32:23.105000+00:00,,5,Malwathu Oya,Thanthirimale,698c04ac-cec1-466b-b5b2-9e34c9f35859,7.8,6.8,1526199,15.1,0.78
2026-10-07T09:32:19.479000+00:00,,2026-10-07T09:32:19.479000+00:00,,4.8,Kelani Ganga,Deraniyagala,5dfe1406-4b7f-4f95-91ab-84706b9cb64f,7,5.8,1526198,0,0.85
2026-10-07T09:32:11.472000+00:00,,2026-10-07T09:32:11.472000+00:00,,5.5,Maha Oya,Giriulla,040e879d-ca27-4198-8c48-08e33e1e5995,7.5,6.5,1526197,0,1.63
2026-10-07T09:32:11.151000+00:00,,2026-10-07T09:32:11.151000+00:00,,5,Kumbukkan Oya,Nakkala,e88250b4-fd54-45cb-b3bc-0c2727c0c795,7.5,6,1526196,0,0.74
2026-10-07T09:32:10.735000+00:00,,2026-10-07T09:32:10.735000+00:00,,3,Walawe Ganga,Moraketiya,17c3d548-9305-4da4-971b-17216f478a8d,7,5,1526195,0,1
2026-10-07T09:32:05.121000+00:00,,2026-10-07T09:32:05.121000+00:00,,1.5,Kelani Ganga,Norwood,72f7772e-93bd-4e88-ad5b-a6fd7ba78886,4.5,3,1526194,4.1,0.89
2026-10-07T09:31:34.188000+00:00,,2026-10-07T09:31:34.188000+00:00,,6.9,Kirindi Oya,Kuda Oya,a14d0f0b-ebe7-469d-9c10-b470488fb6a6,8.8,8.4,1526193,0,1.31
2026-10-07T09:31:34.145000+00:00,,2026-10-07T09:31:34.145000+00:00,,3,Mahaweli Ganga,Manampitiya,35a1b495-4cc5-4b73-9755-3788db8dec94,6,4.3,1526192,0,0.08
2026-10-07T09:31:22.864000+00:00,,2026-10-07T09:31:22.864000+00:00,,4,Nilwala Ganga,Pitabeddara,cff49fa0-43f2-41f9-ad7d-ce2248eb26b3,6.5,5,1526191,0,1.38
2026-10-07T09:31:17.852000+00:00,,2026-10-07T09:31:17.852000+00:00,,4.75,Deduru Oya,Moragaswewa,645d1673-5d86-4a2a-aa4c-09e1c97e65be,7,6,1526190,0,0.07
2026-10-07T09:31:14.266000+00:00,,2026-10-07T09:31:14.266000+00:00,,4,Ma Oya,Yaka Wewa,b7f492d5-0215-4340-9d10-8411d42a1c64,6,5,1526189,0,0.4
2026-10-07T09:31:08.184000+00:00,,2026-10-07T09:31:08.184000+00:00,,,Gal Oya,Ampara,5b1f4f9b-1d46-434c-9ffc-76128c5c263d,,,1526188,0,0
2026-10-07T09:30:58.814000+00:00,,2026-10-07T09:30:58.814000+00:00,,5,Mahaweli Ganga,Weraganthota,dee0a877-1f3d-46a1-95c5-67e19cb32547,8,6,1526187,0,-3.47
2026-10-07T09:30:40.078000+00:00,,2026-10-07T09:30:40.078000+00:00,,3.5,Mahaweli Ganga,Nawalapitiya,40fe27d7-c2c3-4e10-9d64-c2527a179327,6,5,1526186,0,1.28
2026-10-07T08:43:50.374000+00:00,,2026-10-07T08:43:50.374000+00:00,,2.5,Nilwala Ganga,Urawa,4dc61e1b-5903-4e0f-8873-360a8b207fac,6,4,1526185,0,0.46
2026-10-07T08:43:17.039000+00:00,,2026-10-07T08:43:17.039000+00:00,,5,Kalu Ganga,Kalawellawa (Millakanda),5dee034c-8b8f-4775-ba08-5a2641056920,8,6.5,1526184,0,3.5
2026-10-07T08:41:02.009000+00:00,,2026-10-07T08:41:02.009000+00:00,,4,Kelani Ganga,Nagalagam Street,692c0e70-ed4d-46d6-a815-137995fed1fb,7,5,1526183,0,2.1
2026-10-07T08:40:40.235000+00:00,,2026-10-07T08:40:40.235000+00:00,,6,Yan Oya,Horowpothana,62242619-ec27-4626-b72c-42ec75f6b337,10.5,7.5,1526182,0,1.66
2026-10-07T08:39:44.094000+00:00,,2026-10-07T08:39:44.094000+00:00,,4,Kalu Ganga,Magura,9a14366b-fcbb-4859-87b3-90a62a5d10d2,7.5,6,1526181,0,1.95
2026-10-07T08:38:50.738000+00:00,,2026-10-07T08:38:50.738000+00:00,,3.5,Gin Ganga,Baddegama,96473ed2-553f-4d75-bf95-7032c54dd61b,5,4,1526180,0,2.46
2026-10-07T08:38:39.599000+00:00,,2026-10-07T08:38:39.599000+00:00,,3.5,Mahaweli Ganga,Nawalapitiya,af9e279a-339f-4888-bdab-17543cce33fb,6,5,1526179,1.3,1.28
2026-10-07T08:38:03.192000+00:00,,2026-10-07T08:38:03.192000+00:00,,5.2,Kalu Ganga,Rathnapura,4dd3636e-f4ff-48f2-9e30-4620c6ce6b73,9.5,7.5,1526178,0,1.58
2026-10-07T08:37:41.646000+00:00,,2026-10-07T08:37:41.646000+00:00,,4,Nilwala Ganga,Pitabeddara,364dbb98-721e-4d4f-8f90-260270395a09,6.5,5,1526177,0,1.42
2026-10-07T08:37:34.874000+00:00,,2026-10-07T08:37:34.874000+00:00,,4,Gin Ganga,Thawalama,12487eb2-2699-4d0a-aee8-0c1ec50c9cc6,7.5,6,1526176,0,2.17
2026-10-07T08:37:14.922000+00:00,,2026-10-07T08:37:14.922000+00:00,,1.5,Kelani Ganga,Norwood,91a448d4-3e1b-4e00-a0d5-1ebb8566ad3d,4.5,3,1526175,3.1,0.86
2026-10-07T08:35:59.641000+00:00,,2026-10-07T08:35:59.641000+00:00,,5,Maha Oya,Badalgama,85926758-3e99-41e7-8bf0-fe7027f97e2b,9.6,6.2,1526174,0,2.98
2026-10-07T08:35:41.970000+00:00,,2026-10-07T08:35:41.970000+00:00,,3,Kelani Ganga,Holombuwa,1bb7da69-c2b5-4cb0-84d3-e16c000ae385,6,4,1526173,0,0.72
2026-10-07T08:35:11.032000+00:00,,2026-10-07T08:35:11.032000+00:00,,5,Malwathu Oya,Thanthirimale,f239bc91-7448-4f85-82cb-8b538d1184d8,7.8,6.8,1526172,1.1,0.78
2026-10-07T08:34:50.430000+00:00,,2026-10-07T08:34:50.430000+00:00,,4,Kirindi Oya,Thanamalwila,79f6894c-96ab-4d2f-95dc-b28728fc5454,5.5,5,1526171,0,0.85
2026-10-07T08:34:40.691000+00:00,,2026-10-07T08:34:40.691000+00:00,,15,Kelani Ganga,Glencourse,d05b8e53-373e-437a-9767-eec28aceb6ee,19,15.5,1526170,0,10.75
2026-10-07T08:34:37.988000+00:00,,2026-10-07T08:34:37.988000+00:00,,3,Kalu Ganga,Putupaula,5d06e12e-62b0-4363-85cf-d4a2819ad8f2,5,4,1526169,0,0.99
2026-10-07T08:34:35.906000+00:00,,2026-10-07T08:34:35.906000+00:00,,4,Maduru Oya,Padiyathalawa,87397a89-2ad2-4fbf-9722-03e5da28f818,6,4.5,1526168,0,0.1
2026-10-07T08:34:18.699000+00:00,,2026-10-07T08:34:18.699000+00:00,,4.75,Deduru Oya,Moragaswewa,acae149b-36c5-4c41-ba27-1e03f8c380c2,7,6,1526167,4.8,0.04
2026-10-07T08:34:11.867000+00:00,,2026-10-07T08:34:11.867000+00:00,,4.84,Mee Oya,Galgamuwa,a1caa350-b281-4fc6-b825-143a3acb8db7,8,5.94,1526166,0,-0.01
2026-10-07T08:33:46.132000+00:00,,2026-10-07T08:33:46.132000+00:00,,4.8,Kelani Ganga,Deraniyagala,f54e655b-74c6-496b-8464-5cd330b1b88b,7,5.8,1526165,12.2,0.77
2026-10-07T08:33:21.489000+00:00,,2026-10-07T08:33:21.489000+00:00,,3,Walawe Ganga,Moraketiya,1ff34d74-8519-46e3-9116-45d6a4fb110f,7,5,1526164,6.4,1
2026-10-07T08:32:54.995000+00:00,,2026-10-07T08:32:54.995000+00:00,,10,Kalu Ganga,Ellagawa,c5ea3adc-7470-48da-ba68-338efeaa48a9,12.2,10.7,1526163,0,5.56
2026-10-07T08:32:48.922000+00:00,,2026-10-07T08:32:48.922000+00:00,,5,Nilwala Ganga,Panadugama,dd3c8c54-5b9d-4722-8104-6c2cf76a2684,7.5,6,1526162,0,5.14
2026-10-07T08:32:48.166000+00:00,,2026-10-07T08:32:48.166000+00:00,,1.4,Nilwala Ganga,Thalgahagoda,38c58a88-7861-4d1f-a17d-6605f5c65d38,2.8,1.7,1526161,0,1.12
2026-10-07T08:32:42.595000+00:00,,2026-10-07T08:32:42.595000+00:00,,3,Kelani Ganga,Kithulgala,3ff9ea80-b511-4b01-b250-3d724b18298d,6,4,1526160,0,1.78
2026-10-07T08:32:37.788000+00:00,,2026-10-07T08:32:37.788000+00:00,,4.4,Kirindi Oya,Wellawaya,21c9936c-198d-4728-932d-d3e6ca0d61c3,5.9,5.4,1526159,0,0.87
2026-10-07T08:32:27.534000+00:00,,2026-10-07T08:32:27.534000+00:00,,6.5,Kelani Ganga,Hanwella,225b3241-fd8f-4f83-b0d0-43083e18da79,9.5,7.5,1526158,0,2.63
2026-10-07T08:32:26.897000+00:00,,2026-10-07T08:32:26.897000+00:00,,3,Mahaweli Ganga,Thaldena,21f5a830-36aa-4eaf-b264-82b6f230347d,5,4,1526157,0,0.23
2026-10-07T08:32:14.765000+00:00,,2026-10-07T08:32:14.765000+00:00,,3.3,Aththanagalu Oya,Dunamale,157e636d-bec1-48c9-88fa-a7ed580ee9a2,5.5,4.4,1526156,0,2.06
2026-10-07T08:32:14.003000+00:00,,2026-10-07T08:32:14.003000+00:00,,5.5,Maha Oya,Giriulla,29f2e87b-14bd-4383-84e6-ebab1f4f740f,7.5,6.5,1526155,0,1.65
2026-10-07T08:32:07.801000+00:00,,2026-10-07T08:32:07.801000+00:00,,4,Menik Ganga,Katharagama,2386c7e4-5b02-41da-ae16-526da6636de0,6.5,4.6,1526154,0,-0.28
2026-10-07T08:31:57.375000+00:00,,2026-10-07T08:31:57.375000+00:00,,6.9,Kirindi Oya,Kuda Oya,c4cdddf1-15ad-483e-9b4c-a465273f914d,8.8,8.4,1526153,2.2,1.34
2026-10-07T08:31:46.028000+00:00,,2026-10-07T08:31:46.028000+00:00,,5,Kumbukkan Oya,Nakkala,4ce194a2-71d5-4577-abe5-77682d435ffa,7.5,6,1526152,0,0.76
2026-10-07T08:31:38.303000+00:00,,2026-10-07T08:31:38.303000+00:00,,4,Ma Oya,Yaka Wewa,06b2741e-24cf-419d-af6c-2732bfa56f2c,6,5,1526151,0,0.4
2026-10-07T08:31:32.143000+00:00,,2026-10-07T08:31:32.143000+00:00,,4.5,Heda Oya,Siyambalanduwa,99dde753-df3d-4cf8-99b1-4bc1299285e6,7,6,1526150,0,0.26
2026-10-07T08:31:11.946000+00:00,,2026-10-07T08:31:11.946000+00:00,,5,Mahaweli Ganga,Peradeniya,a4075a0b-f9b5-4406-8253-72f537034227,9,7,1526149,0,1.99
2026-10-07T08:31:07.371000+00:00,,2026-10-07T08:31:07.371000+00:00,,5,Mahaweli Ganga,Weraganthota,8d4a4379-532f-42bc-a7a3-935857b73384,8,6,1526148,0,-3.45
2026-10-07T08:30:55.597000+00:00,,2026-10-07T08:30:55.597000+00:00,,,Gal Oya,Ampara,0a849c09-742c-4ae2-8b00-0ff820f293a1,,,1526147,0,0
2026-10-07T08:30:44.461000+00:00,,2026-10-07T08:30:44.461000+00:00,,3,Mahaweli Ganga,Manampitiya,d0a35c9c-32ee-4024-8f6f-fbcfb1a317f5,6,4.3,1526146,0,0.1
2026-10-07T07:53:08.104000+00:00,,2026-10-07T07:53:08.104000+00:00,,4,Gin Ganga,Thawalama,5391ec87-bb8d-4373-a37c-1524d0d3fe4a,7.5,6,1526145,0,2.24
2026-10-07T07:52:40.648000+00:00,,2026-10-07T07:52:40.648000+00:00,,5.5,Maha Oya,Giriulla,45db209c-dd00-4035-a631-9197289c3811,7.5,6.5,1526144,0,1.68
2026-10-07T07:44:03.847000+00:00,,2026-10-07T07:44:03.847000+00:00,,4,Kalu Ganga,Magura,095f6f1d-7dc4-48b9-a090-63e119657cf4,7.5,6,1526143,0,1.98
2026-10-07T07:40:09.788000+00:00,,2026-10-07T07:40:09.788000+00:00,,3,Kelani Ganga,Holombuwa,0c1cb1d4-2585-4ac5-9b33-0003f3c5b8b0,6,4,1526142,0,0.73
2026-10-07T07:40:07.962000+00:00,,2026-10-07T07:40:07.962000+00:00,,1.4,Nilwala Ganga,Thalgahagoda,2bee94c2-3f7d-4ae9-829e-36464511319a,2.8,1.7,1526141,0,1.12
2026-10-07T07:38:41.426000+00:00,,2026-10-07T07:38:41.426000+00:00,,3,Mahaweli Ganga,Thaldena,c77c6ab3-62f1-45db-b9f1-d4e1f5bd5004,5,4,1526140,0,0.3
2026-10-07T07:38:08.050000+00:00,,2026-10-07T07:38:08.050000+00:00,,5,Nilwala Ganga,Panadugama,33f21253-e536-4f46-96c8-7ca2af391e70,7.5,6,1526139,0,5.22
2026-10-07T07:36:43.957000+00:00,,2026-10-07T07:36:43.957000+00:00,,5,Maha Oya,Badalgama,fb02d500-1f10-4227-92b7-e1d507b84ace,9.6,6.2,1526138,0,3
2026-10-07T07:36:41.589000+00:00,,2026-10-07T07:36:41.589000+00:00,,3.5,Gin Ganga,Baddegama,250b5dd8-2ade-4ccf-81fc-0a2634794689,5,4,1526137,0,2.46
2026-10-07T07:35:32.402000+00:00,,2026-10-07T07:35:32.402000+00:00,,5.2,Kalu Ganga,Rathnapura,e834df7d-4aa7-4fd6-a19b-6d8c4f8a85e7,9.5,7.5,1526136,0,1.64
2026-10-07T07:35:29.022000+00:00,,2026-10-07T07:35:29.022000+00:00,,4,Kirindi Oya,Thanamalwila,fe55ee82-bfe5-42bb-8239-eb6c61f8af80,5.5,5,1526135,0,0.9
2026-10-07T07:35:04.841000+00:00,,2026-10-07T07:35:04.841000+00:00,,4,Nilwala Ganga,Pitabeddara,bcf14541-c113-4b9e-940a-2b72f2d88d6c,6.5,5,1526134,0,1.45
2026-10-07T07:35:01.981000+00:00,,2026-10-07T07:35:01.981000+00:00,,15,Kelani Ganga,Glencourse,e2e89d6a-ac53-4ff8-86d5-6802823a35fa,19,15.5,1526133,0,10.78
2026-10-07T07:34:54.527000+00:00,,2026-10-07T07:34:54.527000+00:00,,5,Mahaweli Ganga,Peradeniya,1692c723-f1d6-47f7-aea4-03da15cf9073,9,7,1526132,0,2
2026-10-07T07:33:38.462000+00:00,,2026-10-07T07:33:38.462000+00:00,,4.8,Kelani Ganga,Deraniyagala,29e71d53-69ad-4aac-87b6-a35e66251ff9,7,5.8,1526131,1.3,0.62
2026-10-07T07:33:38.233000+00:00,,2026-10-07T07:33:38.233000+00:00,,4,Kelani Ganga,Nagalagam Street,d9d15670-8766-41d5-8442-a046c8903411,7,5,1526130,0,2.4
2026-10-07T07:33:26.177000+00:00,,2026-10-07T07:33:26.177000+00:00,,4,Menik Ganga,Katharagama,0e097939-0449-4adf-9da3-80e12a667918,6.5,4.6,1526129,0,-0.28
2026-10-07T07:33:25.550000+00:00,,2026-10-07T07:33:25.550000+00:00,,4.84,Mee Oya,Galgamuwa,40eef2b3-ded3-4d7d-b631-6ea965b9e6b8,8,5.94,1526128,0,-0.01
2026-10-07T07:33:15.957000+00:00,,2026-10-07T07:33:15.957000+00:00,,3,Kalu Ganga,Putupaula,b8ad11c5-faf3-4eff-a074-d24aeafe8e7b,5,4,1526127,0,0.99
2026-10-07T07:33:11.808000+00:00,,2026-10-07T07:33:11.808000+00:00,,4.5,Heda Oya,Siyambalanduwa,a814cf04-003f-41b7-85e0-1610e9d7f8e6,7,6,1526126,0,0.27
2026-10-07T07:32:51.550000+00:00,,2026-10-07T07:32:51.550000+00:00,,2.5,Nilwala Ganga,Urawa,cb223a06-8e67-44c4-a614-bce1e96d6d5b,6,4,1526125,0,0.47
2026-10-07T07:32:48.975000+00:00,,2026-10-07T07:32:48.975000+00:00,,10,Kalu Ganga,Ellagawa,66116a54-9eac-4a1f-82f8-a5ad4e16399b,12.2,10.7,1526124,0,5.58
2026-10-07T07:32:43.572000+00:00,,2026-10-07T07:32:43.572000+00:00,,6.5,Kelani Ganga,Hanwella,dc084558-1ea4-46e1-852c-5d3e5ddb7814,9.5,7.5,1526123,0,2.65
2026-10-07T07:32:39.641000+00:00,,2026-10-07T07:32:39.641000+00:00,,6,Yan Oya,Horowpothana,bc6850e5-738d-43ae-96da-e5f3c897a37c,10.5,7.5,1526122,0,1.66
2026-10-07T07:32:37.770000+00:00,,2026-10-07T07:32:37.770000+00:00,,1.5,Kelani Ganga,Norwood,f14e02a8-7305-4276-8ff9-0d48e92e2f10,4.5,3,1526121,0.5,0.86
2026-10-07T07:32:22.912000+00:00,,2026-10-07T07:32:22.912000+00:00,,3.3,Aththanagalu Oya,Dunamale,30b44a97-4d38-41de-936d-632ab3d30d2c,5.5,4.4,1526120,0,2.12
2026-10-07T07:32:13.875000+00:00,,2026-10-07T07:32:13.875000+00:00,,4.75,Deduru Oya,Moragaswewa,e694b952-cfc7-4a5c-8527-00d4a5635a1d,7,6,1526119,0,0.02
2026-10-07T07:31:56.360000+00:00,,2026-10-07T07:31:56.360000+00:00,,5,Kalu Ganga,Kalawellawa (Millakanda),8d64a3e8-52c1-4ef3-a2e3-d6e6075eb982,8,6.5,1526118,0,3.55
2026-10-07T07:31:56.086000+00:00,,2026-10-07T07:31:56.086000+00:00,,,Gal Oya,Ampara,66fa1315-2621-44e0-b98f-9b626f8fdcc5,,,1526117,0,0
2026-10-07T07:31:53.806000+00:00,,2026-10-07T07:31:53.806000+00:00,,6.9,Kirindi Oya,Kuda Oya,ee4cb484-a59c-4564-bbe9-3d304f0a320f,8.8,8.4,1526116,0,1.39
2026-10-07T07:31:25.312000+00:00,,2026-10-07T07:31:25.312000+00:00,,3,Kelani Ganga,Kithulgala,e2c38e4a-7bed-4c3e-8d99-a54510a27f62,6,4,1526115,0,1.9
2026-10-07T07:31:21.749000+00:00,,2026-10-07T07:31:21.749000+00:00,,4,Ma Oya,Yaka Wewa,f2186fc1-74ff-4b32-bd8c-b5cd233a24be,6,5,1526114,0,0.4
2026-10-07T07:31:21.130000+00:00,,2026-10-07T07:31:21.130000+00:00,,4.4,Kirindi Oya,Wellawaya,82da4ddc-19f7-4822-97ca-d914cd4900d8,5.9,5.4,1526113,0,0.87
2026-10-07T07:31:16.952000+00:00,,2026-10-07T07:31:16.952000+00:00,,5,Malwathu Oya,Thanthirimale,518fe996-b3ed-49b5-9407-29615b33db97,7.8,6.8,1526112,0,0.79
2026-10-07T07:30:56.543000+00:00,,2026-10-07T07:30:56.543000+00:00,,4,Maduru Oya,Padiyathalawa,77bd4ed5-bad7-4bfd-b0c4-5a65f0609003,6,4.5,1526111,0,0.1
2026-10-07T07:30:54.115000+00:00,,2026-10-07T07:30:54.115000+00:00,,3,Mahaweli Ganga,Manampitiya,ee279da4-6f64-40e7-8de7-0927cebd8c2f,6,4.3,1526110,0,0.1
2026-10-07T07:30:42.589000+00:00,,2026-10-07T07:30:42.589000+00:00,,3,Walawe Ganga,Moraketiya,7b42de7f-812c-4ce9-9657-a14f2b453c64,7,5,1526109,0,1.02
2026-10-07T07:30:37.277000+00:00,,2026-10-07T07:30:37.277000+00:00,,5,Mahaweli Ganga,Weraganthota,fd6a4c58-eb23-4183-9607-15cecbd87f3b,8,6,1526108,0,-3.45
2026-10-07T06:41:18.320000+00:00,,2026-10-07T06:41:18.320000+00:00,,5,Nilwala Ganga,Panadugama,68f8473c-aa63-4420-a240-6b980319c2f5,7.5,6,1526107,0,5.3
2026-10-07T06:40:12.695000+00:00,,2026-10-07T06:40:12.695000+00:00,,5,Nilwala Ganga,Panadugama,71561f92-f592-46e6-bf5b-a19ab15bcdfe,7.5,6,1526106,0,5.3
2026-10-07T06:39:11.692000+00:00,,2026-10-07T06:39:11.692000+00:00,,2.5,Nilwala Ganga,Urawa,159f8609-f637-47b1-9a5c-11a88465e7d1,6,4,1526105,0,0.49
2026-10-07T06:38:58.528000+00:00,,2026-10-07T06:38:58.528000+00:00,,5,Kalu Ganga,Kalawellawa (Millakanda),f55fad62-c41d-4bac-9b23-09750ae58973,8,6.5,1526104,0,3.64
2026-10-07T06:38:36.178000+00:00,,2026-10-07T06:38:36.178000+00:00,,4,Kalu Ganga,Magura,3ff862e7-09f8-44a8-b574-77132b8bf2ec,7.5,6,1526103,0,2.05
2026-10-07T06:38:08.935000+00:00,,2026-10-07T06:38:08.935000+00:00,,3.5,Gin Ganga,Baddegama,504bf31c-3797-4af0-b82a-2c64d5469b66,5,4,1526102,0,2.46
2026-10-07T06:36:58.934000+00:00,,2026-10-07T06:36:58.934000+00:00,,4,Gin Ganga,Thawalama,6e0792ea-6d2a-4fa6-8325-83b53af5dda4,7.5,6,1526101,0,2.35
2026-10-07T06:36:49.982000+00:00,,2026-10-07T06:36:49.982000+00:00,,4,Kelani Ganga,Nagalagam Street,c05d3a28-1c3b-4fd2-abe3-816a7dba0a7e,7,5,1526100,0,2.4
2026-10-07T06:36:38.578000+00:00,,2026-10-07T06:36:38.578000+00:00,,3,Kelani Ganga,Holombuwa,391f02f0-925a-436c-b6e7-65c91690c4fc,6,4,1526099,0,0.74
2026-10-07T06:36:24.275000+00:00,,2026-10-07T06:36:24.275000+00:00,,5,Kumbukkan Oya,Nakkala,48885d82-9cd4-4c9c-88c9-bb22f13b2844,7.5,6,1526098,0,0.8
2026-10-07T06:36:13.584000+00:00,,2026-10-07T06:36:13.584000+00:00,,15,Kelani Ganga,Glencourse,714d4996-97f7-49d3-ac58-35b92bfc281e,19,15.5,1526097,0,10.81
2026-10-07T06:36:12.955000+00:00,,2026-10-07T06:36:12.955000+00:00,,4,Nilwala Ganga,Pitabeddara,a0530374-6dff-4c0c-828e-8e498cfa64f2,6.5,5,1526096,0,1.47
2026-10-07T06:36:08.513000+00:00,,2026-10-07T06:36:08.513000+00:00,,6.5,Kelani Ganga,Hanwella,29f6dc61-5701-42f6-9622-6600f083396c,9.5,7.5,1526095,0,2.66
2026-10-07T06:35:49.412000+00:00,,2026-10-07T06:35:49.412000+00:00,,3,Walawe Ganga,Moraketiya,8250114d-6f07-4576-a625-205798cf22b4,7,5,1526094,0,1.05
2026-10-07T06:35:47.324000+00:00,,2026-10-07T06:35:47.324000+00:00,,5,Maha Oya,Badalgama,e0638cd6-5b41-4aee-8784-7778f55a1070,9.6,6.2,1526093,0,3.01
2026-10-07T06:35:14.588000+00:00,,2026-10-07T06:35:14.588000+00:00,,1.5,Kelani Ganga,Norwood,1d8d7b17-a2c5-4b91-87bf-7bde4c3cecf2,4.5,3,1526092,0,0.87
2026-10-07T06:34:30.488000+00:00,,2026-10-07T06:34:30.488000+00:00,,5,Mahaweli Ganga,Peradeniya,4bd46d3f-0197-4225-8ef9-ead0c374346d,9,7,1526091,0,2.06
2026-10-07T06:34:24.035000+00:00,,2026-10-07T06:34:24.035000+00:00,,4.5,Heda Oya,Siyambalanduwa,5b846013-2368-40ca-87d0-1c9071e3b161,7,6,1526090,0,0.27
2026-10-07T06:34:10.310000+00:00,,2026-10-07T06:34:10.310000+00:00,,10,Kalu Ganga,Ellagawa,1ffcf421-0c21-4faf-8566-20b78547f45a,12.2,10.7,1526089,0,5.58
2026-10-07T06:33:59.331000+00:00,,2026-10-07T06:33:59.331000+00:00,,3.3,Aththanagalu Oya,Dunamale,c0edb452-a0ff-426c-b64b-9ddfa9071c00,5.5,4.4,1526088,0,2.16
2026-10-07T06:33:43.966000+00:00,,2026-10-07T06:33:43.966000+00:00,,6.9,Kirindi Oya,Kuda Oya,9f76f950-e1d6-41bf-9534-7da4d8e0e9ed,8.8,8.4,1526087,0,1.42
2026-10-07T06:33:35.603000+00:00,,2026-10-07T06:33:35.603000+00:00,,,Gal Oya,Ampara,f1700bc8-7622-4be9-ae4c-ed60f129b735,,,1526086,0,0
2026-10-07T06:33:23.772000+00:00,,2026-10-07T06:33:23.772000+00:00,,5.2,Kalu Ganga,Rathnapura,e0c742b0-7aa1-413c-9aac-4e2cd1c52d24,9.5,7.5,1526085,0,1.68
2026-10-07T06:33:19.509000+00:00,,2026-10-07T06:33:19.509000+00:00,,4,Menik Ganga,Katharagama,9cc7e93e-8b22-4444-bd84-2ce73f89579a,6.5,4.6,1526084,0,-0.28
2026-10-07T06:33:14.339000+00:00,,2026-10-07T06:33:14.339000+00:00,,3,Kalu Ganga,Putupaula,2b0ea02d-ffae-4a5c-b8a8-b52eaf1d300e,5,4,1526083,0,0.95
2026-10-07T06:33:12.590000+00:00,,2026-10-07T06:33:12.590000+00:00,,4.4,Kirindi Oya,Wellawaya,aea81d97-98ef-4353-a94e-fb1f1031f0ec,5.9,5.4,1526082,0,0.87
2026-10-07T06:32:41.397000+00:00,,2026-10-07T06:32:41.397000+00:00,,4.8,Kelani Ganga,Deraniyagala,0ec08192-c882-4cb7-8467-ff021d7e0c07,7,5.8,1526081,0,0.52
2026-10-07T06:32:40.858000+00:00,,2026-10-07T06:32:40.858000+00:00,,5.5,Maha Oya,Giriulla,6138afc4-d957-4995-8c60-f94001f051c3,7.5,6.5,1526080,0,1.7
2026-10-07T06:32:29.294000+00:00,,2026-10-07T06:32:29.294000+00:00,,3,Kelani Ganga,Kithulgala,7ea7f80f-2196-4534-a4d6-14dc2d489218,6,4,1526079,0,1.92
2026-10-07T06:32:20.244000+00:00,,2026-10-07T06:32:20.244000+00:00,,4.84,Mee Oya,Galgamuwa,8691ee74-e515-4360-8c71-04782abebe1c,8,5.94,1526078,0,0
2026-10-07T06:32:10.724000+00:00,,2026-10-07T06:32:10.724000+00:00,,1.4,Nilwala Ganga,Thalgahagoda,cbbacb30-9bf6-4104-9868-164f12e2be6a,2.8,1.7,1526077,0,1.12
2026-10-07T06:32:06.653000+00:00,,2026-10-07T06:32:06.653000+00:00,,5,Malwathu Oya,Thanthirimale,5a775958-8180-4723-b5c9-d5450b89613c,7.8,6.8,1526076,0,0.79
2026-10-07T06:31:46.066000+00:00,,2026-10-07T06:31:46.066000+00:00,,4,Maduru Oya,Padiyathalawa,a3032ae3-69ea-4481-b00b-300e631a8b96,6,4.5,1526075,0,0.1
2026-10-07T06:31:44.266000+00:00,,2026-10-07T06:31:44.266000+00:00,,3,Mahaweli Ganga,Thaldena,3f7937e6-1b50-4c36-b2fc-51e9f07b7f93,5,4,1526074,0,0.31
2026-10-07T06:31:33.968000+00:00,,2026-10-07T06:31:33.968000+00:00,,4,Nilwala Ganga,Pitabeddara,8bda0382-9abd-41fb-9eca-358e728574a5,6.5,5,1526073,0,1.47
2026-10-07T06:31:31.419000+00:00,,2026-10-07T06:31:31.419000+00:00,,4.75,Deduru Oya,Moragaswewa,2aeb025f-975f-4376-a3bc-4bf708916989,7,6,1526072,0,0.01
2026-10-07T06:31:22.425000+00:00,,2026-10-07T06:31:22.425000+00:00,,4,Ma Oya,Yaka Wewa,936a6749-d9aa-4c27-a436-c0dae6f1e3b2,6,5,1526071,0,0.4
2026-10-07T06:31:16.042000+00:00,,2026-10-07T06:31:16.042000+00:00,,6,Yan Oya,Horowpothana,50a705d1-1cbc-410c-b21b-c0b9e3625ac1,10.5,7.5,1526070,0,1.66
2026-10-07T06:30:50.569000+00:00,,2026-10-07T06:30:50.569000+00:00,,3.5,Mahaweli Ganga,Nawalapitiya,9b78ad2c-c466-47c7-9395-becb57d20789,6,5,1526069,0,1.28
2026-10-07T06:30:38.206000+00:00,,2026-10-07T06:30:38.206000+00:00,,3,Mahaweli Ganga,Manampitiya,706ca26e-575d-46fd-8ebb-86574694092d,6,4.3,1526068,0,0.1
2026-10-07T06:30:18.839000+00:00,,2026-10-07T06:30:18.839000+00:00,,5,Mahaweli Ganga,Weraganthota,cf95459d-aede-4e73-9ad6-b8b0be9015d3,8,6,1526067,0,-3.42
2026-10-07T05:56:16.558000+00:00,,2026-10-07T05:56:16.558000+00:00,,2.5,Nilwala Ganga,Urawa,0bfbc09c-ec49-4617-8b9e-a77971a0409b,6,4,1526066,0,0.51
2026-10-07T05:50:27.219000+00:00,,2026-10-07T05:50:27.219000+00:00,,4,Nilwala Ganga,Pitabeddara,6f9da985-4b2a-45e5-b487-4abe198d30c2,6.5,5,1526065,0,1.5
2026-10-07T05:43:10.216000+00:00,,2026-10-07T05:43:10.216000+00:00,,4,Kalu Ganga,Magura,4d7ab801-01b0-4a43-be33-73d8d7d3d081,7.5,6,1526064,0,2.17
2026-10-07T05:40:47.268000+00:00,,2026-10-07T05:40:47.268000+00:00,,5,Kalu Ganga,Kalawellawa (Millakanda),284f232b-48ee-4f09-8816-ab5d0f776d41,8,6.5,1526063,0,3.65
2026-10-07T05:38:58.807000+00:00,,2026-10-07T05:38:58.807000+00:00,,3,Kelani Ganga,Holombuwa,c8e84e78-ab9b-4c91-a54f-d6a8cd598048,6,4,1526062,0,0.75
2026-10-07T05:38:38.404000+00:00,,2026-10-07T05:38:38.404000+00:00,,4,Kelani Ganga,Nagalagam Street,50b64448-87ba-4ce5-8030-f8bcc4e4169c,7,5,1526061,0,2.35
2026-10-07T05:38:21.539000+00:00,,2026-10-07T05:38:21.539000+00:00,,5,Nilwala Ganga,Panadugama,e5f822b0-31d5-4208-8a54-1e9011829365,7.5,6,1526060,0,5.39
2026-10-07T05:37:18.547000+00:00,,2026-10-07T05:37:18.547000+00:00,,5,Mahaweli Ganga,Peradeniya,2945c65b-d910-4a9e-95f2-8981b5031c5d,9,7,1526059,0,2.46
2026-10-07T05:36:38.180000+00:00,,2026-10-07T05:36:38.180000+00:00,,5.2,Kalu Ganga,Rathnapura,7fa832e1-cb36-44b7-bbf5-703477dc2bfd,9.5,7.5,1526058,0,1.76
2026-10-07T05:35:48.830000+00:00,,2026-10-07T05:35:48.830000+00:00,,4,Gin Ganga,Thawalama,7e9c3916-253b-41f3-ad4f-56c8b4db3213,7.5,6,1526057,0,2.47
2026-10-07T05:35:37.130000+00:00,,2026-10-07T05:35:37.130000+00:00,,5,Maha Oya,Badalgama,9946e39e-22ee-401e-982b-b83c92797443,9.6,6.2,1526056,0,3.01
2026-10-07T05:34:42.898000+00:00,,2026-10-07T05:34:42.898000+00:00,,3.5,Gin Ganga,Baddegama,3583d61f-58b1-4514-82ab-5f712e366858,5,4,1526055,0,2.46
2026-10-07T05:34:34.119000+00:00,,2026-10-07T05:34:34.119000+00:00,,4.8,Kelani Ganga,Deraniyagala,8bf035c9-7f91-4e12-9a10-238b8784ae7d,7,5.8,1526054,0,0.62
2026-10-07T05:34:21.668000+00:00,,2026-10-07T05:34:21.668000+00:00,,3,Mahaweli Ganga,Manampitiya,09af9174-8da2-416e-8705-c2dbd11d826f,6,4.3,1526053,1,0.08
2026-10-07T05:34:09.412000+00:00,,2026-10-07T05:34:09.412000+00:00,,1.5,Kelani Ganga,Norwood,41fab3f6-8c1e-41de-ad78-37082332a5d7,4.5,3,1526052,0,0.87
2026-10-07T05:34:08.472000+00:00,,2026-10-07T05:34:08.472000+00:00,,3,Kalu Ganga,Putupaula,d3b0f0c0-ff8b-4fe2-958e-b01a2fd2e8d9,5,4,1526051,0,0.88
2026-10-07T05:34:05.864000+00:00,,2026-10-07T05:34:05.864000+00:00,,6.9,Kirindi Oya,Kuda Oya,3d30e8e9-8ae2-479f-bb96-2de5255cf636,8.8,8.4,1526050,0,1.42
2026-10-07T05:33:58.442000+00:00,,2026-10-07T05:33:58.442000+00:00,,6.5,Kelani Ganga,Hanwella,b44d91f7-0cab-4757-8ef5-f0233a87c69f,9.5,7.5,1526049,0,2.68
2026-10-07T05:33:53.283000+00:00,,2026-10-07T05:33:53.283000+00:00,,4,Kirindi Oya,Thanamalwila,8cb05e22-ef02-4fe4-a63f-2cfc49a91118,5.5,5,1526048,0,0.95
2026-10-07T05:33:46.617000+00:00,,2026-10-07T05:33:46.617000+00:00,,4.4,Kirindi Oya,Wellawaya,e29ce896-4a3e-4a1f-8184-a85243c39340,5.9,5.4,1526047,0,0.87
2026-10-07T05:33:45.884000+00:00,,2026-10-07T05:33:45.884000+00:00,,3.3,Aththanagalu Oya,Dunamale,eef51a36-eab9-4c25-a88c-aeb1ad9f9239,5.5,4.4,1526046,0,2.19
2026-10-07T05:33:43.404000+00:00,,2026-10-07T05:33:43.404000+00:00,,15,Kelani Ganga,Glencourse,38d3daf5-ce63-4ccb-b13b-5410f93f7c0a,19,15.5,1526045,0,10.85
2026-10-07T05:33:38.927000+00:00,,2026-10-07T05:33:38.927000+00:00,,4.5,Heda Oya,Siyambalanduwa,108dc7aa-f9fa-4992-912c-b7b951553957,7,6,1526044,0,0.27
2026-10-07T05:33:35.629000+00:00,,2026-10-07T05:33:35.629000+00:00,,10,Kalu Ganga,Ellagawa,49a0f311-a021-46ba-be12-fd104666c6ee,12.2,10.7,1526043,0,5.59
2026-10-07T05:33:13.151000+00:00,,2026-10-07T05:33:13.151000+00:00,,3,Kelani Ganga,Kithulgala,25623edc-9227-4751-b9a4-5545146c8e67,6,4,1526042,0,1.96
2026-10-07T05:32:57.615000+00:00,,2026-10-07T05:32:57.615000+00:00,,4.75,Deduru Oya,Moragaswewa,1efa733a-4bad-4bca-8e8c-ce59adcba65d,7,6,1526041,0,0.01
2026-10-07T05:32:47.249000+00:00,,2026-10-07T05:32:47.249000+00:00,,4,Menik Ganga,Katharagama,f61eded1-a170-478f-ae9e-509d056c085a,6.5,4.6,1526040,0,-0.28
2026-10-07T05:32:23.868000+00:00,,2026-10-07T05:32:23.868000+00:00,,3,Walawe Ganga,Moraketiya,2b59734d-24dc-46d8-878d-fcabef151f90,7,5,1526039,0,1.07
2026-10-07T05:32:12.518000+00:00,,2026-10-07T05:32:12.518000+00:00,,5.5,Maha Oya,Giriulla,4c9a099a-66b5-4b2a-b205-adbd12b7cecd,7.5,6.5,1526038,0,1.75
2026-10-07T05:32:07.520000+00:00,,2026-10-07T05:32:07.520000+00:00,,4.84,Mee Oya,Galgamuwa,7d18608b-ee8a-4a50-96c4-0e1b7c05f40f,8,5.94,1526037,0,0.01
2026-10-07T05:32:00.255000+00:00,,2026-10-07T05:32:00.255000+00:00,,5,Kumbukkan Oya,Nakkala,2e0b557d-1027-4c99-8742-444ededa4ff3,7.5,6,1526036,0,0.82
2026-10-07T05:31:44.887000+00:00,,2026-10-07T05:31:44.887000+00:00,,4,Ma Oya,Yaka Wewa,5a58b9bd-6570-4686-b6b4-75fa702f3b9d,6,5,1526035,0,0.4
2026-10-07T05:31:44.771000+00:00,,2026-10-07T05:31:44.771000+00:00,,4,Maduru Oya,Padiyathalawa,343bd75d-5b73-4420-a976-af3f5895b803,6,4.5,1526034,0,0.1
2026-10-07T05:31:30.817000+00:00,,2026-10-07T05:31:30.817000+00:00,,5,Malwathu Oya,Thanthirimale,9a0812bf-6155-4ffd-b8b3-6c2b248fdca5,7.8,6.8,1526033,0,0.8
2026-10-07T05:31:24.798000+00:00,,2026-10-07T05:31:24.798000+00:00,,1.4,Nilwala Ganga,Thalgahagoda,082a8a12-ebf2-4ef7-b449-205cf3faab13,2.8,1.7,1526032,0,1.1
2026-10-07T05:31:09.074000+00:00,,2026-10-07T05:31:09.074000+00:00,,,Gal Oya,Ampara,845360ae-5181-4a31-83bd-4715b003d661,,,1526031,0,0
2026-10-07T05:30:51.373000+00:00,,2026-10-07T05:30:51.373000+00:00,,3,Mahaweli Ganga,Thaldena,eca1326c-8499-4bbb-9e3a-a5b89b4f8ec5,5,4,1526030,0,0.31
2026-10-07T05:30:46.772000+00:00,,2026-10-07T05:30:46.772000+00:00,,6,Yan Oya,Horowpothana,f15bfe60-5f26-40a2-9962-9c9dcb091d54,10.5,7.5,1526029,0,1.66
2026-10-07T05:30:40.409000+00:00,,2026-10-07T05:30:40.409000+00:00,,5,Mahaweli Ganga,Weraganthota,65ba9dfb-b718-466a-a9f4-3e6b813dc701,8,6,1526028,0,-3.38
2026-10-07T04:53:47.543000+00:00,,2026-10-07T04:53:47.543000+00:00,,1.4,Nilwala Ganga,Thalgahagoda,16be4d00-2b31-488a-ac3f-254b121ee6a3,2.8,1.7,1526027,0,1.1
2026-10-07T04:41:44.095000+00:00,,2026-10-07T04:41:44.095000+00:00,,5,Nilwala Ganga,Panadugama,38088f1e-2c28-4333-89ea-4b74e3d14a88,7.5,6,1526026,0,5.5
2026-10-07T04:40:50.400000+00:00,,2026-10-07T04:40:50.400000+00:00,,3.3,Aththanagalu Oya,Dunamale,d7aca78b-45f8-4129-9ddb-4eac96338dd7,5.5,4.4,1526025,0,2.21
2026-10-07T04:40:47.513000+00:00,,2026-10-07T04:40:47.513000+00:00,,5,Malwathu Oya,Thanthirimale,82c34b77-689d-4d08-b254-b5cfcb4402cd,7.8,6.8,1526024,0,0.8
2026-10-07T04:40:46.232000+00:00,,2026-10-07T04:40:46.232000+00:00,,4,Gin Ganga,Thawalama,cab147c3-aac6-4cf2-82d7-a7fe7c67a6cb,7.5,6,1526023,0,2.59
2026-10-07T04:39:28.098000+00:00,,2026-10-07T04:39:28.098000+00:00,,4,Maduru Oya,Padiyathalawa,654f9581-cb6a-4863-800d-32d0c62a04eb,6,4.5,1526022,0,0.1
2026-10-07T04:39:11.587000+00:00,,2026-10-07T04:39:11.587000+00:00,,3,Kelani Ganga,Holombuwa,b85ee542-a013-4f29-ad6a-145a8e3fd61f,6,4,1526021,0,0.77
2026-10-07T04:38:16.099000+00:00,,2026-10-07T04:38:16.099000+00:00,,5.2,Kalu Ganga,Rathnapura,371d681b-95f7-486f-ae4a-4a6106099c4b,9.5,7.5,1526020,0,1.82
2026-10-07T04:37:49.012000+00:00,,2026-10-07T04:37:49.012000+00:00,,4,Kalu Ganga,Magura,f8820ac1-f5da-4003-90f2-0eb545d3200f,7.5,6,1526019,0,2.25
2026-10-07T04:37:16.548000+00:00,,2026-10-07T04:37:16.548000+00:00,,2.5,Nilwala Ganga,Urawa,73c6a3b0-a6e4-40ac-a356-33c9b8bff97b,6,4,1526018,0,0.52
2026-10-07T04:37:10.625000+00:00,,2026-10-07T04:37:10.625000+00:00,,4,Kelani Ganga,Nagalagam Street,dc04de0f-17e5-4157-924a-7ebfa1df201d,7,5,1526017,0,2.1
2026-10-07T04:37:03.666000+00:00,,2026-10-07T04:37:03.666000+00:00,,3.5,Gin Ganga,Baddegama,71103309-ba83-420a-b1fd-16005d0abe3e,5,4,1526016,0,2.45
2026-10-07T04:36:46.259000+00:00,,2026-10-07T04:36:46.259000+00:00,,3,Mahaweli Ganga,Thaldena,838d07ea-4320-4562-9634-c67b486dcb12,5,4,1526015,0,0.3
2026-10-07T04:36:40.322000+00:00,,2026-10-07T04:36:40.322000+00:00,,5,Maha Oya,Badalgama,f94a0f19-1c14-42d8-b35e-8b700d27fe2c,9.6,6.2,1526014,0,3
2026-10-07T04:36:20.143000+00:00,,2026-10-07T04:36:20.143000+00:00,,3.5,Mahaweli Ganga,Nawalapitiya,5d6ac671-aa88-4629-87d6-abbd6e1c398e,6,5,1526013,0,1.29
2026-10-07T04:35:56.170000+00:00,,2026-10-07T04:35:56.170000+00:00,,4,Nilwala Ganga,Pitabeddara,e9c19d24-3faa-4b4f-b89d-e63bb6b4b09d,6.5,5,1526012,0,1.52
2026-10-07T04:35:17.834000+00:00,,2026-10-07T04:35:17.834000+00:00,,4,Menik Ganga,Katharagama,4678f2af-ab44-4bea-a699-ef2cca1ba488,6.5,4.6,1526011,0,-0.28
2026-10-07T04:34:41.766000+00:00,,2026-10-07T04:34:41.766000+00:00,,1.5,Kelani Ganga,Norwood,34962638-66a1-4144-a6eb-b1307fc30b37,4.5,3,1526010,0,0.87
2026-10-07T04:34:35.859000+00:00,,2026-10-07T04:34:35.859000+00:00,,15,Kelani Ganga,Glencourse,769bcee3-6800-4230-941e-deffa020170d,19,15.5,1526009,0,10.86
2026-10-07T04:34:14.880000+00:00,,2026-10-07T04:34:14.880000+00:00,,3,Walawe Ganga,Moraketiya,15c6403d-dedd-459d-b18f-4127577aa46f,7,5,1526008,0,1.1
2026-10-07T04:34:12.908000+00:00,,2026-10-07T04:34:12.908000+00:00,,3,Kalu Ganga,Putupaula,01f96797-5947-48e7-beef-1f696eae811b,5,4,1526007,0,0.8
2026-10-07T04:33:58.498000+00:00,,2026-10-07T04:33:58.498000+00:00,,5,Kumbukkan Oya,Nakkala,3383d027-e1bc-4ae8-bfb5-fef1c4c470f7,7.5,6,1526006,0,0.84
2026-10-07T04:33:48.889000+00:00,,2026-10-07T04:33:48.889000+00:00,,4.8,Kelani Ganga,Deraniyagala,35cc568b-d9cc-43de-a166-a8310466a240,7,5.8,1526005,0,0.78
2026-10-07T04:33:41.591000+00:00,,2026-10-07T04:33:41.591000+00:00,,10,Kalu Ganga,Ellagawa,c84706ac-5db8-4196-a42b-3b6cf8725bd0,12.2,10.7,1526004,0,5.59
2026-10-07T04:33:31.707000+00:00,,2026-10-07T04:33:31.707000+00:00,,5,Kalu Ganga,Kalawellawa (Millakanda),71311be5-2d90-446c-807a-a98320f6af88,8,6.5,1526003,0,3.66
2026-10-07T04:33:08.266000+00:00,,2026-10-07T04:33:08.266000+00:00,,5,Mahaweli Ganga,Peradeniya,5905dec8-ffb3-48a5-8496-c5db59e12323,9,7,1526002,0,2.65
2026-10-07T04:32:59.964000+00:00,,2026-10-07T04:32:59.964000+00:00,,5.5,Maha Oya,Giriulla,ca51233c-54b5-41dc-9f26-62591177b8ab,7.5,6.5,1526001,0,1.78
2026-10-07T04:32:48.995000+00:00,,2026-10-07T04:32:48.995000+00:00,,3,Kelani Ganga,Kithulgala,0e627b64-c379-4eeb-9ee9-45933f8fe0d2,6,4,1526000,0,2.11
2026-10-07T04:32:28.518000+00:00,,2026-10-07T04:32:28.518000+00:00,,4.84,Mee Oya,Galgamuwa,51d387ee-d72b-466a-823c-665d47b93336,8,5.94,1525999,0,0.01
2026-10-07T04:32:28.245000+00:00,,2026-10-07T04:32:28.245000+00:00,,6.5,Kelani Ganga,Hanwella,8a801fea-f823-4979-bbf4-3568d94cbe93,9.5,7.5,1525998,0,2.7
2026-10-07T04:32:11.432000+00:00,,2026-10-07T04:32:11.432000+00:00,,6,Yan Oya,Horowpothana,4a878d64-c65f-4bba-a5a7-32cb2e9703b5,10.5,7.5,1525997,0,1.66
2026-10-07T04:32:06.245000+00:00,,2026-10-07T04:32:06.245000+00:00,,4.4,Kirindi Oya,Wellawaya,25802079-9cfc-4077-bfdf-4bfc2f497996,5.9,5.4,1525996,0,0.87
2026-10-07T04:31:44.592000+00:00,,2026-10-07T04:31:44.592000+00:00,,4,Kirindi Oya,Thanamalwila,cab297e3-9a6d-415f-aaae-2cbdaf0e1b80,5.5,5,1525995,0,0.97
2026-10-07T04:31:38.025000+00:00,,2026-10-07T04:31:38.025000+00:00,,4,Ma Oya,Yaka Wewa,310c5105-d9ec-4145-99e3-f511d234abfd,6,5,1525994,0,0.4
2026-10-07T04:31:34.311000+00:00,,2026-10-07T04:31:34.311000+00:00,,6.9,Kirindi Oya,Kuda Oya,f0b0f8a2-5855-4a65-9735-a00705b483ce,8.8,8.4,1525993,0,1.44
2026-10-07T04:31:16.608000+00:00,,2026-10-07T04:31:16.608000+00:00,,,Gal Oya,Ampara,046aa100-892b-4c9c-8c60-2da4b742457d,,,1525992,0,0
2026-10-07T04:31:07.078000+00:00,,2026-10-07T04:31:07.078000+00:00,,4.5,Heda Oya,Siyambalanduwa,29576644-acc5-4b8d-b0da-b804ef15ace5,7,6,1525991,0,0.28
2026-10-07T04:31:06.554000+00:00,,2026-10-07T04:31:06.554000+00:00,,3,Mahaweli Ganga,Manampitiya,9b17afd0-3a79-4691-b7ea-4a349346c92b,6,4.3,1525990,0,0.06
2026-10-07T04:30:47.117000+00:00,,2026-10-07T04:30:47.117000+00:00,,5,Mahaweli Ganga,Weraganthota,7a07edf4-b3a7-49c5-818e-08e5b5991546,8,6,1525989,0,-3.34
2026-10-07T04:30:20.050000+00:00,,2026-10-07T04:30:20.050000+00:00,,4.75,Deduru Oya,Moragaswewa,b81aeceb-76e6-4bc2-96dc-10aee74d570c,7,6,1525988,0,0.01
2026-10-07T03:47:41.015000+00:00,,2026-10-07T03:47:41.015000+00:00,,5,Nilwala Ganga,Panadugama,7ab03d6a-9821-410f-ba40-5e5295c61505,7.5,6,1525987,0,5.59
2026-10-07T03:43:09.799000+00:00,,2026-10-07T03:43:09.799000+00:00,,2.5,Nilwala Ganga,Urawa,82d30e13-366b-4e28-8598-471b04e9dae1,6,4,1525986,0,0.53
2026-10-07T03:43:05.974000+00:00,,2026-10-07T03:43:05.974000+00:00,,3.5,Gin Ganga,Baddegama,3f363ab8-5138-4bf0-8f70-11dccbfd3e8a,5,4,1525985,0,2.44
2026-10-07T03:40:39.162000+00:00,,2026-10-07T03:40:39.162000+00:00,,3,Kelani Ganga,Holombuwa,b91b42c4-af49-41ea-9184-1c443100b668,6,4,1525984,0,0.77
2026-10-07T03:39:44.425000+00:00,,2026-10-07T03:39:44.425000+00:00,,4,Kalu Ganga,Magura,43e56596-78f3-48e2-98c8-9a0f580e35cb,7.5,6,1525983,0,2.32
2026-10-07T03:39:40.711000+00:00,,2026-10-07T03:39:40.711000+00:00,,1.4,Nilwala Ganga,Thalgahagoda,68683df8-6daf-4322-af82-a7bca0473e69,2.8,1.7,1525982,0,1.08
2026-10-07T03:37:13.785000+00:00,,2026-10-07T03:37:13.785000+00:00,,5,Maha Oya,Badalgama,258f3a89-cb97-4661-bbf4-0e5cde271d45,9.6,6.2,1525981,0,2.97
2026-10-07T03:36:18.022000+00:00,,2026-10-07T03:36:18.022000+00:00,,15,Kelani Ganga,Glencourse,d5b0d111-6615-4f6c-b3cf-d409ab162536,19,15.5,1525980,0,10.89
2026-10-07T03:36:10.472000+00:00,,2026-10-07T03:36:10.472000+00:00,,4,Maduru Oya,Padiyathalawa,8402c867-b3e6-4d4a-9c91-1687325c0595,6,4.5,1525979,0,0.1
2026-10-07T03:36:02.652000+00:00,,2026-10-07T03:36:02.652000+00:00,,4,Nilwala Ganga,Pitabeddara,eea61377-2ca0-484b-ab0b-b14a7c3db79a,6.5,5,1525978,0,1.55
2026-10-07T03:35:49.730000+00:00,,2026-10-07T03:35:49.730000+00:00,,4,Gin Ganga,Thawalama,838ffb40-9520-4f18-bb3f-220b83c8e768,7.5,6,1525977,0,2.68
2026-10-07T03:35:38.080000+00:00,,2026-10-07T03:35:38.080000+00:00,,4.84,Mee Oya,Galgamuwa,5403bffb-065f-44b7-8e18-a0cef428e7ca,8,5.94,1525976,0,0.02
2026-10-07T03:35:29.121000+00:00,,2026-10-07T03:35:29.121000+00:00,,3,Walawe Ganga,Moraketiya,5cb8725f-f7e4-4847-9882-989bda52e11a,7,5,1525975,0,1.15
2026-10-07T03:35:20.351000+00:00,,2026-10-07T03:35:20.351000+00:00,,5,Mahaweli Ganga,Peradeniya,d9f32d38-9637-4513-ada2-c679fa102853,9,7,1525974,0,2.8
2026-10-07T03:35:13.301000+00:00,,2026-10-07T03:35:13.301000+00:00,,4,Menik Ganga,Katharagama,33d7465e-b660-476e-b360-13fad3fcbd01,6.5,4.6,1525973,0,-0.28
2026-10-07T03:35:10.951000+00:00,,2026-10-07T03:35:10.951000+00:00,,4.75,Deduru Oya,Moragaswewa,fc265cf5-8c85-45aa-8ef9-7fbdc2c7fe04,7,6,1525972,0,0.01
2026-10-07T03:34:55.614000+00:00,,2026-10-07T03:34:55.614000+00:00,,4,Kirindi Oya,Thanamalwila,ce0ceb68-a61b-4296-b603-fbbb8eb35802,5.5,5,1525971,0,1.05
2026-10-07T03:34:31.033000+00:00,,2026-10-07T03:34:31.033000+00:00,,3,Kelani Ganga,Kithulgala,9ca8078f-0a8d-4dbb-a06f-1aa0f0bc6fe1,6,4,1525970,0,2.05
2026-10-07T03:34:29.666000+00:00,,2026-10-07T03:34:29.666000+00:00,,3.3,Aththanagalu Oya,Dunamale,0d9935d6-2577-49b1-8a67-c491577a83d6,5.5,4.4,1525969,0,2.22
2026-10-07T03:34:12.588000+00:00,,2026-10-07T03:34:12.588000+00:00,,4,Kelani Ganga,Nagalagam Street,3601d323-9c02-4af7-9109-381504524d36,7,5,1525968,0,1.7
2026-10-07T03:34:04.622000+00:00,,2026-10-07T03:34:04.622000+00:00,,5.2,Kalu Ganga,Rathnapura,a7ae2260-cedd-4d4f-b04a-63ff2605f8e0,9.5,7.5,1525967,0,1.84
2026-10-07T03:33:47.070000+00:00,,2026-10-07T03:33:47.070000+00:00,,3,Kalu Ganga,Putupaula,0d25e32c-be51-4c37-99a1-af8496a46678,5,4,1525966,0,0.79
2026-10-07T03:33:39.721000+00:00,,2026-10-07T03:33:39.721000+00:00,,3.5,Mahaweli Ganga,Nawalapitiya,89880fc7-a52f-4fbf-baa7-19f36f16850d,6,5,1525965,0,1.29
2026-10-07T03:33:38.035000+00:00,,2026-10-07T03:33:38.035000+00:00,,5,Kumbukkan Oya,Nakkala,2ffada94-5428-4abc-9cea-a0e04540eadb,7.5,6,1525964,0,0.86
2026-10-07T03:33:37.732000+00:00,,2026-10-07T03:33:37.732000+00:00,,1.5,Kelani Ganga,Norwood,dcd857cb-bcfe-40ec-9e28-ba7789995b82,4.5,3,1525963,0,0.88
2026-10-07T03:33:09.593000+00:00,,2026-10-07T03:33:09.593000+00:00,,10,Kalu Ganga,Ellagawa,b7c4abd1-dfda-4201-8328-5ab81221e764,12.2,10.7,1525962,0,5.6
2026-10-07T03:33:07.949000+00:00,,2026-10-07T03:33:07.949000+00:00,,5.5,Maha Oya,Giriulla,6c7d0149-f1b6-48d8-bfde-80fd0204740a,7.5,6.5,1525961,0,1.8
2026-10-07T03:33:00.978000+00:00,,2026-10-07T03:33:00.978000+00:00,,5,Malwathu Oya,Thanthirimale,83fd23c8-aae1-48a1-bf13-6eeae733abc7,7.8,6.8,1525960,0,0.8
2026-10-07T03:32:35.600000+00:00,,2026-10-07T03:32:35.600000+00:00,,6.5,Kelani Ganga,Hanwella,332822dc-1568-43d0-90e6-ad7ce78faa0f,9.5,7.5,1525959,0,2.72
2026-10-07T03:32:29.300000+00:00,,2026-10-07T03:32:29.300000+00:00,,3,Mahaweli Ganga,Thaldena,873ba11e-9596-4e13-9ec3-0d439abd4312,5,4,1525958,0,0.34
2026-10-07T03:32:29.136000+00:00,,2026-10-07T03:32:29.136000+00:00,,5,Kalu Ganga,Kalawellawa (Millakanda),93cd832b-4f4f-47fe-990f-dc4dd075a724,8,6.5,1525957,0,3.78
2026-10-07T03:32:21.866000+00:00,,2026-10-07T03:32:21.866000+00:00,,3,Mahaweli Ganga,Manampitiya,94529c28-0271-4e86-b783-475ada02e30b,6,4.3,1525956,0,0.03
2026-10-07T03:32:09.752000+00:00,,2026-10-07T03:32:09.752000+00:00,,4.5,Heda Oya,Siyambalanduwa,2d149e3d-5ee4-47fd-9eb2-5bd1c035f633,7,6,1525955,0,0.28
2026-10-07T03:31:58.693000+00:00,,2026-10-07T03:31:58.693000+00:00,,4.8,Kelani Ganga,Deraniyagala,67a1cf27-ac2b-4d0f-9e22-2ac5c394ae22,7,5.8,1525954,0,0.81
2026-10-07T03:31:47.079000+00:00,,2026-10-07T03:31:47.079000+00:00,,,Gal Oya,Ampara,164ddbda-22fd-495a-b0a7-4f3d04e5168d,,,1525953,0,0
2026-10-07T03:31:45.879000+00:00,,2026-10-07T03:31:45.879000+00:00,,4.4,Kirindi Oya,Wellawaya,1b0410ce-2977-4b65-8f48-c4e61af76952,5.9,5.4,1525952,0,0.9
2026-10-07T03:31:45.844000+00:00,,2026-10-07T03:31:45.844000+00:00,,5,Mahaweli Ganga,Weraganthota,741370a8-b71f-46cb-a862-bdbfe4400c4c,8,6,1525951,0,-3.27
2026-10-07T03:31:33.882000+00:00,,2026-10-07T03:31:33.882000+00:00,,6,Yan Oya,Horowpothana,010a7935-4121-4668-a7a2-e7de8b509f9d,10.5,7.5,1525950,0,1.66
2026-10-07T03:31:28.299000+00:00,,2026-10-07T03:31:28.299000+00:00,,4,Ma Oya,Yaka Wewa,c3e6d123-aaf3-49bf-8851-3400013dd689,6,5,1525949,0,0.4
2026-10-07T03:31:23.347000+00:00,,2026-10-07T03:31:23.347000+00:00,,6.9,Kirindi Oya,Kuda Oya,fb37739f-9d9d-4644-b269-711c415d3898,8.8,8.4,1525948,0,1.35
2026-10-07T03:20:11.468000+00:00,,2026-10-07T03:20:11.468000+00:00,,5,Nilwala Ganga,Panadugama,af9ec79f-1b29-4460-9ee4-1a958854398f,7.5,6,1525947,0,5.68
2026-10-07T03:01:03.406000+00:00,,2026-10-07T03:01:03.406000+00:00,,2.5,Nilwala Ganga,Urawa,308abf30-c671-4f49-a185-501a38d7c626,6,4,1525946,0,0.55
2026-10-07T02:51:31.734000+00:00,,2026-10-07T02:51:31.734000+00:00,,5.5,Maha Oya,Giriulla,a69ee806-de82-48f4-8270-e37d87b7306a,7.5,6.5,1525945,0,1.82
2026-10-07T02:49:04.674000+00:00,,2026-10-07T02:49:04.674000+00:00,,5,Kalu Ganga,Kalawellawa (Millakanda),18e242b9-3a58-46e2-985c-6af22af338df,8,6.5,1525944,0,3.62
2026-10-07T02:46:47.260000+00:00,,2026-10-07T02:46:47.260000+00:00,,4,Kalu Ganga,Magura,24970ba7-3fd4-4070-b754-e2cf1c038ef8,7.5,6,1525943,0,2.38
2026-10-07T02:40:55.655000+00:00,,2026-10-07T02:40:55.655000+00:00,,3.5,Gin Ganga,Baddegama,bd84962c-bb7f-47f0-b033-f8dde72fb0e0,5,4,1525942,0,2.42
2026-10-07T02:39:08.401000+00:00,,2026-10-07T02:39:08.401000+00:00,,5,Maha Oya,Badalgama,57e351ed-d4e0-40f8-a3c4-ead855234f03,9.6,6.2,1525941,0,2.92
2026-10-07T02:38:42.491000+00:00,,2026-10-07T02:38:42.491000+00:00,,15,Kelani Ganga,Glencourse,1e44031a-dfd0-4294-8ad2-be93c87fd969,19,15.5,1525940,0,10.9
2026-10-07T02:37:25.423000+00:00,,2026-10-07T02:37:25.423000+00:00,,4.84,Mee Oya,Galgamuwa,115e4337-2dff-423b-b416-b4ec82808fb6,8,5.94,1525939,0,0.03
2026-10-07T02:37:08.689000+00:00,,2026-10-07T02:37:08.689000+00:00,,3,Mahaweli Ganga,Thaldena,16a33c13-ecb6-40ff-8b14-f1e95115583a,5,4,1525938,0,0.38
2026-10-07T02:36:50.012000+00:00,,2026-10-07T02:36:50.012000+00:00,,4,Kelani Ganga,Nagalagam Street,27d03839-7005-4ebb-bf4b-fb4dd14899d4,7,5,1525937,0,1.45
2026-10-07T02:36:37.876000+00:00,,2026-10-07T02:36:37.876000+00:00,,4,Nilwala Ganga,Pitabeddara,811a80e1-8f3c-48fd-871e-326899cb00ad,6.5,5,1525936,0,1.57
2026-10-07T02:35:45.327000+00:00,,2026-10-07T02:35:45.327000+00:00,,4,Maduru Oya,Padiyathalawa,06bd201a-338a-4091-bf6b-380faad5d365,6,4.5,1525935,0,0.1
2026-10-07T02:34:48.544000+00:00,,2026-10-07T02:34:48.544000+00:00,,4,Kirindi Oya,Thanamalwila,e837040d-b058-4417-9c54-ab023cbed64c,5.5,5,1525934,0,1.1
2026-10-07T02:34:46.903000+00:00,,2026-10-07T02:34:46.903000+00:00,,3.3,Aththanagalu Oya,Dunamale,7735523a-db63-44d7-9b95-12b6cbd4e8d3,5.5,4.4,1525933,0,2.22
2026-10-07T02:34:41.825000+00:00,,2026-10-07T02:34:41.825000+00:00,,5,Mahaweli Ganga,Peradeniya,b7cda84a-9f7c-46da-8de4-b4db9115aff1,9,7,1525932,0,2.76
2026-10-07T02:34:38.262000+00:00,,2026-10-07T02:34:38.262000+00:00,,3,Kelani Ganga,Holombuwa,c74f7400-40d6-47ba-bf77-a738753d557e,6,4,1525931,0,0.76
2026-10-07T02:34:25.267000+00:00,,2026-10-07T02:34:25.267000+00:00,,4,Gin Ganga,Thawalama,e762e44b-e554-4f5b-8f27-b77ba95c618d,7.5,6,1525930,0,2.72
2026-10-07T02:34:21.683000+00:00,,2026-10-07T02:34:21.683000+00:00,,4.8,Kelani Ganga,Deraniyagala,e21bbe28-a6ac-4f1a-b442-b4c4c6b9a853,7,5.8,1525929,0,0.81
2026-10-07T02:34:03.050000+00:00,,2026-10-07T02:34:03.050000+00:00,,1.5,Kelani Ganga,Norwood,0f7c211f-dc48-42d2-aee8-54baf971d106,4.5,3,1525928,0,0.88
2026-10-07T02:33:50.485000+00:00,,2026-10-07T02:33:50.485000+00:00,,10,Kalu Ganga,Ellagawa,1410d00e-8a0c-407c-810f-a8d0523f8d08,12.2,10.7,1525927,0,5.61
2026-10-07T02:33:43.583000+00:00,,2026-10-07T02:33:43.583000+00:00,,5.2,Kalu Ganga,Rathnapura,ee75f76b-2c52-4f74-9da1-52a8b839083e,9.5,7.5,1525926,0,1.82
2026-10-07T02:33:41.650000+00:00,,2026-10-07T02:33:41.650000+00:00,,6.5,Kelani Ganga,Hanwella,0317c707-354b-4f43-bd91-24fc41ebb356,9.5,7.5,1525925,0,2.72
2026-10-07T02:33:17.334000+00:00,,2026-10-07T02:33:17.334000+00:00,,4.4,Kirindi Oya,Wellawaya,29d92277-4c50-45e0-8d58-cebcf77e807e,5.9,5.4,1525924,0,0.98
2026-10-07T02:33:03.671000+00:00,,2026-10-07T02:33:03.671000+00:00,,3,Kalu Ganga,Putupaula,df6fdf67-8b6a-4251-b6f3-aae4c81c04c6,5,4,1525923,0,0.78
2026-10-07T02:32:50.775000+00:00,,2026-10-07T02:32:50.775000+00:00,,4.75,Deduru Oya,Moragaswewa,5c710c04-4a72-4e33-9c7f-a037ec520148,7,6,1525922,0,0
2026-10-07T02:32:49.805000+00:00,,2026-10-07T02:32:49.805000+00:00,,,Gal Oya,Ampara,8702a578-22f6-4d97-bfb7-48bed5bd81ab,,,1525921,0,0
2026-10-07T02:32:31.306000+00:00,,2026-10-07T02:32:31.306000+00:00,,4,Menik Ganga,Katharagama,70a4743c-9b4a-4832-b263-e4e4b5602090,6.5,4.6,1525920,0,-0.28
2026-10-07T02:32:29.435000+00:00,,2026-10-07T02:32:29.435000+00:00,,3.5,Mahaweli Ganga,Nawalapitiya,783a4245-47c8-4532-8638-356192ac92f7,6,5,1525919,0,1.3
2026-10-07T02:32:16.074000+00:00,,2026-10-07T02:32:16.074000+00:00,,6.9,Kirindi Oya,Kuda Oya,3a33282a-7ad3-4c8c-be6f-84fce27f81c5,8.8,8.4,1525918,0,1.27
2026-10-07T02:32:08.919000+00:00,,2026-10-07T02:32:08.919000+00:00,,1.4,Nilwala Ganga,Thalgahagoda,391355ff-7a5f-4778-a744-1d478f806378,2.8,1.7,1525917,0,1.08
2026-10-07T02:31:52.367000+00:00,,2026-10-07T02:31:52.367000+00:00,,3,Kelani Ganga,Kithulgala,10c33929-a120-4aa9-bd60-696374147495,6,4,1525916,0,2.15
2026-10-07T02:31:39.590000+00:00,,2026-10-07T02:31:39.590000+00:00,,3,Walawe Ganga,Moraketiya,96aaaeac-eeaa-41c5-ab04-9372075e2f61,7,5,1525915,0,1.2
2026-10-07T02:31:25.123000+00:00,,2026-10-07T02:31:25.123000+00:00,,4,Ma Oya,Yaka Wewa,9db98397-e593-4084-b43d-ec4e58729702,6,5,1525913,0,0.4
2026-10-07T02:31:24.952000+00:00,,2026-10-07T02:31:24.952000+00:00,,5,Malwathu Oya,Thanthirimale,813e9e7a-590d-47ef-b7b5-f5a28ad29768,7.8,6.8,1525912,0,0.81
2026-10-07T02:31:18.864000+00:00,,2026-10-07T02:31:18.864000+00:00,,5,Kumbukkan Oya,Nakkala,7bf15056-99f9-4c92-bf1d-4938293028f9,7.5,6,1525911,0,0.88
2026-10-07T02:31:16.031000+00:00,,2026-10-07T02:31:16.031000+00:00,,3,Mahaweli Ganga,Manampitiya,7320fe76-2484-44d3-b154-e385362bf3ca,6,4.3,1525909,0,0.01
2026-10-07T02:30:59.164000+00:00,,2026-10-07T02:30:59.164000+00:00,,6,Yan Oya,Horowpothana,2ff4cf21-2e87-4ae3-8704-e0e19d54a021,10.5,7.5,1525908,0,1.66
2026-10-07T02:30:54.165000+00:00,,2026-10-07T02:30:54.165000+00:00,,4.5,Heda Oya,Siyambalanduwa,29cfdc9c-5a3e-48ed-a001-3f5c932cb76a,7,6,1525907,0,0.28
2026-10-07T02:30:25.244000+00:00,,2026-10-07T02:30:25.244000+00:00,,5,Mahaweli Ganga,Weraganthota,0069baf9-1cc1-44b9-9da0-be7e936bc4fa,8,6,1525906,0,-3.22
2026-10-07T02:12:00.322000+00:00,,2026-10-07T02:12:00.322000+00:00,,4.5,Heda Oya,Siyambalanduwa,7d30a3c2-dd60-4fab-bec5-97170228617b,7,6,1525905,0,0.28
2026-10-07T01:58:59.583000+00:00,,2026-10-07T01:58:59.583000+00:00,,1.4,Nilwala Ganga,Thalgahagoda,ac27a4dc-42e2-4a7f-8d3a-ea1706423b3f,2.8,1.7,1525904,0,1.08
2026-10-07T01:56:15.854000+00:00,,2026-10-07T01:56:15.854000+00:00,,4.84,Mee Oya,Galgamuwa,b0f58f45-5c89-453e-8f9a-4005c7cddfda,8,5.94,1525903,0,0.03
2026-10-07T01:56:14.660000+00:00,,2026-10-07T01:56:14.660000+00:00,,4.84,Mee Oya,Galgamuwa,bf1b798a-c9d9-47d8-b30a-54cc987ff679,8,5.94,1525902,0,0.03
2026-10-07T01:53:48.954000+00:00,,2026-10-07T01:53:48.954000+00:00,,3,Walawe Ganga,Moraketiya,8b9f596e-b3c9-4684-a417-bc22312330f8,7,5,1525901,0,1.4
2026-10-07T01:51:21.652000+00:00,,2026-10-07T01:51:21.652000+00:00,,5,Malwathu Oya,Thanthirimale,31dec621-cc7a-4165-9f06-0cfd84c1762d,7.8,6.8,1525900,0,0.81
2026-10-07T01:49:46.713000+00:00,,2026-10-07T01:49:46.713000+00:00,,5,Nilwala Ganga,Panadugama,615cd7e9-20e6-43f8-bbd3-85e4f5791089,7.5,6,1525899,0,5.73
2026-10-07T01:41:05.286000+00:00,,2026-10-07T01:41:05.286000+00:00,,5,Maha Oya,Badalgama,5222222f-18ca-4333-a348-425983b34da5,9.6,6.2,1525898,0,2.87
2026-10-07T01:39:03.054000+00:00,,2026-10-07T01:39:03.054000+00:00,,3.5,Gin Ganga,Baddegama,5c73fcff-973f-4d57-8454-9a3debffd4aa,5,4,1525897,0,2.4
2026-10-07T01:38:12.368000+00:00,,2026-10-07T01:38:12.368000+00:00,,4,Kalu Ganga,Magura,4fbd9d02-b8ea-4cf2-810d-6c1a40838f77,7.5,6,1525896,0,2.43
2026-10-07T01:37:58.085000+00:00,,2026-10-07T01:37:58.085000+00:00,,5,Mahaweli Ganga,Weraganthota,571a8788-9164-4cc8-9634-624e1608a223,8,6,1525895,0,-3.19
2026-10-07T01:37:18.966000+00:00,,2026-10-07T01:37:18.966000+00:00,,15,Kelani Ganga,Glencourse,c134eaac-e444-4c53-8903-fae82c04f0b2,19,15.5,1525894,0,10.91
2026-10-07T01:36:20.868000+00:00,,2026-10-07T01:36:20.868000+00:00,,3,Kelani Ganga,Holombuwa,0065d52a-6a62-483d-933e-7331575c01f2,6,4,1525893,0,0.81
2026-10-07T01:36:01.360000+00:00,,2026-10-07T01:36:01.360000+00:00,,3,Mahaweli Ganga,Thaldena,57708703-01fc-480e-9314-1d1b4c9d369d,5,4,1525892,0,0.36
2026-10-07T01:35:37.678000+00:00,,2026-10-07T01:35:37.678000+00:00,,6.5,Kelani Ganga,Hanwella,9c3c046b-d64b-436b-bc23-a5830f3b340f,9.5,7.5,1525891,0,2.73
2026-10-07T01:35:30.328000+00:00,,2026-10-07T01:35:30.328000+00:00,,5,Mahaweli Ganga,Peradeniya,1f5cf8eb-32da-42ea-bd18-cba42cde6b27,9,7,1525890,0,2.72
2026-10-07T01:34:59.481000+00:00,,2026-10-07T01:34:59.481000+00:00,,4,Gin Ganga,Thawalama,becd7a10-55d8-4b84-85b4-32a68e268d7a,7.5,6,1525889,0,2.76
2026-10-07T01:34:30.214000+00:00,,2026-10-07T01:34:30.214000+00:00,,2.5,Nilwala Ganga,Urawa,ef573dbd-be84-4320-a95f-47a2f17cd3df,6,4,1525888,0,0.57
2026-10-07T01:34:27+00:00,,2026-10-07T01:34:27+00:00,,3,Kalu Ganga,Putupaula,30d22158-a3e9-4e52-92d6-12d067df38ab,5,4,1525887,0,0.8
2026-10-07T01:34:12.907000+00:00,,2026-10-07T01:34:12.907000+00:00,,4.4,Kirindi Oya,Wellawaya,ddad09f6-199d-40b3-9068-9fca0dfda1f5,5.9,5.4,1525886,0,0.98
2026-10-07T01:34:09.812000+00:00,,2026-10-07T01:34:09.812000+00:00,,3.3,Aththanagalu Oya,Dunamale,d5cceca3-a637-4001-9af5-67e457b06ffd,5.5,4.4,1525885,0,2.22
2026-10-07T01:33:45.958000+00:00,,2026-10-07T01:33:45.958000+00:00,,10,Kalu Ganga,Ellagawa,62c9d90d-4bd5-4149-a571-2e2eb3d3612a,12.2,10.7,1525884,0,5.62
2026-10-07T01:33:44.765000+00:00,,2026-10-07T01:33:44.765000+00:00,,1.5,Kelani Ganga,Norwood,e34b0b85-4744-43e3-83d6-86ec850590b8,4.5,3,1525883,0,0.89
2026-10-07T01:33:36.068000+00:00,,2026-10-07T01:33:36.068000+00:00,,4,Kirindi Oya,Thanamalwila,bae830e3-00da-4a63-9b98-a48dfa5a30ad,5.5,5,1525882,0,1.19
2026-10-07T01:33:16.860000+00:00,,2026-10-07T01:33:16.860000+00:00,,,Gal Oya,Ampara,8058040d-26cd-4c2a-8c55-f0e203c6878b,,,1525881,0,0
2026-10-07T01:32:48.759000+00:00,,2026-10-07T01:32:48.759000+00:00,,4,Kelani Ganga,Nagalagam Street,57344aa6-7ea4-417e-b251-239ad9c6edcb,7,5,1525880,0,1.35
2026-10-07T01:32:44.073000+00:00,,2026-10-07T01:32:44.073000+00:00,,5.5,Maha Oya,Giriulla,0403f800-c7aa-422d-aed7-f82611bf1d12,7.5,6.5,1525879,0,1.86
2026-10-07T01:32:31.085000+00:00,,2026-10-07T01:32:31.085000+00:00,,4.8,Kelani Ganga,Deraniyagala,609465b3-bd40-4ae9-b0c0-c86a2d5a1f9b,7,5.8,1525878,0,0.83
2026-10-07T01:32:29.674000+00:00,,2026-10-07T01:32:29.674000+00:00,,4,Maduru Oya,Padiyathalawa,eabd6891-2eae-4088-b7af-dfcad15443c4,6,4.5,1525877,0,0.1
2026-10-07T01:32:23.276000+00:00,,2026-10-07T01:32:23.276000+00:00,,4,Menik Ganga,Katharagama,94c207d3-1d2f-4dea-9d1d-fd8b9f424448,6.5,4.6,1525876,0,-0.27
2026-10-07T01:32:12.948000+00:00,,2026-10-07T01:32:12.948000+00:00,,4.75,Deduru Oya,Moragaswewa,dd599695-678e-4353-bd3f-5dcdf22fa15c,7,6,1525875,0,0
2026-10-07T01:31:57.144000+00:00,,2026-10-07T01:31:57.144000+00:00,,5,Kumbukkan Oya,Nakkala,9798c678-a560-493d-b2cf-652324ec060e,7.5,6,1525874,0,0.91
2026-10-07T01:31:56.181000+00:00,,2026-10-07T01:31:56.181000+00:00,,5.2,Kalu Ganga,Rathnapura,083f0627-4cab-4140-bccd-7958bf9ddb26,9.5,7.5,1525873,0,1.78
2026-10-07T01:31:23.124000+00:00,,2026-10-07T01:31:23.124000+00:00,,3,Kelani Ganga,Kithulgala,62a1ea78-f979-48a0-a869-c6e0bff4ec7f,6,4,1525872,0,2.05
2026-10-07T01:31:22.637000+00:00,,2026-10-07T01:31:22.637000+00:00,,4,Ma Oya,Yaka Wewa,ba11a157-fca5-4fab-af18-1126eb4bd03c,6,5,1525871,0,0.4
2026-10-07T01:31:10.911000+00:00,,2026-10-07T01:31:10.911000+00:00,,4,Nilwala Ganga,Pitabeddara,9a1eedc2-11b0-4b2b-9959-cdc7f58cc4f3,6.5,5,1525870,0,1.6
2026-10-07T01:30:57.916000+00:00,,2026-10-07T01:30:57.916000+00:00,,5,Kalu Ganga,Kalawellawa (Millakanda),918a7b1b-b5a0-4026-8716-d0e666f808dd,8,6.5,1525869,0,3.36
2026-10-07T01:30:56.058000+00:00,,2026-10-07T01:30:56.058000+00:00,,3,Mahaweli Ganga,Manampitiya,d0937b74-cc93-4c5a-ac60-aeb63321f4f8,6,4.3,1525868,0,0.01
2026-10-07T01:30:46.412000+00:00,,2026-10-07T01:30:46.412000+00:00,,6,Yan Oya,Horowpothana,9ef59a98-b1d1-4a20-8cf7-9761661236f3,10.5,7.5,1525867,0,1.66
2026-10-07T01:30:41.024000+00:00,,2026-10-07T01:30:41.024000+00:00,,6.9,Kirindi Oya,Kuda Oya,d36ed202-53cc-4e0e-8587-37d75a027e49,8.8,8.4,1525866,0,1.18
2026-10-07T01:30:10.037000+00:00,,2026-10-07T01:30:10.037000+00:00,,3.5,Mahaweli Ganga,Nawalapitiya,8edd2878-1f24-446d-89f4-60a80cff1ee6,6,5,1525865,0,1.31
2026-10-07T00:55:08.509000+00:00,,2026-10-07T00:55:08.509000+00:00,,5,Kumbukkan Oya,Nakkala,0b8a2a1d-6110-46f1-a2c1-e286ed84392e,7.5,6,1525864,0,0.96
2026-10-07T00:41:56.623000+00:00,,2026-10-07T00:41:56.623000+00:00,,3.5,Gin Ganga,Baddegama,aa1604bc-c1e3-4313-9dd0-d6d9c15d9b93,5,4,1525863,0,2.35
2026-10-07T00:38:43.678000+00:00,,2026-10-07T00:38:43.678000+00:00,,4,Gin Ganga,Thawalama,e21fa813-e0f8-40e2-9811-5b13c6b64aae,7.5,6,1525862,2.9,2.79
2026-10-07T00:38:29.576000+00:00,,2026-10-07T00:38:29.576000+00:00,,6.5,Kelani Ganga,Hanwella,24ed3fe0-ae2a-4747-95e7-40a4092d1dac,9.5,7.5,1525861,0,2.75
2026-10-07T00:38:20.011000+00:00,,2026-10-07T00:38:20.011000+00:00,,5,Maha Oya,Badalgama,20836003-4309-4dd4-887d-6709c5d3795d,9.6,6.2,1525860,0,2.78
2026-10-07T00:38:10.179000+00:00,,2026-10-07T00:38:10.179000+00:00,,4,Kelani Ganga,Nagalagam Street,4c2126bb-78a4-47b0-8dfa-35fe9a3892f8,7,5,1525859,0,1.4
2026-10-07T00:36:52.717000+00:00,,2026-10-07T00:36:52.717000+00:00,,6,Yan Oya,Horowpothana,ea66adc1-0621-44a0-9cc1-3e86191f9326,10.5,7.5,1525858,0,1.66
2026-10-07T00:35:58.153000+00:00,,2026-10-07T00:35:58.153000+00:00,,5,Mahaweli Ganga,Peradeniya,71043f38-5e9a-40d8-8b4d-79140edce5e3,9,7,1525857,0,2.82
2026-10-07T00:35:55.384000+00:00,,2026-10-07T00:35:55.384000+00:00,,3,Kelani Ganga,Holombuwa,6d6bd131-d0bd-4b11-97b6-9e058dc4562a,6,4,1525856,0,0.91
2026-10-07T00:35:10.762000+00:00,,2026-10-07T00:35:10.762000+00:00,,5,Mahaweli Ganga,Weraganthota,3e9dc510-3a80-4c63-93d3-ccfc49e81674,8,6,1525855,0,-3.14
2026-10-07T00:34:47.178000+00:00,,2026-10-07T00:34:47.178000+00:00,,4.8,Kelani Ganga,Deraniyagala,d039e852-8024-4c86-8eb2-7cfaea9eb664,7,5.8,1525854,0,0.83
2026-10-07T00:34:33.062000+00:00,,2026-10-07T00:34:33.062000+00:00,,4,Kirindi Oya,Thanamalwila,09064d7a-2450-4722-a992-37b8123b3a2d,5.5,5,1525853,0,1.05
2026-10-07T00:34:31.333000+00:00,,2026-10-07T00:34:31.333000+00:00,,4,Menik Ganga,Katharagama,80acd411-954e-4ee2-9e09-bf60798bd06d,6.5,4.6,1525852,0,-0.26
2026-10-07T00:34:25.711000+00:00,,2026-10-07T00:34:25.711000+00:00,,10,Kalu Ganga,Ellagawa,c41ed176-5e24-4a85-8ecc-5041ac7d9ebe,12.2,10.7,1525851,0,5.58
2026-10-07T00:33:57.307000+00:00,,2026-10-07T00:33:57.307000+00:00,,3.3,Aththanagalu Oya,Dunamale,93bb0868-e2e0-4636-a931-fa043e11f436,5.5,4.4,1525850,0.3,2.22
2026-10-07T00:33:02.839000+00:00,,2026-10-07T00:33:02.839000+00:00,,5.5,Maha Oya,Giriulla,4bade5dd-4724-479f-a60f-3b6e122836b7,7.5,6.5,1525849,0,1.87
2026-10-07T00:33:00.888000+00:00,,2026-10-07T00:33:00.888000+00:00,,3,Kelani Ganga,Kithulgala,833fee3c-a86f-484f-94be-c40c95cb8282,6,4,1525848,0,2.12
2026-10-07T00:32:53.980000+00:00,,2026-10-07T00:32:53.980000+00:00,,15,Kelani Ganga,Glencourse,6113f8b8-ab8c-4e5b-8b37-366118f11904,19,15.5,1525847,0,10.94
2026-10-07T00:32:43.189000+00:00,,2026-10-07T00:32:43.189000+00:00,,1.5,Kelani Ganga,Norwood,c0d5bfb8-d4c4-4cdc-93e2-3fc845bf868b,4.5,3,1525846,0,0.89
2026-10-07T00:32:33.626000+00:00,,2026-10-07T00:32:33.626000+00:00,,4.5,Heda Oya,Siyambalanduwa,843baa8d-db59-4590-ad70-d7eec20df5bf,7,6,1525845,0,0.26
2026-10-07T00:32:21.777000+00:00,,2026-10-07T00:32:21.777000+00:00,,5.2,Kalu Ganga,Rathnapura,31e9f1ea-5d08-4771-9de2-278a6c5eb251,9.5,7.5,1525844,0,1.74
2026-10-07T00:32:21.548000+00:00,,2026-10-07T00:32:21.548000+00:00,,1.4,Nilwala Ganga,Thalgahagoda,d06d3937-46dd-4bf1-88f8-dffb2cf4db90,2.8,1.7,1525843,0,0.96
2026-10-07T00:32:14.564000+00:00,,2026-10-07T00:32:14.564000+00:00,,2.5,Nilwala Ganga,Urawa,f677e5d0-92bc-43c1-80a3-eb4487f9d8e7,6,4,1525842,0,0.56
2026-10-07T00:32:13.113000+00:00,,2026-10-07T00:32:13.113000+00:00,,5,Nilwala Ganga,Panadugama,df45269a-8859-4dbd-abf8-0f7513a747f6,7.5,6,1525841,0,5.71
2026-10-07T00:31:59.291000+00:00,,2026-10-07T00:31:59.291000+00:00,,4,Maduru Oya,Padiyathalawa,43429001-ace4-48d4-aa87-5cef43956b62,6,4.5,1525840,0,0.1
2026-10-07T00:31:53.884000+00:00,,2026-10-07T00:31:53.884000+00:00,,3,Mahaweli Ganga,Thaldena,36c4c845-3fc0-4dde-8712-a50d741cd1e6,5,4,1525839,0,0.28
2026-10-07T00:31:51.612000+00:00,,2026-10-07T00:31:51.612000+00:00,,3,Mahaweli Ganga,Manampitiya,da5a7cbb-5b5f-405a-b8b2-a0c2612082af,6,4.3,1525838,0,0.01
2026-10-07T00:31:35.063000+00:00,,2026-10-07T00:31:35.063000+00:00,,4,Kalu Ganga,Magura,80e9557e-0293-4e75-a7c6-80e1384c7bac,7.5,6,1525837,0,2.4
2026-10-07T00:31:33.414000+00:00,,2026-10-07T00:31:33.414000+00:00,,3,Kalu Ganga,Putupaula,a838404d-a322-471f-9367-e386550dbd05,5,4,1525836,0,0.82
2026-10-07T00:31:30.107000+00:00,,2026-10-07T00:31:30.107000+00:00,,4.4,Kirindi Oya,Wellawaya,65db7f8f-0412-4be3-9d70-04f529de643e,5.9,5.4,1525835,0,0.98
2026-10-07T00:31:28.112000+00:00,,2026-10-07T00:31:28.112000+00:00,,4,Ma Oya,Yaka Wewa,b5b2527a-fb04-4ed3-95f8-53bc32141111,6,5,1525834,0,0.4
2026-10-07T00:31:19.749000+00:00,,2026-10-07T00:31:19.749000+00:00,,,Gal Oya,Ampara,e17f2317-fccf-43ec-9346-fcca95e3c82f,,,1525833,0,0
2026-10-07T00:31:13.612000+00:00,,2026-10-07T00:31:13.612000+00:00,,3,Walawe Ganga,Moraketiya,aa4135a2-a36a-4474-a17d-6b4d53bd6a6e,7,5,1525832,0,1.37
2026-10-07T00:31:13.513000+00:00,,2026-10-07T00:31:13.513000+00:00,,3.5,Mahaweli Ganga,Nawalapitiya,ec082d96-e0ca-410b-84c0-69b1e8be582f,6,5,1525831,0,1.31
2026-10-07T00:31:11.547000+00:00,,2026-10-07T00:31:11.547000+00:00,,4,Nilwala Ganga,Pitabeddara,1ef7aa50-5fdb-4256-beed-3cbfef156358,6.5,5,1525830,0,2.09
2026-10-07T00:31:10.046000+00:00,,2026-10-07T00:31:10.046000+00:00,,4,Nilwala Ganga,Pitabeddara,b5e4e6aa-8fb3-490f-a692-7214f160392b,6.5,5,1525829,0,2.85
2026-10-07T00:31:08.980000+00:00,,2026-10-07T00:31:08.980000+00:00,,6.9,Kirindi Oya,Kuda Oya,68a0865a-688d-44df-9eb6-f99195dd7c0f,8.8,8.4,1525828,0,1.09
2026-10-07T00:30:59.177000+00:00,,2026-10-07T00:30:59.177000+00:00,,5,Kalu Ganga,Kalawellawa (Millakanda),0d9fa805-dcb8-4a9d-bd3f-edf9423638bc,8,6.5,1525827,0,3.1
2026-10-07T00:30:55.416000+00:00,,2026-10-07T00:30:55.416000+00:00,,15,Kelani Ganga,Glencourse,cc9b141a-c832-4539-ac6b-9b6990b50151,19,15.5,1525826,0,10.94
2026-10-07T00:30:55.269000+00:00,,2026-10-07T00:30:55.269000+00:00,,4.75,Deduru Oya,Moragaswewa,1a043b08-e7cd-40d9-ab2c-794ebc95f434,7,6,1525825,0,0
2026-10-06T23:50:52.993000+00:00,,2026-10-06T23:50:52.993000+00:00,,5,Nilwala Ganga,Panadugama,5666fd63-eb53-4f3f-94a6-390273c00da3,7.5,6,1525824,0,5.7
2026-10-06T23:46:26.460000+00:00,,2026-10-06T23:46:26.460000+00:00,,4,Kalu Ganga,Magura,734a7753-2ad8-45ee-8b98-1b30341ceab3,7.5,6,1525823,0,2.45
2026-10-06T23:44:09.718000+00:00,,2026-10-06T23:44:09.718000+00:00,,4,Gin Ganga,Thawalama,f0d680d4-5c8e-4a03-86ec-23a79b3cb245,7.5,6,1525822,0,2.59
2026-10-06T23:42:42.759000+00:00,,2026-10-06T23:42:42.759000+00:00,,4.8,Kelani Ganga,Deraniyagala,73a7bf65-cfe4-479f-a019-795b36c2cf42,7,5.8,1525821,0,0.84
2026-10-06T23:42:08.448000+00:00,,2026-10-06T23:42:08.448000+00:00,,2.5,Nilwala Ganga,Urawa,f33288f0-508b-4ec8-9f02-cb4f30ac48d7,6,4,1525820,0,0.49
2026-10-06T23:39:54.071000+00:00,,2026-10-06T23:39:54.071000+00:00,,3,Mahaweli Ganga,Manampitiya,caf837c6-0b10-4801-934e-eb5f75d3fbdd,6,4.3,1525819,0,0.05
2026-10-06T23:39:52.773000+00:00,,2026-10-06T23:39:52.773000+00:00,,3,Mahaweli Ganga,Manampitiya,6509386f-c09e-4c2c-a17a-6d88daa7f7f4,6,4.3,1525818,0,0.1
2026-10-06T23:38:57.274000+00:00,,2026-10-06T23:38:57.274000+00:00,,4.5,Heda Oya,Siyambalanduwa,76ab70ef-99b1-4ae8-b6ea-5393f24d2bae,7,6,1525817,0,0.26
2026-10-06T23:37:30.407000+00:00,,2026-10-06T23:37:30.407000+00:00,,4,Kirindi Oya,Thanamalwila,0f8960d3-4564-43d8-bc65-d7bc0c18863e,5.5,5,1525816,0,0.69
2026-10-06T23:37:21.692000+00:00,,2026-10-06T23:37:21.692000+00:00,,6.5,Kelani Ganga,Hanwella,81c0e0de-4b7d-42b9-abea-490a744c87c3,9.5,7.5,1525815,0,2.75
2026-10-06T23:37:12.878000+00:00,,2026-10-06T23:37:12.878000+00:00,,4,Kirindi Oya,Thanamalwila,6ce96fdf-3c27-49e2-888f-df4e090c7c9d,5.5,5,1525814,0,0.67
2026-10-06T23:36:42.773000+00:00,,2026-10-06T23:36:42.773000+00:00,,4,Kelani Ganga,Nagalagam Street,9b3e567d-084e-43b5-a143-e8b7a91c55c9,7,5,1525813,0,1.6
2026-10-06T23:36:15.081000+00:00,,2026-10-06T23:36:15.081000+00:00,,5.2,Kalu Ganga,Rathnapura,4c98f435-62d6-4d92-a632-8ebefed26d34,9.5,7.5,1525812,0,1.71
2026-10-06T23:36:04.761000+00:00,,2026-10-06T23:36:04.761000+00:00,,5,Maha Oya,Badalgama,d0677b49-1450-4f3f-984b-7b17dcc9b835,9.6,6.2,1525811,0,2.72
2026-10-06T23:34:57.034000+00:00,,2026-10-06T23:34:57.034000+00:00,,4,Kalu Ganga,Magura,37431ca7-5528-4c5b-b4c0-4b9f7472eaa0,7.5,6,1525810,0,2.61
2026-10-06T23:34:41.325000+00:00,,2026-10-06T23:34:41.325000+00:00,,3.3,Aththanagalu Oya,Dunamale,9b8edc3c-2c31-4ee7-ad19-c02c5c950109,5.5,4.4,1525809,0,2.22
2026-10-06T23:34:32.588000+00:00,,2026-10-06T23:34:32.588000+00:00,,3,Walawe Ganga,Moraketiya,0c4890b3-aaaf-4346-a5a0-c5ca4637e963,7,5,1525808,0,1.28
2026-10-06T23:34:12.698000+00:00,,2026-10-06T23:34:12.698000+00:00,,3,Kelani Ganga,Holombuwa,d3ad8bf5-f27d-44e5-8e2d-a7a257f12650,6,4,1525807,0,0.99
2026-10-06T23:34:10.623000+00:00,,2026-10-06T23:34:10.623000+00:00,,4.4,Kirindi Oya,Wellawaya,03ef2822-4a5b-4af5-bdd1-feca0609a2f6,5.9,5.4,1525806,0,0.98
2026-10-06T23:33:58.616000+00:00,,2026-10-06T23:33:58.616000+00:00,,3.5,Gin Ganga,Baddegama,aa7471cf-2895-466c-adf7-d5d467ba0385,5,4,1525805,0,2.29
2026-10-06T23:33:48.675000+00:00,,2026-10-06T23:33:48.675000+00:00,,15,Kelani Ganga,Glencourse,4a797c92-d6bd-4d1b-b92a-11f2376649f3,19,15.5,1525804,0,10.95
2026-10-06T23:33:43.160000+00:00,,2026-10-06T23:33:43.160000+00:00,,1.5,Kelani Ganga,Norwood,52855fb2-976f-42b5-974d-94e5f4bf6cc3,4.5,3,1525803,0,0.9
2026-10-06T23:33:39.790000+00:00,,2026-10-06T23:33:39.790000+00:00,,3,Kalu Ganga,Putupaula,144907d5-d89c-4c6c-95e2-1670e0efae9a,5,4,1525802,0,0.9
2026-10-06T23:33:07.570000+00:00,,2026-10-06T23:33:07.570000+00:00,,5.5,Maha Oya,Giriulla,592027cc-793d-44eb-9651-1086c8898b21,7.5,6.5,1525801,0,1.86
2026-10-06T23:33:00.755000+00:00,,2026-10-06T23:33:00.755000+00:00,,3,Kelani Ganga,Kithulgala,efca70cb-611a-49b9-a0cd-607d9f56b7b6,6,4,1525800,0,2.13
2026-10-06T23:32:45.182000+00:00,,2026-10-06T23:32:45.182000+00:00,,4.75,Deduru Oya,Moragaswewa,34349d68-1b2d-4271-806a-39d1f1e2cf7c,7,6,1525799,0,-0.01
2026-10-06T23:32:35.640000+00:00,,2026-10-06T23:32:35.640000+00:00,,4,Menik Ganga,Katharagama,bc259283-864a-4e88-a543-90608f743f12,6.5,4.6,1525798,0,-0.25
2026-10-06T23:32:32.892000+00:00,,2026-10-06T23:32:32.892000+00:00,,10,Kalu Ganga,Ellagawa,8281ec34-acba-4dfa-b5db-7e9c629c8b74,12.2,10.7,1525797,0,5.59
2026-10-06T23:31:57.520000+00:00,,2026-10-06T23:31:57.520000+00:00,,4,Ma Oya,Yaka Wewa,3a3279ed-a94b-4850-8521-2df51d52ae64,6,5,1525796,0,0.4
2026-10-06T23:31:52.804000+00:00,,2026-10-06T23:31:52.804000+00:00,,6,Yan Oya,Horowpothana,ce3b8eb2-70a6-40c9-abb1-8e4ae7b6fe83,10.5,7.5,1525795,0,1.66
2026-10-06T23:31:46.281000+00:00,,2026-10-06T23:31:46.281000+00:00,,5,Mahaweli Ganga,Peradeniya,134603ff-f676-4d36-a670-1b022ee5f40d,9,7,1525794,0,2.86
2026-10-06T23:31:29.220000+00:00,,2026-10-06T23:31:29.220000+00:00,,4,Maduru Oya,Padiyathalawa,7d1514af-24ac-4367-9e61-7f349abec0f9,6,4.5,1525793,0,0.1
2026-10-06T23:31:28.823000+00:00,,2026-10-06T23:31:28.823000+00:00,,5,Kumbukkan Oya,Nakkala,5bbc2cfe-f4ed-4985-a159-a16191c7ef06,7.5,6,1525792,0,1.02
2026-10-06T23:31:18.133000+00:00,,2026-10-06T23:31:18.133000+00:00,,3.5,Mahaweli Ganga,Nawalapitiya,bf519abf-95b4-4d0f-b1be-ddcb98258a48,6,5,1525791,0,1.32
2026-10-06T23:31:10.831000+00:00,,2026-10-06T23:31:10.831000+00:00,,3,Mahaweli Ganga,Thaldena,b5c93a34-20e9-437a-a97b-7bae1a047fb4,5,4,1525790,0,0.19
2026-10-06T23:31:08.542000+00:00,,2026-10-06T23:31:08.542000+00:00,,6.9,Kirindi Oya,Kuda Oya,4b683add-c9bc-4e11-8c8a-830bb05099d8,8.8,8.4,1525789,0,1.09
2026-10-06T23:30:34.549000+00:00,,2026-10-06T23:30:34.549000+00:00,,,Gal Oya,Ampara,4cccd3dd-354a-479c-857c-cbc1fae3639d,,,1525788,0,0
2026-10-06T23:30:29.563000+00:00,,2026-10-06T23:30:29.563000+00:00,,1.4,Nilwala Ganga,Thalgahagoda,a6c2ee98-06fd-40a6-8034-cc8fa659f859,2.8,1.7,1525787,0,0.89
2026-10-06T23:16:24.962000+00:00,,2026-10-06T23:16:24.962000+00:00,,4,Kalu Ganga,Magura,c23dfb54-a392-4fa6-bad3-3d9b64b98648,7.5,6,1525786,0,2.78
2026-10-06T23:09:42.834000+00:00,,2026-10-06T23:09:42.834000+00:00,,6.9,Kirindi Oya,Kuda Oya,1958b646-9484-4095-a8a7-b68f5b6144f0,8.8,8.4,1525785,0,1.08
2026-10-06T23:08:49.380000+00:00,,2026-10-06T23:08:49.380000+00:00,,4,Kalu Ganga,Magura,1ebf36a3-8498-4654-bce5-b2012aa4cd32,7.5,6,1525784,0,2.58
2026-10-06T23:01:06.668000+00:00,,2026-10-06T23:01:06.668000+00:00,,4,Nilwala Ganga,Pitabeddara,9ba9ccc2-16b0-4a5c-b5ea-a283095aa1f0,6.5,5,1525783,0,3.2
2026-10-06T22:57:52.490000+00:00,,2026-10-06T22:57:52.490000+00:00,,1.4,Nilwala Ganga,Thalgahagoda,b119dde5-c2f8-4ec1-b9fc-39eaf1089c6d,2.8,1.7,1525782,0,0.82
2026-10-06T22:51:44.337000+00:00,,2026-10-06T22:51:44.337000+00:00,,5,Nilwala Ganga,Panadugama,fafd954d-0d55-479a-accc-e20b8679d3d3,7.5,6,1525781,0,5.63
2026-10-06T22:49:28.427000+00:00,,2026-10-06T22:49:28.427000+00:00,,4.8,Kelani Ganga,Deraniyagala,9ead8583-d97a-406a-9501-7bb9ef7e2471,7,5.8,1525780,0,0.86
2026-10-06T22:45:48.384000+00:00,,2026-10-06T22:45:48.384000+00:00,,2.5,Nilwala Ganga,Urawa,8d09c60e-402e-45c0-97b1-45c30f93cc66,6,4,1525779,0,0.46
2026-10-06T22:40:20.504000+00:00,,2026-10-06T22:40:20.504000+00:00,,3.5,Gin Ganga,Baddegama,88cb7301-77b6-4abb-b6b0-09dc3625a8df,5,4,1525778,0,2.2
2026-10-06T22:38:50.959000+00:00,,2026-10-06T22:38:50.959000+00:00,,4,Kelani Ganga,Nagalagam Street,2a6baee7-de14-4ef4-8656-1b133885f7af,7,5,1525777,0,1.7
2026-10-06T22:36:37.856000+00:00,,2026-10-06T22:36:37.856000+00:00,,5.2,Kalu Ganga,Rathnapura,4c9b5ddc-6444-476a-b423-9fff56489c74,9.5,7.5,1525776,0,1.7
2026-10-06T22:34:48.931000+00:00,,2026-10-06T22:34:48.931000+00:00,,4.4,Kirindi Oya,Wellawaya,77ded438-cb3a-439a-a738-565d3a74a006,5.9,5.4,1525775,0,1
2026-10-06T22:34:48.455000+00:00,,2026-10-06T22:34:48.455000+00:00,,6.5,Kelani Ganga,Hanwella,0d995163-887c-4f01-a0c2-e76bf3327a3c,9.5,7.5,1525774,0,2.76
2026-10-06T22:34:34.365000+00:00,,2026-10-06T22:34:34.365000+00:00,,5,Mahaweli Ganga,Peradeniya,7c4a73b9-0a05-4285-99ea-ccf5e23f04d9,9,7,1525773,0,2.9
2026-10-06T22:34:06.697000+00:00,,2026-10-06T22:34:06.697000+00:00,,3,Kalu Ganga,Putupaula,14f90067-5481-4791-a84a-34f7e76e314c,5,4,1525772,0,0.93
2026-10-06T22:33:57.641000+00:00,,2026-10-06T22:33:57.641000+00:00,,3.5,Mahaweli Ganga,Nawalapitiya,69372c3a-4a40-42fc-879f-2adc55b0bc5a,6,5,1525771,0,1.33
2026-10-06T22:33:28.670000+00:00,,2026-10-06T22:33:28.670000+00:00,,1.5,Kelani Ganga,Norwood,719b40e5-ba4f-4de1-9c4f-f1c0f8f0615d,4.5,3,1525770,0,0.91
2026-10-06T22:33:28.319000+00:00,,2026-10-06T22:33:28.319000+00:00,,5.5,Maha Oya,Giriulla,47bdf946-3aa9-4233-b688-7232e83196a4,7.5,6.5,1525769,0,1.8
2026-10-06T22:33:27.001000+00:00,,2026-10-06T22:33:27.001000+00:00,,3,Kelani Ganga,Holombuwa,a1432fcc-fb0c-41f6-b5b2-62d32a617ba9,6,4,1525768,0,1
2026-10-06T22:33:24.501000+00:00,,2026-10-06T22:33:24.501000+00:00,,3.3,Aththanagalu Oya,Dunamale,997d9cef-18e9-445e-93ce-7e5c81053afa,5.5,4.4,1525767,0,2.18
2026-10-06T22:33:02.240000+00:00,,2026-10-06T22:33:02.240000+00:00,,5,Maha Oya,Badalgama,4dd1df2f-5fe5-41a4-a067-476a94309b71,9.6,6.2,1525766,0,2.66
2026-10-06T22:33:00.064000+00:00,,2026-10-06T22:33:00.064000+00:00,,3,Kelani Ganga,Kithulgala,8b3a1bba-5a0d-4c96-a601-cb3e22c2bdde,6,4,1525765,0,2.15
2026-10-06T22:32:30.770000+00:00,,2026-10-06T22:32:30.770000+00:00,,4.75,Deduru Oya,Moragaswewa,29218123-3217-4ec6-a35c-d2efd937077a,7,6,1525764,0,-0.01
2026-10-06T22:32:03.779000+00:00,,2026-10-06T22:32:03.779000+00:00,,6,Yan Oya,Horowpothana,cf3177ce-005e-41be-b676-0b20054e8a9d,10.5,7.5,1525763,0,1.66
2026-10-06T22:31:59.642000+00:00,,2026-10-06T22:31:59.642000+00:00,,5,Kalu Ganga,Kalawellawa (Millakanda),8ae641c9-e0e3-4dc1-b0da-5a8b595aa1d1,8,6.5,1525762,0,3.15
2026-10-06T22:31:56.352000+00:00,,2026-10-06T22:31:56.352000+00:00,,4,Ma Oya,Yaka Wewa,11ece584-169a-431f-a45b-33cbf5e97050,6,5,1525761,0,0.4
2026-10-06T22:31:47.014000+00:00,,2026-10-06T22:31:47.014000+00:00,,4.5,Heda Oya,Siyambalanduwa,b9b2f279-59db-4c34-b11a-e733cec09cf6,7,6,1525760,0,0.25
2026-10-06T22:31:39.261000+00:00,,2026-10-06T22:31:39.261000+00:00,,10,Kalu Ganga,Ellagawa,2ce81b3e-6d2c-48bf-9374-03235ed69386,12.2,10.7,1525759,0,5.59
2026-10-06T22:31:20.242000+00:00,,2026-10-06T22:31:20.242000+00:00,,,Gal Oya,Ampara,c3c61eb7-4e31-4f0c-9598-94c283a99049,,,1525758,0,0
2026-10-06T22:31:03.745000+00:00,,2026-10-06T22:31:03.745000+00:00,,5,Kumbukkan Oya,Nakkala,f2077d8b-e59d-468e-979e-640d4542d54f,7.5,6,1525757,0,1.07
2026-10-06T22:30:58.947000+00:00,,2026-10-06T22:30:58.947000+00:00,,4,Maduru Oya,Padiyathalawa,dbe28404-7fcb-43f8-af66-4a77ce1e9ca7,6,4.5,1525756,0,0.1
2026-10-06T22:30:49.777000+00:00,,2026-10-06T22:30:49.777000+00:00,,3,Walawe Ganga,Moraketiya,96eb92b7-8f87-4e89-a0b0-43bed12a9912,7,5,1525755,0,0.96
2026-10-06T22:30:49.653000+00:00,,2026-10-06T22:30:49.653000+00:00,,3,Mahaweli Ganga,Thaldena,aae7b141-1cb5-4078-bdaa-eac786111400,5,4,1525754,0,0.18
2026-10-06T22:30:26.234000+00:00,,2026-10-06T22:30:26.234000+00:00,,15,Kelani Ganga,Glencourse,d4b348f0-38cb-4bb1-bf9c-740f0c3e4877,19,15.5,1525753,0,10.98
2026-10-06T22:26:43.821000+00:00,,2026-10-06T22:26:43.821000+00:00,,4,Gin Ganga,Thawalama,ef26f1a4-e1fd-47c8-9af0-eb3a321ecbba,7.5,6,1525752,0,2.46
2026-10-06T22:25:47.226000+00:00,,2026-10-06T22:25:47.226000+00:00,,4,Gin Ganga,Thawalama,754ad6b2-b647-4181-90cb-4e610ebdc3e9,7.5,6,1525751,0,2.51
2026-10-06T21:47:06.915000+00:00,,2026-10-06T21:47:06.915000+00:00,,5.2,Kalu Ganga,Rathnapura,3c477788-c789-4bf1-a407-e5c532fbf94a,9.5,7.5,1525750,0,1.7
2026-10-06T21:46:10.270000+00:00,,2026-10-06T21:46:10.270000+00:00,,4,Maduru Oya,Padiyathalawa,557064a3-f6ce-47f7-bb0d-ffa794b76802,6,4.5,1525749,0,0.1
2026-10-06T21:46:00.458000+00:00,,2026-10-06T21:46:00.458000+00:00,,4,Maduru Oya,Padiyathalawa,b3aac303-2c22-47ad-9652-cd33a904f7f5,6,4.5,1525748,0,0.1
2026-10-06T21:42:36.341000+00:00,,2026-10-06T21:42:36.341000+00:00,,3,Kalu Ganga,Putupaula,6b17a0a2-77a0-4e84-89cf-91c6b0b0db54,5,4,1525747,0,0.87
2026-10-06T21:41:46.271000+00:00,,2026-10-06T21:41:46.271000+00:00,,4.8,Kelani Ganga,Deraniyagala,d3893ee6-3e41-4ad1-9ff3-beb51620feca,7,5.8,1525746,0,0.93
2026-10-06T21:40:38.643000+00:00,,2026-10-06T21:40:38.643000+00:00,,4,Kelani Ganga,Nagalagam Street,8f77e7cd-46be-4d4b-9e0b-d64ad3a912d4,7,5,1525745,0,1.8
2026-10-06T21:38:28.440000+00:00,,2026-10-06T21:38:28.440000+00:00,,4.4,Kirindi Oya,Wellawaya,83d4174b-6b2e-4abc-b52e-c79b5fd62aba,5.9,5.4,1525744,0,1.04
2026-10-06T21:38:27.943000+00:00,,2026-10-06T21:38:27.943000+00:00,,4,Nilwala Ganga,Pitabeddara,accc0b9e-7b6e-4fb6-a4cd-afa4d819ff6d,6.5,5,1525743,0,3.04
2026-10-06T21:37:48.614000+00:00,,2026-10-06T21:37:48.614000+00:00,,3,Kelani Ganga,Holombuwa,97c43c6e-4315-4ff5-8e24-6183e355c8c6,6,4,1525742,0,0.99
2026-10-06T21:37:47.405000+00:00,,2026-10-06T21:37:47.405000+00:00,,3,Kelani Ganga,Holombuwa,18b4b4f3-203f-434f-bcc2-59063a62482f,6,4,1525741,0,0.99
2026-10-06T21:37:40.953000+00:00,,2026-10-06T21:37:40.953000+00:00,,5.2,Kalu Ganga,Rathnapura,613bcfb2-c599-489c-882d-60383b146a20,9.5,7.5,1525740,0,1.7
2026-10-06T21:37:18.020000+00:00,,2026-10-06T21:37:18.020000+00:00,,3.5,Gin Ganga,Baddegama,1a9e728f-1f23-4e73-a053-8aebbfdc4d79,5,4,1525739,0,2.08
2026-10-06T21:36:54.882000+00:00,,2026-10-06T21:36:54.882000+00:00,,4,Kirindi Oya,Thanamalwila,57e54e6e-c805-460c-a9e3-731ca98f0a2f,5.5,5,1525738,0,0.63
2026-10-06T21:36:28.578000+00:00,,2026-10-06T21:36:28.578000+00:00,,5.2,Kalu Ganga,Rathnapura,028373c0-fe7b-4dfc-8718-117f2564acf9,9.5,7.5,1525737,0,1.7
2026-10-06T21:36:26.195000+00:00,,2026-10-06T21:36:26.195000+00:00,,6.5,Kelani Ganga,Hanwella,feb147ac-ce26-49a6-a8d1-409b552acd84,9.5,7.5,1525736,0,2.77
2026-10-06T21:35:36.040000+00:00,,2026-10-06T21:35:36.040000+00:00,,5,Nilwala Ganga,Panadugama,b31877b7-b858-4d52-aae7-5bcc845b3417,7.5,6,1525735,0,5.52
2026-10-06T21:35:33.342000+00:00,,2026-10-06T21:35:33.342000+00:00,,2.5,Nilwala Ganga,Urawa,e245f912-14e6-45a5-aac2-2011690a1914,6,4,1525734,0,0.47
2026-10-06T21:35:29.937000+00:00,,2026-10-06T21:35:29.937000+00:00,,5,Maha Oya,Badalgama,31514551-d511-4d85-98e0-522402f26ea5,9.6,6.2,1525733,0,2.64
2026-10-06T21:35:13.870000+00:00,,2026-10-06T21:35:13.870000+00:00,,4.75,Deduru Oya,Moragaswewa,c44e896a-4e08-41b0-addc-1484373f4e92,7,6,1525732,0,0
2026-10-06T21:35:12.054000+00:00,,2026-10-06T21:35:12.054000+00:00,,15,Kelani Ganga,Glencourse,b9bbc24d-eed0-4d88-9824-2a5a39df9669,19,15.5,1525731,0,10.95
2026-10-06T21:35:00.439000+00:00,,2026-10-06T21:35:00.439000+00:00,,5,Mahaweli Ganga,Peradeniya,a5b0b632-ca9c-46f3-a6c8-e2f4433c7cec,9,7,1525730,0,2.95
2026-10-06T21:34:46.438000+00:00,,2026-10-06T21:34:46.438000+00:00,,5,Kumbukkan Oya,Nakkala,dfa86cdc-7dba-46b6-88be-1190348c074c,7.5,6,1525729,0,1.1
2026-10-06T21:34:45.108000+00:00,,2026-10-06T21:34:45.108000+00:00,,4.5,Heda Oya,Siyambalanduwa,491d3e6a-85da-4baa-a2c5-e1523711c0ee,7,6,1525728,0,0.26
2026-10-06T21:34:35.568000+00:00,,2026-10-06T21:34:35.568000+00:00,,3,Walawe Ganga,Moraketiya,16469eab-19af-4427-a898-a46f7bd5a7b5,7,5,1525727,0,0.96
2026-10-06T21:34:29.125000+00:00,,2026-10-06T21:34:29.125000+00:00,,6.9,Kirindi Oya,Kuda Oya,9852d629-21d8-4fe5-a614-3b11963bd5a5,8.8,8.4,1525726,0,1.08
2026-10-06T21:34:07.047000+00:00,,2026-10-06T21:34:07.047000+00:00,,5.5,Maha Oya,Giriulla,a2e42589-4592-4ac0-9eac-45a058e674ad,7.5,6.5,1525725,0,1.71
2026-10-06T21:34:05.762000+00:00,,2026-10-06T21:34:05.762000+00:00,,1.4,Nilwala Ganga,Thalgahagoda,756897a9-60f0-496e-b200-79315e441d40,2.8,1.7,1525724,0,0.8
2026-10-06T21:33:57.227000+00:00,,2026-10-06T21:33:57.227000+00:00,,6,Yan Oya,Horowpothana,c6f3dfc4-2c52-428c-970f-e1ec337fc006,10.5,7.5,1525723,0,1.66
2026-10-06T21:33:36.929000+00:00,,2026-10-06T21:33:36.929000+00:00,,1.5,Kelani Ganga,Norwood,04142193-c1a2-457e-a8f1-fb9cb4303d78,4.5,3,1525722,0,0.9
2026-10-06T21:33:01.824000+00:00,,2026-10-06T21:33:01.824000+00:00,,5,Kalu Ganga,Kalawellawa (Millakanda),9de07843-383c-4aae-b394-a11f206a3d58,8,6.5,1525721,0,3.2
2026-10-06T21:32:54.894000+00:00,,2026-10-06T21:32:54.894000+00:00,,3,Kelani Ganga,Kithulgala,4f746815-f2c3-4cdb-bdb1-85c70eadd662,6,4,1525720,0,2.13
2026-10-06T21:32:35.267000+00:00,,2026-10-06T21:32:35.267000+00:00,,4,Menik Ganga,Katharagama,755ccc3f-23c0-4458-a784-a5a85bef6550,6.5,4.6,1525719,0,-0.25
2026-10-06T21:32:24.033000+00:00,,2026-10-06T21:32:24.033000+00:00,,3,Mahaweli Ganga,Thaldena,312e2e8a-4b21-43cc-bd9d-f947a9884eef,5,4,1525718,0,0.18
2026-10-06T21:32:01.239000+00:00,,2026-10-06T21:32:01.239000+00:00,,3,Mahaweli Ganga,Thaldena,ba7cdaa8-cea9-447e-b8c7-6175e074eb99,5,4,1525717,0,0.18
2026-10-06T21:31:41.659000+00:00,,2026-10-06T21:31:41.659000+00:00,,4,Ma Oya,Yaka Wewa,bf535987-2007-431b-8b13-446ac917bf77,6,5,1525716,0,0.4
2026-10-06T21:31:32.069000+00:00,,2026-10-06T21:31:32.069000+00:00,,3.5,Mahaweli Ganga,Nawalapitiya,66169907-840c-4dab-851d-1341f5e2e2b4,6,5,1525715,0,1.34
2026-10-06T21:30:58.935000+00:00,,2026-10-06T21:30:58.935000+00:00,,3,Mahaweli Ganga,Manampitiya,0fbd5611-e4e8-4f98-8d89-d6f71ca14745,6,4.3,1525714,0,0.2
2026-10-06T21:30:53.117000+00:00,,2026-10-06T21:30:53.117000+00:00,,,Gal Oya,Ampara,d8664760-0e29-47f9-a716-68cf39fbd017,,,1525713,0,0
2026-10-06T21:16:42.455000+00:00,,2026-10-06T21:16:42.455000+00:00,,4.8,Kelani Ganga,Deraniyagala,a52e95cd-d3c4-48e2-a60e-0c0447b751b6,7,5.8,1525712,0,0.95
2026-10-06T21:00:15.441000+00:00,,2026-10-06T21:00:15.441000+00:00,,2.5,Nilwala Ganga,Urawa,312ba7c0-80b8-41e5-98f7-b18ff49e227e,6,4,1525710,0,0.48
2026-10-06T20:48:49.334000+00:00,,2026-10-06T20:48:49.334000+00:00,,5,Nilwala Ganga,Panadugama,5ca8c42d-d122-4275-831d-db61382232d2,7.5,6,1525709,0,5.38
2026-10-06T20:46:38.322000+00:00,,2026-10-06T20:46:38.322000+00:00,,4,Kelani Ganga,Nagalagam Street,02ed11d3-07f0-4601-a230-62649ecbbe5d,7,5,1525708,0,2.1
2026-10-06T20:41:42.343000+00:00,,2026-10-06T20:41:42.343000+00:00,,1.4,Nilwala Ganga,Thalgahagoda,2a4fa74d-62f3-427c-9358-fbee88ba8131,2.8,1.7,1525707,0,0.77
2026-10-06T20:37:14.706000+00:00,,2026-10-06T20:37:14.706000+00:00,,3,Kalu Ganga,Putupaula,bc690cad-9b6c-4bcf-bace-6ea183fdd305,5,4,1525706,0,0.82
2026-10-06T20:35:43.490000+00:00,,2026-10-06T20:35:43.490000+00:00,,4,Nilwala Ganga,Pitabeddara,69cf9474-1091-4649-a338-5ebf322c28cc,6.5,5,1525705,0,2.98
2026-10-06T20:35:19.904000+00:00,,2026-10-06T20:35:19.904000+00:00,,6.5,Kelani Ganga,Hanwella,d4fea586-fafb-4d70-a29b-1795b859df44,9.5,7.5,1525704,0,2.79
2026-10-06T20:35:05.735000+00:00,,2026-10-06T20:35:05.735000+00:00,,15,Kelani Ganga,Glencourse,ecc775ce-5582-4c6e-9774-64be2e4f813f,19,15.5,1525703,0,10.9
2026-10-06T20:34:58.592000+00:00,,2026-10-06T20:34:58.592000+00:00,,4,Gin Ganga,Thawalama,88fffb52-00a4-4acc-b6e4-d9c8299463e6,7.5,6,1525702,0,2.63
2026-10-06T20:34:35.085000+00:00,,2026-10-06T20:34:35.085000+00:00,,5.5,Maha Oya,Giriulla,20830dfb-02b3-4a95-b5b2-df66cc526bcb,7.5,6.5,1525701,0,1.63
2026-10-06T20:34:19.087000+00:00,,2026-10-06T20:34:19.087000+00:00,,3,Mahaweli Ganga,Manampitiya,44e5aad7-9155-4de5-9463-d17802957ecf,6,4.3,1525700,0,0.24
2026-10-06T20:34:18.354000+00:00,,2026-10-06T20:34:18.354000+00:00,,3,Kelani Ganga,Kithulgala,8cd22933-32b1-40a6-9e12-7fa09de847f3,6,4,1525699,0,2.05
2026-10-06T20:34:06.203000+00:00,,2026-10-06T20:34:06.203000+00:00,,4,Menik Ganga,Katharagama,c57c5fe8-f605-4410-9645-ba4fdd8621db,6.5,4.6,1525698,0,-0.25
2026-10-06T20:34:02.154000+00:00,,2026-10-06T20:34:02.154000+00:00,,3.3,Aththanagalu Oya,Dunamale,131c4585-a30a-45d7-bdc9-5536260b4edc,5.5,4.4,1525697,0,2.1
2026-10-06T20:33:27.098000+00:00,,2026-10-06T20:33:27.098000+00:00,,1.5,Kelani Ganga,Norwood,879db8fe-bcf1-411a-823a-9703f37e1f22,4.5,3,1525696,0,0.9
2026-10-06T20:33:10.701000+00:00,,2026-10-06T20:33:10.701000+00:00,,5,Maha Oya,Badalgama,066e3fc8-b1aa-4393-a543-e8597fd2b76d,9.6,6.2,1525695,0,2.63
2026-10-06T20:33:09.053000+00:00,,2026-10-06T20:33:09.053000+00:00,,4,Kirindi Oya,Thanamalwila,abf1dd74-8c06-4cf5-b60e-8508123603d7,5.5,5,1525694,0,0.58
2026-10-06T20:33:05.016000+00:00,,2026-10-06T20:33:05.016000+00:00,,3.5,Gin Ganga,Baddegama,29ddff47-858a-4cb3-9980-67ba1ce0e67a,5,4,1525693,0,1.97
2026-10-06T20:32:56.702000+00:00,,2026-10-06T20:32:56.702000+00:00,,5,Mahaweli Ganga,Peradeniya,f2c20482-02aa-4880-ba20-03c74ac5b1ce,9,7,1525692,0,2.96
2026-10-06T20:32:50.319000+00:00,,2026-10-06T20:32:50.319000+00:00,,4.4,Kirindi Oya,Wellawaya,15ab5970-eee9-4a9f-829a-52d45467106d,5.9,5.4,1525691,0,1.1
2026-10-06T20:32:36.412000+00:00,,2026-10-06T20:32:36.412000+00:00,,5.2,Kalu Ganga,Rathnapura,848da744-87e1-40c8-80a5-f9ac9bf5fbe4,9.5,7.5,1525690,0,1.7
2026-10-06T20:32:22.144000+00:00,,2026-10-06T20:32:22.144000+00:00,,10,Kalu Ganga,Ellagawa,68c772da-d1be-4fc0-9ed8-6ded0474c590,12.2,10.7,1525689,0,5.52
2026-10-06T20:32:12.241000+00:00,,2026-10-06T20:32:12.241000+00:00,,4.5,Heda Oya,Siyambalanduwa,6f01bfe1-f69e-477b-a2c2-48b5b1bfa989,7,6,1525688,0,0.26
2026-10-06T20:32:05.267000+00:00,,2026-10-06T20:32:05.267000+00:00,,5,Kumbukkan Oya,Nakkala,fb8567af-2162-4802-afd0-27bf13956744,7.5,6,1525687,0,1.06
2026-10-06T20:32:02.271000+00:00,,2026-10-06T20:32:02.271000+00:00,,4,Ma Oya,Yaka Wewa,c68e5534-ecb7-4e73-906b-e781760c54da,6,5,1525686,0,0.4
2026-10-06T20:31:57.783000+00:00,,2026-10-06T20:31:57.783000+00:00,,6.9,Kirindi Oya,Kuda Oya,18ddafaa-0eae-4f6f-8b57-7c43e99742db,8.8,8.4,1525685,0,1.08
2026-10-06T20:31:56.675000+00:00,,2026-10-06T20:31:56.675000+00:00,,6,Yan Oya,Horowpothana,7f4f4302-5fc7-4a29-82f3-24ff1fc78395,10.5,7.5,1525684,0,1.67
2026-10-06T20:31:26.485000+00:00,,2026-10-06T20:31:26.485000+00:00,,5,Kalu Ganga,Kalawellawa (Millakanda),b1a82191-bc80-4734-9c7e-9472fef74cf0,8,6.5,1525683,0,3.24
2026-10-06T20:31:12.269000+00:00,,2026-10-06T20:31:12.269000+00:00,,3,Walawe Ganga,Moraketiya,f06c20b1-5e42-4778-ae8d-d0dda3e5cb26,7,5,1525682,0,0.96
2026-10-06T20:31:05.894000+00:00,,2026-10-06T20:31:05.894000+00:00,,3,Mahaweli Ganga,Thaldena,12c00036-e2ed-42ce-a6c6-8a0441cc9b04,5,4,1525681,0,0.18
2026-10-06T20:30:53.600000+00:00,,2026-10-06T20:30:53.600000+00:00,,3.5,Mahaweli Ganga,Nawalapitiya,d1f6483f-e607-40e3-94ba-22a4ee9b182f,6,5,1525680,0,1.35
2026-10-06T20:30:45.896000+00:00,,2026-10-06T20:30:45.896000+00:00,,,Gal Oya,Ampara,76f3adcd-dbbf-4dd2-8131-05a35f8ae2d4,,,1525679,0,0
2026-10-06T20:27:19.824000+00:00,,2026-10-06T20:27:19.824000+00:00,,4,Kalu Ganga,Magura,bffd4145-26e8-4b1a-b53c-95fad453804f,7.5,6,1525678,0,2.24
2026-10-06T19:51:51.074000+00:00,,2026-10-06T19:51:51.074000+00:00,,5.2,Kalu Ganga,Rathnapura,6669cad7-5f3b-4ce7-b621-daa3066b8cac,9.5,7.5,1525677,0,1.71
2026-10-06T19:45:36.356000+00:00,,2026-10-06T19:45:36.356000+00:00,,2.5,Nilwala Ganga,Urawa,527f1900-23ce-4423-b351-d04cf672c934,6,4,1525676,0,0.48
2026-10-06T19:42:11.467000+00:00,,2026-10-06T19:42:11.467000+00:00,,6.5,Kelani Ganga,Hanwella,b1b6db8d-aa97-42ca-bfb5-d86c580597b6,9.5,7.5,1525675,0,2.83
2026-10-06T19:39:27.001000+00:00,,2026-10-06T19:39:27.001000+00:00,,3,Kalu Ganga,Putupaula,99811b47-932a-457a-94d2-5cdfbbb3d9ca,5,4,1525674,0,0.67
2026-10-06T19:39:10.644000+00:00,,2026-10-06T19:39:10.644000+00:00,,4,Nilwala Ganga,Pitabeddara,cc43e5e0-a61c-4417-b231-b741d48fd540,6.5,5,1525673,0,2.85
2026-10-06T19:37:30.003000+00:00,,2026-10-06T19:37:30.003000+00:00,,3,Walawe Ganga,Moraketiya,40ed36b6-842d-4e73-8f99-90e0c6f86b66,7,5,1525672,0,0.96
2026-10-06T19:36:36.092000+00:00,,2026-10-06T19:36:36.092000+00:00,,3,Kelani Ganga,Holombuwa,1aa49b23-9b47-4aca-a719-cea2e13550d1,6,4,1525671,0,0.97
2026-10-06T19:36:29.231000+00:00,,2026-10-06T19:36:29.231000+00:00,,3,Mahaweli Ganga,Manampitiya,e4c09c57-fcb2-4db0-b29d-f9c8961c6f4a,6,4.3,1525670,0,0.24
2026-10-06T19:35:23.622000+00:00,,2026-10-06T19:35:23.622000+00:00,,1.4,Nilwala Ganga,Thalgahagoda,53ddf7e6-d17d-4e34-8ad4-449686bd2812,2.8,1.7,1525669,0,0.72
2026-10-06T19:34:47.195000+00:00,,2026-10-06T19:34:47.195000+00:00,,3.5,Gin Ganga,Baddegama,fee433a2-bfb9-4fcf-a128-5413749cefeb,5,4,1525668,0,1.89
2026-10-06T19:34:40.547000+00:00,,2026-10-06T19:34:40.547000+00:00,,4,Gin Ganga,Thawalama,26b3a0ec-15d5-4165-acaa-05c7cbe3be0b,7.5,6,1525667,0,2.68
2026-10-06T19:33:58.433000+00:00,,2026-10-06T19:33:58.433000+00:00,,1.5,Kelani Ganga,Norwood,9def768c-835b-4187-9428-b943a6fb6f62,4.5,3,1525666,0,0.91
2026-10-06T19:33:48.802000+00:00,,2026-10-06T19:33:48.802000+00:00,,4,Kelani Ganga,Nagalagam Street,7dc4d7f6-ffab-4a0c-aa42-ac6282b47e18,7,5,1525665,0,2.3
2026-10-06T19:33:45.338000+00:00,,2026-10-06T19:33:45.338000+00:00,,5.5,Maha Oya,Giriulla,b2dabe63-d147-420c-a183-3b7d0b564852,7.5,6.5,1525664,0,1.55
2026-10-06T19:33:33.570000+00:00,,2026-10-06T19:33:33.570000+00:00,,5,Mahaweli Ganga,Peradeniya,a04fbe9a-595d-45eb-9bef-ba9889c95ead,9,7,1525663,0,3.04
2026-10-06T19:33:29.433000+00:00,,2026-10-06T19:33:29.433000+00:00,,3.3,Aththanagalu Oya,Dunamale,440baeab-5f0e-45f6-bad1-bcfe455734ff,5.5,4.4,1525662,0,2
2026-10-06T19:33:27.876000+00:00,,2026-10-06T19:33:27.876000+00:00,,4,Menik Ganga,Katharagama,1c76d96c-34e5-4564-bcf5-ebf296142b6a,6.5,4.6,1525661,0,0.25
2026-10-06T19:32:59.913000+00:00,,2026-10-06T19:32:59.913000+00:00,,5,Maha Oya,Badalgama,a797bb78-13f4-4aea-8bb5-810dff8d418d,9.6,6.2,1525660,0,2.63
2026-10-06T19:32:48.307000+00:00,,2026-10-06T19:32:48.307000+00:00,,4.75,Deduru Oya,Moragaswewa,e42899e1-d91d-4af8-a85d-6c291d09278e,7,6,1525659,0,0
2026-10-06T19:32:32.105000+00:00,,2026-10-06T19:32:32.105000+00:00,,5,Kumbukkan Oya,Nakkala,009e8eda-0153-4cd2-8d6c-e2778ece5435,7.5,6,1525658,0,0.66
2026-10-06T19:32:30.050000+00:00,,2026-10-06T19:32:30.050000+00:00,,4,Kirindi Oya,Thanamalwila,a8b98dce-1533-4970-8f13-ecccd960a3bf,5.5,5,1525657,0,0.58
2026-10-06T19:32:25.285000+00:00,,2026-10-06T19:32:25.285000+00:00,,3,Kelani Ganga,Kithulgala,3e5e0c31-975c-4e31-b70b-fdab7c0ddd18,6,4,1525656,0,2.15
2026-10-06T19:32:08.233000+00:00,,2026-10-06T19:32:08.233000+00:00,,4.8,Kelani Ganga,Deraniyagala,e433fd4b-14d2-4897-ad3e-fa4d06edb45d,7,5.8,1525655,0,0.98
2026-10-06T19:32:02.567000+00:00,,2026-10-06T19:32:02.567000+00:00,,5,Nilwala Ganga,Panadugama,a1c96fa8-493b-48d3-83c4-19c98cdc6f79,7.5,6,1525654,0,5.06
2026-10-06T19:31:53.259000+00:00,,2026-10-06T19:31:53.259000+00:00,,4,Ma Oya,Yaka Wewa,186286a0-725e-4724-971b-14fbf9afb863,6,5,1525653,0,0.4
2026-10-06T19:31:44.661000+00:00,,2026-10-06T19:31:44.661000+00:00,,10,Kalu Ganga,Ellagawa,fb0e55c1-be65-4d1e-ad9c-57605c317a82,12.2,10.7,1525652,0,5.57
2026-10-06T19:31:34+00:00,,2026-10-06T19:31:34+00:00,,4.5,Heda Oya,Siyambalanduwa,b32b4087-34ac-434d-b143-d14541bbe7fc,7,6,1525651,0,0.26
2026-10-06T19:31:32.758000+00:00,,2026-10-06T19:31:32.758000+00:00,,5,Kalu Ganga,Kalawellawa (Millakanda),9dd8e298-1d5b-4db3-b0d7-598bcafb6443,8,6.5,1525650,0,3.28
2026-10-06T19:31:21.491000+00:00,,2026-10-06T19:31:21.491000+00:00,,6.9,Kirindi Oya,Kuda Oya,3a8ee42b-a9c8-48fb-9759-25236d88479c,8.8,8.4,1525649,0,1.07
2026-10-06T19:31:01.926000+00:00,,2026-10-06T19:31:01.926000+00:00,,6,Yan Oya,Horowpothana,b4626ccd-f4b3-465f-8f75-4ab71bf46ce5,10.5,7.5,1525648,0,1.67
2026-10-06T19:30:33.855000+00:00,,2026-10-06T19:30:33.855000+00:00,,,Gal Oya,Ampara,58e8ccb0-1b0d-4b7b-9ad7-2bce2110521c,,,1525647,0,0
2026-10-06T19:30:32.170000+00:00,,2026-10-06T19:30:32.170000+00:00,,3.5,Mahaweli Ganga,Nawalapitiya,d55caafc-9ec5-4b81-8cb5-700217e5e008,6,5,1525646,0,1.37
2026-10-06T19:30:13.780000+00:00,,2026-10-06T19:30:13.780000+00:00,,15,Kelani Ganga,Glencourse,43c51fa1-bf97-4c07-b0b2-0c9c20f8559d,19,15.5,1525645,0,10.9
2026-10-06T18:46:31.530000+00:00,,2026-10-06T18:46:31.530000+00:00,,4,Gin Ganga,Thawalama,e6d8a3e2-713b-4cf2-84b9-e66d0e3d8740,7.5,6,1525643,0,2.71
2026-10-06T18:45:01.940000+00:00,,2026-10-06T18:45:01.940000+00:00,,10,Kalu Ganga,Ellagawa,deef87fc-413e-4cc0-bd32-c4b338dc673e,12.2,10.7,1525642,0,5.61
2026-10-06T18:44:49.219000+00:00,,2026-10-06T18:44:49.219000+00:00,,5.2,Kalu Ganga,Rathnapura,476980ff-b9e6-4645-8a40-3d73e04a1464,9.5,7.5,1525641,0,1.7
2026-10-06T18:41:40.601000+00:00,,2026-10-06T18:41:40.601000+00:00,,5,Nilwala Ganga,Panadugama,873ddd5c-027c-4d62-8521-bad0e69ffdc0,7.5,6,1525640,0,4.77
2026-10-06T18:38:57.552000+00:00,,2026-10-06T18:38:57.552000+00:00,,3,Kalu Ganga,Putupaula,17aab915-40b6-4627-89ea-1feb540f90e8,5,4,1525639,0,0.57
2026-10-06T18:36:59.144000+00:00,,2026-10-06T18:36:59.144000+00:00,,2.5,Nilwala Ganga,Urawa,e4cf49de-0700-46c4-b15b-39aac15bf612,6,4,1525638,0,0.48
2026-10-06T18:36:55.559000+00:00,,2026-10-06T18:36:55.559000+00:00,,3.5,Gin Ganga,Baddegama,d15c315a-3c89-4ac3-bc7d-0550b1922edd,5,4,1525637,0,1.86
2026-10-06T18:36:29.937000+00:00,,2026-10-06T18:36:29.937000+00:00,,5,Maha Oya,Badalgama,7acebbd2-cad1-45dd-bc5a-b7e4e96066f3,9.6,6.2,1525636,1.1,2.64
2026-10-06T18:36:11.527000+00:00,,2026-10-06T18:36:11.527000+00:00,,1.4,Nilwala Ganga,Thalgahagoda,458334fd-d839-4795-84f3-a6098184acfc,2.8,1.7,1525635,0,0.67
2026-10-06T18:36:00.796000+00:00,,2026-10-06T18:36:00.796000+00:00,,4,Menik Ganga,Katharagama,5e1fc70b-4579-4f7e-81b6-d45d067ea63f,6.5,4.6,1525634,0,-0.24
2026-10-06T18:35:34.332000+00:00,,2026-10-06T18:35:34.332000+00:00,,3,Kelani Ganga,Holombuwa,bd67a572-bc92-49c9-86a3-a3da60afb085,6,4,1525633,0,0.89
2026-10-06T18:35:33.062000+00:00,,2026-10-06T18:35:33.062000+00:00,,3,Mahaweli Ganga,Manampitiya,55347030-d138-4eb5-b3d2-937c975d9bda,6,4.3,1525632,0,0.23
2026-10-06T18:33:46.836000+00:00,,2026-10-06T18:33:46.836000+00:00,,5,Mahaweli Ganga,Peradeniya,59cfbb79-d2a0-4a08-9c4c-fa26ade76e1e,9,7,1525631,0,3.06
2026-10-06T18:33:45.363000+00:00,,2026-10-06T18:33:45.363000+00:00,,3.3,Aththanagalu Oya,Dunamale,0e18d906-9b43-4889-a8f5-b386ff2b14ce,5.5,4.4,1525630,0,1.88
2026-10-06T18:33:41.910000+00:00,,2026-10-06T18:33:41.910000+00:00,,4.8,Kelani Ganga,Deraniyagala,58996d5e-c4b8-455a-979c-81f12334e77d,7,5.8,1525629,0,1.06
2026-10-06T18:33:37.822000+00:00,,2026-10-06T18:33:37.822000+00:00,,4,Nilwala Ganga,Pitabeddara,75ac7888-37f0-4b77-aa13-16537fd386df,6.5,5,1525628,0,2.49
2026-10-06T18:33:32.208000+00:00,,2026-10-06T18:33:32.208000+00:00,,5.5,Maha Oya,Giriulla,cdb43841-3982-484a-8a35-36e74fcec1a3,7.5,6.5,1525627,0,1.48
2026-10-06T18:33:29.921000+00:00,,2026-10-06T18:33:29.921000+00:00,,4.5,Heda Oya,Siyambalanduwa,bc5dbd5a-cbd1-46b6-8786-9c01435085b4,7,6,1525626,0,0.26
2026-10-06T18:33:26.669000+00:00,,2026-10-06T18:33:26.669000+00:00,,6.5,Kelani Ganga,Hanwella,3c7b8a70-e6bd-44eb-b780-19be3246f902,9.5,7.5,1525625,0,2.86
2026-10-06T18:33:04.574000+00:00,,2026-10-06T18:33:04.574000+00:00,,3,Kelani Ganga,Kithulgala,dadad7fc-2877-46be-b6f2-6c397b6dc6a5,6,4,1525624,0,1.97
2026-10-06T18:33:01.044000+00:00,,2026-10-06T18:33:01.044000+00:00,,1.5,Kelani Ganga,Norwood,632a4fd8-0607-44a6-831d-41c1cbf05f69,4.5,3,1525623,0,0.91
2026-10-06T18:32:31.959000+00:00,,2026-10-06T18:32:31.959000+00:00,,5,Kumbukkan Oya,Nakkala,284fdb4a-5cb8-41c3-9abe-49b2d3b5aa5a,7.5,6,1525622,0,0.66
2026-10-06T18:32:28.557000+00:00,,2026-10-06T18:32:28.557000+00:00,,4.4,Kirindi Oya,Wellawaya,6a5fe818-fa7a-4c4f-9dad-e5f403003c02,5.9,5.4,1525621,0,1.17
2026-10-06T18:32:22.470000+00:00,,2026-10-06T18:32:22.470000+00:00,,4,Ma Oya,Yaka Wewa,0d3f332a-2d38-4dcb-81f7-d9f097dead3d,6,5,1525620,0,0.4
2026-10-06T18:32:00.785000+00:00,,2026-10-06T18:32:00.785000+00:00,,4,Kirindi Oya,Thanamalwila,b081cd64-7b19-40d2-960e-2db2ef925bcc,5.5,5,1525619,0,0.58
2026-10-06T18:31:59.132000+00:00,,2026-10-06T18:31:59.132000+00:00,,4,Maduru Oya,Padiyathalawa,985d79af-3b8c-4e79-81b5-d33951b3678d,6,4.5,1525618,0,0.1
2026-10-06T18:31:52.209000+00:00,,2026-10-06T18:31:52.209000+00:00,,15,Kelani Ganga,Glencourse,68f48562-a134-4498-a98b-329d635d2946,19,15.5,1525617,0,10.9
2026-10-06T18:31:49.752000+00:00,,2026-10-06T18:31:49.752000+00:00,,6.9,Kirindi Oya,Kuda Oya,21d5085e-a979-4bd5-97f2-14adbf5b1db1,8.8,8.4,1525616,0,1.07
2026-10-06T18:31:42.945000+00:00,,2026-10-06T18:31:42.945000+00:00,,5,Kalu Ganga,Kalawellawa (Millakanda),a50823c0-73c1-4fca-a60b-dbd5b5e3ca83,8,6.5,1525615,0,3.3
2026-10-06T18:31:36.455000+00:00,,2026-10-06T18:31:36.455000+00:00,,3.5,Mahaweli Ganga,Nawalapitiya,eba66833-c188-46a6-88aa-86268be070b2,6,5,1525614,0,1.38
2026-10-06T18:31:27.242000+00:00,,2026-10-06T18:31:27.242000+00:00,,6,Yan Oya,Horowpothana,1ed54bcc-4a85-4743-bfd4-eaba5c8aa086,10.5,7.5,1525613,0,1.67
2026-10-06T18:31:09.837000+00:00,,2026-10-06T18:31:09.837000+00:00,,3,Walawe Ganga,Moraketiya,04255355-7b41-4a0f-be8a-498b44b5a4a8,7,5,1525612,0,0.95
2026-10-06T18:30:59.310000+00:00,,2026-10-06T18:30:59.310000+00:00,,,Gal Oya,Ampara,e8ee5c08-a2ef-43f1-ad0c-cc40d297708a,,,1525611,0,0
2026-10-06T18:30:39.575000+00:00,,2026-10-06T18:30:39.575000+00:00,,3,Mahaweli Ganga,Thaldena,2362f02a-1ea2-4013-9676-a60a84b1f050,5,4,1525610,0,0.18
2026-10-06T17:38:15.187000+00:00,,2026-10-06T17:38:15.187000+00:00,,4,Kelani Ganga,Nagalagam Street,89b74a25-f30d-4530-89a2-aa54172151fd,7,5,1525609,0,2.3
2026-10-06T17:36:14.523000+00:00,,2026-10-06T17:36:14.523000+00:00,,4,Kalu Ganga,Magura,31800b34-710f-44c8-810f-5437a9065f12,7.5,6,1525608,0,2.17
2026-10-06T17:35:00.598000+00:00,,2026-10-06T17:35:00.598000+00:00,,5.2,Kalu Ganga,Rathnapura,29d552fc-970a-4104-9940-94fbaf440f6a,9.5,7.5,1525607,0,1.68
2026-10-06T17:34:59.397000+00:00,,2026-10-06T17:34:59.397000+00:00,,5,Maha Oya,Badalgama,e59602d6-9c35-4faf-b848-cf0278926ca5,9.6,6.2,1525606,0,2.65
2026-10-06T17:34:36.236000+00:00,,2026-10-06T17:34:36.236000+00:00,,4,Menik Ganga,Katharagama,8fc55bc9-9099-418c-b334-9809d57d6471,6.5,4.6,1525605,0,-0.24
2026-10-06T17:34:14.778000+00:00,,2026-10-06T17:34:14.778000+00:00,,4,Kirindi Oya,Thanamalwila,9be95067-26ab-4d2c-b94c-9a214d855136,5.5,5,1525604,0,0.59
2026-10-06T17:34:14.076000+00:00,,2026-10-06T17:34:14.076000+00:00,,5.5,Maha Oya,Giriulla,563565e5-c147-411f-a637-d0f0466da62a,7.5,6.5,1525603,2,1.44
2026-10-06T17:34:09.204000+00:00,,2026-10-06T17:34:09.204000+00:00,,4.75,Deduru Oya,Moragaswewa,da869598-234c-46f4-9788-33ea823c5661,7,6,1525602,0,0
2026-10-06T17:33:54.144000+00:00,,2026-10-06T17:33:54.144000+00:00,,3,Kelani Ganga,Holombuwa,9574fa7a-a5ae-4868-b34c-50849ce93717,6,4,1525601,0.6,0.86
2026-10-06T17:33:49.059000+00:00,,2026-10-06T17:33:49.059000+00:00,,1.5,Kelani Ganga,Norwood,7243f49e-ff34-41f1-8958-533590151aee,4.5,3,1525600,0,0.93
2026-10-06T17:33:44.058000+00:00,,2026-10-06T17:33:44.058000+00:00,,4,Nilwala Ganga,Pitabeddara,8c3898b5-8f98-4594-96b2-7e9e4f174747,6.5,5,1525599,0,1.86
2026-10-06T17:33:42.658000+00:00,,2026-10-06T17:33:42.658000+00:00,,6.5,Kelani Ganga,Hanwella,8becd777-9cd1-42f6-aef3-e1f0852d83fa,9.5,7.5,1525598,0,2.89
2026-10-06T17:33:42.261000+00:00,,2026-10-06T17:33:42.261000+00:00,,2.5,Nilwala Ganga,Urawa,613f29bd-9c02-48e1-86bd-2e8e4c968a25,6,4,1525597,0,0.49
2026-10-06T17:33:39.329000+00:00,,2026-10-06T17:33:39.329000+00:00,,3.5,Gin Ganga,Baddegama,bed4e4ae-930f-4725-ac77-0db103d990ad,5,4,1525596,0,1.83
2026-10-06T17:33:32.525000+00:00,,2026-10-06T17:33:32.525000+00:00,,4.8,Kelani Ganga,Deraniyagala,da69f462-ef29-4b7e-93c5-1b9f26779d6a,7,5.8,1525595,0,1.08
2026-10-06T17:33:22.614000+00:00,,2026-10-06T17:33:22.614000+00:00,,4.4,Kirindi Oya,Wellawaya,4b60bf58-d23d-4fbf-b442-e781b75893fe,5.9,5.4,1525594,0,1.2
2026-10-06T17:33:20.868000+00:00,,2026-10-06T17:33:20.868000+00:00,,3,Mahaweli Ganga,Manampitiya,0638d535-196e-4c2d-a6d4-b0798b8a7952,6,4.3,1525593,0,0.25
2026-10-06T17:33:18.385000+00:00,,2026-10-06T17:33:18.385000+00:00,,3,Kelani Ganga,Kithulgala,537dbaba-320b-4486-a2c5-f8ec4c322959,6,4,1525592,0,2.05
2026-10-06T17:33:02.079000+00:00,,2026-10-06T17:33:02.079000+00:00,,4,Gin Ganga,Thawalama,df9a0c67-8c88-4ab7-95b6-853ab5b3be71,7.5,6,1525591,0,2.69
2026-10-06T17:32:27.062000+00:00,,2026-10-06T17:32:27.062000+00:00,,5,Mahaweli Ganga,Peradeniya,52d5650e-9719-4e3c-bb29-d76f73c8ce00,9,7,1525590,0,3.06
2026-10-06T17:32:07.815000+00:00,,2026-10-06T17:32:07.815000+00:00,,10,Kalu Ganga,Ellagawa,9762f302-7a86-4d38-bdc1-6741f8f60a58,12.2,10.7,1525589,0.6,5.65
2026-10-06T17:31:58.635000+00:00,,2026-10-06T17:31:58.635000+00:00,,4,Ma Oya,Yaka Wewa,b597ae6f-3b6d-4ea9-91a0-22a20c373210,6,5,1525588,0,0.4
2026-10-06T17:31:45.658000+00:00,,2026-10-06T17:31:45.658000+00:00,,5,Kumbukkan Oya,Nakkala,fd17befc-ae76-4519-978b-45bf4236d778,7.5,6,1525587,0,0.66
2026-10-06T17:31:43.438000+00:00,,2026-10-06T17:31:43.438000+00:00,,4.5,Heda Oya,Siyambalanduwa,7ceae554-b0a0-45e2-a8eb-c8e5ca2647a4,7,6,1525586,0,0.27
2026-10-06T17:31:30.139000+00:00,,2026-10-06T17:31:30.139000+00:00,,5,Kalu Ganga,Kalawellawa (Millakanda),cea52bf5-fad1-4dd9-98f5-9ec60f091fd8,8,6.5,1525585,0,3.34
2026-10-06T17:31:29.805000+00:00,,2026-10-06T17:31:29.805000+00:00,,4,Maduru Oya,Padiyathalawa,00b95ed1-421d-46f0-9cec-7c386d6b9f47,6,4.5,1525584,0,0.1
2026-10-06T17:31:23.946000+00:00,,2026-10-06T17:31:23.946000+00:00,,5,Nilwala Ganga,Panadugama,c158403d-fa49-4688-9280-5c4e8194726b,7.5,6,1525583,0,4.28
2026-10-06T17:31:17.638000+00:00,,2026-10-06T17:31:17.638000+00:00,,6.9,Kirindi Oya,Kuda Oya,fb531239-0d8e-4a91-b518-aa1695b2d1ff,8.8,8.4,1525582,0,1.07
2026-10-06T17:31:07.854000+00:00,,2026-10-06T17:31:07.854000+00:00,,15,Kelani Ganga,Glencourse,038d2878-00fa-456e-b066-59f0b6731ef1,19,15.5,1525581,0,10.9
2026-10-06T17:30:48.466000+00:00,,2026-10-06T17:30:48.466000+00:00,,,Gal Oya,Ampara,64327b07-0d95-46aa-924f-a3df44fb8809,,,1525580,0,0
2026-10-06T17:30:42.077000+00:00,,2026-10-06T17:30:42.077000+00:00,,6,Yan Oya,Horowpothana,aa923035-2166-4f1d-af32-9f5bbc16b8de,10.5,7.5,1525579,0,1.67
2026-10-06T17:30:35.226000+00:00,,2026-10-06T17:30:35.226000+00:00,,3,Mahaweli Ganga,Thaldena,2306de53-0949-4018-bafc-f3941cc0179a,5,4,1525578,0,0.17
2026-10-06T17:30:33.339000+00:00,,2026-10-06T17:30:33.339000+00:00,,3.5,Mahaweli Ganga,Nawalapitiya,ce94f356-83c9-48ec-8c7c-7ffa8aab943f,6,5,1525577,0,1.38
2026-10-06T17:12:26.575000+00:00,,2026-10-06T17:12:26.575000+00:00,,2.5,Nilwala Ganga,Urawa,a4e106dd-dc61-41e4-8883-1a2049df349c,6,4,1525576,0,0.49
2026-10-06T17:04:00.789000+00:00,,2026-10-06T17:04:00.789000+00:00,,3,Kalu Ganga,Putupaula,44dd600c-6dde-4127-b313-8f9c3a559f1a,5,4,1525575,0,0.7
2026-10-06T16:50:24.679000+00:00,,2026-10-06T16:50:24.679000+00:00,,4,Kalu Ganga,Magura,55039408-d072-485e-abbc-4cb40896ad95,7.5,6,1525574,0,2.12
2026-10-06T16:49:47.356000+00:00,,2026-10-06T16:49:47.356000+00:00,,4.4,Kirindi Oya,Wellawaya,4f2f4b78-247d-442a-8a4e-e230ee5420ea,5.9,5.4,1525573,0,1.12
2026-10-06T16:41:33.616000+00:00,,2026-10-06T16:41:33.616000+00:00,,1.5,Kelani Ganga,Norwood,fa289c68-a393-4642-a979-20d11d646e83,4.5,3,1525572,0,0.94
2026-10-06T16:40:47.366000+00:00,,2026-10-06T16:40:47.366000+00:00,,1.4,Nilwala Ganga,Thalgahagoda,813b7bcf-35d8-478a-8898-7a29bee9a09a,2.8,1.7,1525571,1,0.63
2026-10-06T16:37:59.310000+00:00,,2026-10-06T16:37:59.310000+00:00,,5,Nilwala Ganga,Panadugama,b213514d-a9e7-4f3d-a233-ddf64cd2b7aa,7.5,6,1525570,0.7,3.9
2026-10-06T16:37:43.709000+00:00,,2026-10-06T16:37:43.709000+00:00,,4,Kelani Ganga,Nagalagam Street,5994e62d-b9c8-47a8-aaf8-a2e8a91cb52d,7,5,1525569,0,2.1
2026-10-06T16:37:14.941000+00:00,,2026-10-06T16:37:14.941000+00:00,,5.2,Kalu Ganga,Rathnapura,9e8bf5d4-7193-4d84-b65c-d12be988f910,9.5,7.5,1525568,0,1.63
2026-10-06T16:37:06.696000+00:00,,2026-10-06T16:37:06.696000+00:00,,5,Maha Oya,Badalgama,57613981-e57a-4c57-9dbd-b05f227a5378,9.6,6.2,1525567,11,2.67
2026-10-06T16:35:51.862000+00:00,,2026-10-06T16:35:51.862000+00:00,,3,Kelani Ganga,Holombuwa,6c392f63-4845-4036-a071-5d89db1e8a62,6,4,1525566,2,0.85
2026-10-06T16:35:34.520000+00:00,,2026-10-06T16:35:34.520000+00:00,,5,Kalu Ganga,Kalawellawa (Millakanda),8089f5fa-aea4-406d-89c4-ca9b211018bf,8,6.5,1525565,0,3.38
2026-10-06T16:35:32.753000+00:00,,2026-10-06T16:35:32.753000+00:00,,4,Kirindi Oya,Thanamalwila,56341674-da70-4af8-9b68-2459af5c2d74,5.5,5,1525564,0,0.6
2026-10-06T16:35:21.882000+00:00,,2026-10-06T16:35:21.882000+00:00,,5.5,Maha Oya,Giriulla,c2ea0d4f-7b19-46eb-83d6-521e1c80e261,7.5,6.5,1525563,10.4,1.41
2026-10-06T16:35:01.886000+00:00,,2026-10-06T16:35:01.886000+00:00,,1.5,Kelani Ganga,Norwood,0968566a-0db1-4d7c-9b3e-68dff2ec8fa2,4.5,3,1525562,0,0.94
2026-10-06T16:34:40.759000+00:00,,2026-10-06T16:34:40.759000+00:00,,3.5,Gin Ganga,Baddegama,bf5e8d41-e103-457b-bbee-112238e34308,5,4,1525561,0,1.8
2026-10-06T16:34:28.502000+00:00,,2026-10-06T16:34:28.502000+00:00,,6.5,Kelani Ganga,Hanwella,b9234461-a808-49d2-bc1d-f98997b74aa6,9.5,7.5,1525560,0.2,2.9
2026-10-06T16:33:57.435000+00:00,,2026-10-06T16:33:57.435000+00:00,,5,Kumbukkan Oya,Nakkala,1fd95a77-ca97-4289-908b-9ec61a91f4a3,7.5,6,1525559,0,0.66
2026-10-06T16:33:55.607000+00:00,,2026-10-06T16:33:55.607000+00:00,,4.4,Kirindi Oya,Wellawaya,e05acc85-d141-4e99-82f1-30b5ec4bc429,5.9,5.4,1525558,0,1.12
2026-10-06T16:33:37.568000+00:00,,2026-10-06T16:33:37.568000+00:00,,4,Menik Ganga,Katharagama,1b3dc9d1-336f-4a68-bc0f-37f85e725016,6.5,4.6,1525557,0,-0.24
2026-10-06T16:33:34.097000+00:00,,2026-10-06T16:33:34.097000+00:00,,10,Kalu Ganga,Ellagawa,e5f7e82c-4e6f-45ca-bc84-797532f376b6,12.2,10.7,1525556,1.4,5.67
2026-10-06T16:33:27.027000+00:00,,2026-10-06T16:33:27.027000+00:00,,3.3,Aththanagalu Oya,Dunamale,75a4735d-d2cf-4eb9-97b7-94aa01327570,5.5,4.4,1525555,0,1.85
2026-10-06T16:32:40.509000+00:00,,2026-10-06T16:32:40.509000+00:00,,3,Mahaweli Ganga,Manampitiya,cc433470-99c0-421d-9cac-188eeced875a,6,4.3,1525554,0,0.21
2026-10-06T16:32:39.001000+00:00,,2026-10-06T16:32:39.001000+00:00,,4.5,Heda Oya,Siyambalanduwa,27ac1d10-6548-43d3-b4f9-8500c12b8ae3,7,6,1525553,0,0.27
2026-10-06T16:32:32.946000+00:00,,2026-10-06T16:32:32.946000+00:00,,4.8,Kelani Ganga,Deraniyagala,85c4cde5-d661-4a42-aa61-5c2f68e6e611,7,5.8,1525552,0,0.98
2026-10-06T16:32:24.031000+00:00,,2026-10-06T16:32:24.031000+00:00,,3,Kelani Ganga,Kithulgala,e1538df0-18b0-4882-8e36-a8f908e21cc9,6,4,1525551,0,2.1
2026-10-06T16:32:23.868000+00:00,,2026-10-06T16:32:23.868000+00:00,,4.75,Deduru Oya,Moragaswewa,814221d2-ef13-4d52-91e7-a403a8b1aa1e,7,6,1525550,0,0.01
2026-10-06T16:32:18.901000+00:00,,2026-10-06T16:32:18.901000+00:00,,4,Nilwala Ganga,Pitabeddara,c699e8fe-4485-4eb9-b1bd-ca5eb82ab5b4,6.5,5,1525549,0,1.26
2026-10-06T16:32:11.046000+00:00,,2026-10-06T16:32:11.046000+00:00,,15,Kelani Ganga,Glencourse,dfde679f-f7d1-4532-9365-a5d696a316e3,19,15.5,1525548,0,10.9
2026-10-06T16:32:09.704000+00:00,,2026-10-06T16:32:09.704000+00:00,,3,Mahaweli Ganga,Thaldena,608c1397-a938-446e-b534-3beebba649c5,5,4,1525547,0,0.17
2026-10-06T16:31:52.165000+00:00,,2026-10-06T16:31:52.165000+00:00,,,Gal Oya,Ampara,43bdd618-3c01-40e6-8df5-f0ece99d5d31,,,1525546,0,0
2026-10-06T16:31:43.683000+00:00,,2026-10-06T16:31:43.683000+00:00,,5,Mahaweli Ganga,Peradeniya,c1c4c92f-5c87-41d2-ab01-5cb69dc8c4b1,9,7,1525545,0,3.18
2026-10-06T16:31:21.484000+00:00,,2026-10-06T16:31:21.484000+00:00,,4,Ma Oya,Yaka Wewa,ff0c1843-d31f-4355-b093-72aa77cee73a,6,5,1525544,0,0.4
2026-10-06T16:31:19.605000+00:00,,2026-10-06T16:31:19.605000+00:00,,3.5,Mahaweli Ganga,Nawalapitiya,dbe96255-9aac-45f8-b184-24ee3d6551e6,6,5,1525543,0,1.37
2026-10-06T16:31:12.334000+00:00,,2026-10-06T16:31:12.334000+00:00,,6.9,Kirindi Oya,Kuda Oya,70ce829e-d945-4ce7-9812-756f89a25aad,8.8,8.4,1525542,0,1.06
2026-10-06T16:31:05.209000+00:00,,2026-10-06T16:31:05.209000+00:00,,4,Maduru Oya,Padiyathalawa,3bc2244e-08d4-459a-a551-26654abac5a5,6,4.5,1525541,0,0.1
2026-10-06T16:30:49.248000+00:00,,2026-10-06T16:30:49.248000+00:00,,4,Gin Ganga,Thawalama,b06a81e6-1e73-4076-acd4-53bd8228f195,7.5,6,1525540,1.2,2.65
2026-10-06T16:30:39.046000+00:00,,2026-10-06T16:30:39.046000+00:00,,6,Yan Oya,Horowpothana,02d4e85e-fb27-4c25-820f-52cc75747837,10.5,7.5,1525539,0,1.67
2026-10-06T16:30:36.537000+00:00,,2026-10-06T16:30:36.537000+00:00,,3,Walawe Ganga,Moraketiya,b3955cae-3b1c-4067-845b-ac2229b26130,7,5,1525538,0,0.94
2026-10-06T15:40:09.139000+00:00,,2026-10-06T15:40:09.139000+00:00,,3,Kalu Ganga,Putupaula,abc6acf8-a626-458c-8125-756050b1201f,5,4,1525537,1.4,0.74
2026-10-06T15:38:41.378000+00:00,,2026-10-06T15:38:41.378000+00:00,,4,Kelani Ganga,Nagalagam Street,b02aa8f2-6e7d-4a3d-a2d3-661d9024feeb,7,5,1525536,0,1.9
2026-10-06T15:38:33.736000+00:00,,2026-10-06T15:38:33.736000+00:00,,5.2,Kalu Ganga,Rathnapura,b2f28dee-e639-4856-815e-fa323ce40f31,9.5,7.5,1525535,0,1.56
2026-10-06T15:37:50.200000+00:00,,2026-10-06T15:37:50.200000+00:00,,5,Kumbukkan Oya,Nakkala,8ee81b41-a2fb-4330-af39-59868733c66c,7.5,6,1525534,0,0.66
2026-10-06T15:37:35.141000+00:00,,2026-10-06T15:37:35.141000+00:00,,5,Kalu Ganga,Kalawellawa (Millakanda),214f676f-6652-460d-bd9c-b11fa3813a8d,8,6.5,1525533,0,3.4
2026-10-06T15:37:11.035000+00:00,,2026-10-06T15:37:11.035000+00:00,,5,Nilwala Ganga,Panadugama,e963c580-7dda-4534-8e75-2756807c00c1,7.5,6,1525532,1.6,3.65
2026-10-06T15:36:51.824000+00:00,,2026-10-06T15:36:51.824000+00:00,,10,Kalu Ganga,Ellagawa,94309ca0-79f5-4eb5-a7bd-6c8be59f85c2,12.2,10.7,1525531,0,5.7
2026-10-06T15:36:50.759000+00:00,,2026-10-06T15:36:50.759000+00:00,,5,Maha Oya,Badalgama,52c7f599-86b0-4e7d-a90f-e37e16e019a6,9.6,6.2,1525530,4.5,2.7
2026-10-06T15:36:06.083000+00:00,,2026-10-06T15:36:06.083000+00:00,,3,Walawe Ganga,Moraketiya,a58f9750-a5ae-4c50-8c2a-ab7a1831ccaa,7,5,1525529,0,0.94
2026-10-06T15:36:00.737000+00:00,,2026-10-06T15:36:00.737000+00:00,,3.5,Gin Ganga,Baddegama,1e5025d7-10df-46fc-b920-755394fe0609,5,4,1525528,0,1.83
2026-10-06T15:35:29.369000+00:00,,2026-10-06T15:35:29.369000+00:00,,4,Nilwala Ganga,Pitabeddara,9e70949f-70eb-42bb-9077-102c8531ed72,6.5,5,1525527,0,1.2
2026-10-06T15:35:07.859000+00:00,,2026-10-06T15:35:07.859000+00:00,,4,Gin Ganga,Thawalama,e50dd0e2-c6d1-4ab8-88db-865fcbc47e1d,7.5,6,1525526,0,2.59
2026-10-06T15:34:53.514000+00:00,,2026-10-06T15:34:53.514000+00:00,,6.5,Kelani Ganga,Hanwella,aa45d8f5-5091-4dd3-b7ef-22930dc689d5,9.5,7.5,1525525,0.8,2.92
2026-10-06T15:34:35.205000+00:00,,2026-10-06T15:34:35.205000+00:00,,1.4,Nilwala Ganga,Thalgahagoda,d3699374-ddb8-4d2a-9566-31e875311c39,2.8,1.7,1525524,1.4,0.59
2026-10-06T15:34:06.900000+00:00,,2026-10-06T15:34:06.900000+00:00,,5.5,Maha Oya,Giriulla,2bebddf1-93b3-457d-b1ca-0cd028d8c1b4,7.5,6.5,1525523,12.9,1.41
2026-10-06T15:33:58.829000+00:00,,2026-10-06T15:33:58.829000+00:00,,3,Kelani Ganga,Holombuwa,c0b347d8-74cd-4c47-990c-729e3ffa86b9,6,4,1525522,9,0.79
2026-10-06T15:33:54.940000+00:00,,2026-10-06T15:33:54.940000+00:00,,4.5,Heda Oya,Siyambalanduwa,d734a8b6-90b1-40ce-a8b9-33f263997ed9,7,6,1525521,0,0.27
2026-10-06T15:33:38.939000+00:00,,2026-10-06T15:33:38.939000+00:00,,3,Mahaweli Ganga,Manampitiya,5ea650bd-c354-4edc-8c40-79a6b0bda7cd,6,4.3,1525520,0,0.18
2026-10-06T15:33:36.272000+00:00,,2026-10-06T15:33:36.272000+00:00,,4,Menik Ganga,Katharagama,21ffa3fe-3269-409f-a470-684b0dfdd3f4,6.5,4.6,1525519,0,-0.24
2026-10-06T15:33:33.833000+00:00,,2026-10-06T15:33:33.833000+00:00,,,Gal Oya,Ampara,0f82ef57-761a-4c4c-84dc-cccb29b161a1,,,1525518,0,0
2026-10-06T15:33:29.520000+00:00,,2026-10-06T15:33:29.520000+00:00,,3.3,Aththanagalu Oya,Dunamale,69f3911f-ac4e-4b7e-9558-97134095be8a,5.5,4.4,1525517,0,1.97
2026-10-06T15:33:28.954000+00:00,,2026-10-06T15:33:28.954000+00:00,,2.5,Nilwala Ganga,Urawa,ca38130c-8468-4fd0-89c0-552af509d33e,6,4,1525516,0,0.49
2026-10-06T15:33:09.590000+00:00,,2026-10-06T15:33:09.590000+00:00,,4.8,Kelani Ganga,Deraniyagala,d8ced397-adde-488d-9515-9c0619af2420,7,5.8,1525515,0,0.81
2026-10-06T15:33:00.409000+00:00,,2026-10-06T15:33:00.409000+00:00,,4,Maduru Oya,Padiyathalawa,e8ca8869-a19b-47e3-b39c-1f80e139a6ae,6,4.5,1525514,0,0.1
2026-10-06T15:32:53.656000+00:00,,2026-10-06T15:32:53.656000+00:00,,1.5,Kelani Ganga,Norwood,55a6e139-c735-4993-b5a8-f86aeda09484,4.5,3,1525513,1,0.95
2026-10-06T15:32:53.607000+00:00,,2026-10-06T15:32:53.607000+00:00,,4,Kalu Ganga,Magura,df1c99c8-6c54-470a-9fd3-cc25a5950eea,7.5,6,1525512,1.3,2.07
2026-10-06T15:32:29.235000+00:00,,2026-10-06T15:32:29.235000+00:00,,4.4,Kirindi Oya,Wellawaya,9a427042-9812-4087-ae64-1384721499b8,5.9,5.4,1525511,0,1.08
2026-10-06T15:32:18.176000+00:00,,2026-10-06T15:32:18.176000+00:00,,3.5,Mahaweli Ganga,Nawalapitiya,ce81d839-1b01-4c19-98dd-a0eaf4ec8d66,6,5,1525510,0.2,1.35
2026-10-06T15:32:10.483000+00:00,,2026-10-06T15:32:10.483000+00:00,,15,Kelani Ganga,Glencourse,c0b43b3d-c8c2-4a01-803f-46844b100668,19,15.5,1525509,0,10.91
2026-10-06T15:32:00.388000+00:00,,2026-10-06T15:32:00.388000+00:00,,4.75,Deduru Oya,Moragaswewa,0d042f08-4b8c-4882-a51d-e55b9588ade7,7,6,1525508,0,0.01
2026-10-06T15:31:59.454000+00:00,,2026-10-06T15:31:59.454000+00:00,,3,Mahaweli Ganga,Thaldena,d58bad41-2bcd-4159-96b5-6c177a0438e1,5,4,1525507,0,0.17
2026-10-06T15:31:55.306000+00:00,,2026-10-06T15:31:55.306000+00:00,,3,Kelani Ganga,Kithulgala,1c4bc1a2-c89f-4697-8261-d3785e429463,6,4,1525506,0,2.09
2026-10-06T15:31:29.036000+00:00,,2026-10-06T15:31:29.036000+00:00,,5,Mahaweli Ganga,Peradeniya,646e0d53-eb18-4f22-84c5-8ee5e00eff98,9,7,1525505,0,3.12
2026-10-06T15:31:28.147000+00:00,,2026-10-06T15:31:28.147000+00:00,,6,Yan Oya,Horowpothana,946644d5-858a-4db9-8560-e405e11d82bd,10.5,7.5,1525504,0,1.67
2026-10-06T15:31:22.424000+00:00,,2026-10-06T15:31:22.424000+00:00,,6.9,Kirindi Oya,Kuda Oya,049d9ce0-aa0d-4c39-9233-d2cecabccd01,8.8,8.4,1525503,0,1.05
2026-10-06T15:31:20.919000+00:00,,2026-10-06T15:31:20.919000+00:00,,4,Ma Oya,Yaka Wewa,6c3a5f36-102c-44ec-96dc-9363b6c862c5,6,5,1525502,0,0.4
2026-10-06T15:31:18.896000+00:00,,2026-10-06T15:31:18.896000+00:00,,4,Kirindi Oya,Thanamalwila,9a64a12d-0bfc-4935-8e20-ba40667a7f01,5.5,5,1525501,0,0.6
2026-10-06T14:50:15.503000+00:00,,2026-10-06T14:50:15.503000+00:00,,2.5,Nilwala Ganga,Urawa,54a76bf3-d05e-4658-8cd3-8971c9770af5,6,4,1525500,2.6,0.47
2026-10-06T14:37:20.613000+00:00,,2026-10-06T14:37:20.613000+00:00,,4,Nilwala Ganga,Pitabeddara,52659547-0d40-4b72-8a38-5bba2c468ac5,6.5,5,1525499,71.2,1.09
2026-10-06T14:37:15.462000+00:00,,2026-10-06T14:37:15.462000+00:00,,5,Kalu Ganga,Kalawellawa (Millakanda),ff3aa444-b986-4e00-987e-ce49a5b5e7b3,8,6.5,1525498,2.4,3.4
2026-10-06T14:37:14.095000+00:00,,2026-10-06T14:37:14.095000+00:00,,4,Kelani Ganga,Nagalagam Street,2df67831-5c27-4e47-aa93-01c204e105d9,7,5,1525497,0,1.7
2026-10-06T14:36:49.501000+00:00,,2026-10-06T14:36:49.501000+00:00,,5,Kumbukkan Oya,Nakkala,05f37a67-ec14-4edc-b9b0-b5368176129d,7.5,6,1525496,0,0.67
2026-10-06T14:36:38.167000+00:00,,2026-10-06T14:36:38.167000+00:00,,3,Kelani Ganga,Holombuwa,9eb40f22-e86d-47e1-9e90-1503a3a454bc,6,4,1525495,0,0.79
2026-10-06T14:36:06.433000+00:00,,2026-10-06T14:36:06.433000+00:00,,5.2,Kalu Ganga,Rathnapura,d3388686-e31d-45c7-a7e0-6fae47ef1acd,9.5,7.5,1525494,0,1.5
2026-10-06T14:36:05.668000+00:00,,2026-10-06T14:36:05.668000+00:00,,6.5,Kelani Ganga,Hanwella,59b91917-a0ef-4422-b20a-f878da6b529f,9.5,7.5,1525493,0.5,2.96
2026-10-06T14:35:33.842000+00:00,,2026-10-06T14:35:33.842000+00:00,,4.75,Deduru Oya,Moragaswewa,4c19b892-d9d8-4d91-b093-06b175bb142b,7,6,1525492,0,0.01
2026-10-06T14:35:30.471000+00:00,,2026-10-06T14:35:30.471000+00:00,,3,Kalu Ganga,Putupaula,8e7ebe11-bf58-4ab6-8579-21f61f1ce063,5,4,1525491,0,0.8
2026-10-06T14:35:10.145000+00:00,,2026-10-06T14:35:10.145000+00:00,,5,Mahaweli Ganga,Peradeniya,f18147ba-7839-4bef-8107-b325f69fcf56,9,7,1525490,0,3.06
2026-10-06T14:35:02.239000+00:00,,2026-10-06T14:35:02.239000+00:00,,4.4,Kirindi Oya,Wellawaya,8cda596f-6d08-4872-96c5-18b8a4f396f3,5.9,5.4,1525489,0,0.93
2026-10-06T14:34:57.472000+00:00,,2026-10-06T14:34:57.472000+00:00,,4,Kalu Ganga,Magura,6dd18c48-c81b-4780-8270-0693d4557fc9,7.5,6,1525488,0,2.03
2026-10-06T14:34:57.383000+00:00,,2026-10-06T14:34:57.383000+00:00,,3,Mahaweli Ganga,Thaldena,910deee6-7eb4-447e-a7c9-57459fe7b169,5,4,1525487,0,0.17
2026-10-06T14:34:55.159000+00:00,,2026-10-06T14:34:55.159000+00:00,,5,Maha Oya,Badalgama,39d190ec-162c-4c54-b13a-dce2b2fe154f,9.6,6.2,1525486,0,2.72
2026-10-06T14:34:50.524000+00:00,,2026-10-06T14:34:50.524000+00:00,,10,Kalu Ganga,Ellagawa,f5a7ba01-3da1-449b-bbca-470d99937397,12.2,10.7,1525485,1,5.75
2026-10-06T14:34:32.955000+00:00,,2026-10-06T14:34:32.955000+00:00,,15,Kelani Ganga,Glencourse,53f498b4-1261-4010-af32-d41cf8543657,19,15.5,1525484,0,10.93
2026-10-06T14:34:18.938000+00:00,,2026-10-06T14:34:18.938000+00:00,,4.8,Kelani Ganga,Deraniyagala,9d929e95-bfca-48ac-8c4c-b2e3f207c6e2,7,5.8,1525483,0,0.81
2026-10-06T14:34:02.761000+00:00,,2026-10-06T14:34:02.761000+00:00,,3.3,Aththanagalu Oya,Dunamale,03761735-9a47-463a-b3f8-80350720f7bb,5.5,4.4,1525482,4.7,2.04
2026-10-06T14:33:50.180000+00:00,,2026-10-06T14:33:50.180000+00:00,,4,Gin Ganga,Thawalama,ea9a0c35-ecb4-43f7-ba6f-045c22ca1047,7.5,6,1525481,6.8,2.48
2026-10-06T14:33:35.867000+00:00,,2026-10-06T14:33:35.867000+00:00,,1.4,Nilwala Ganga,Thalgahagoda,ba34a19b-ca31-4111-ab3f-57e57be21f42,2.8,1.7,1525480,0,0.6
2026-10-06T14:33:26.479000+00:00,,2026-10-06T14:33:26.479000+00:00,,5.5,Maha Oya,Giriulla,4315aafe-961d-4346-8b0d-a90bf29c6ea7,7.5,6.5,1525479,0,1.41
2026-10-06T14:32:48.080000+00:00,,2026-10-06T14:32:48.080000+00:00,,3,Walawe Ganga,Moraketiya,c60a5cfe-a482-4be2-a525-404adff77835,7,5,1525478,0,0.94
2026-10-06T14:32:37.001000+00:00,,2026-10-06T14:32:37.001000+00:00,,4.5,Heda Oya,Siyambalanduwa,4ac28b07-50ab-482c-9d52-748dee7eff38,7,6,1525477,0,0.28
2026-10-06T14:32:35.081000+00:00,,2026-10-06T14:32:35.081000+00:00,,3.5,Gin Ganga,Baddegama,6f3db8d3-bc67-4665-8794-98999b0110da,5,4,1525476,0,1.86
2026-10-06T14:32:29.831000+00:00,,2026-10-06T14:32:29.831000+00:00,,1.5,Kelani Ganga,Norwood,90c109f2-c4ef-4c12-8a79-88d3818f7b92,4.5,3,1525475,0,0.99
2026-10-06T14:32:29.725000+00:00,,2026-10-06T14:32:29.725000+00:00,,3,Mahaweli Ganga,Manampitiya,d9beb6f2-e1e2-4688-bce2-c8ec83ba54e5,6,4.3,1525474,0,0.12
2026-10-06T14:32:16.526000+00:00,,2026-10-06T14:32:16.526000+00:00,,4,Maduru Oya,Padiyathalawa,27e878da-7d4f-43c0-b3fb-7d382627b2a8,6,4.5,1525473,0,0.1
2026-10-06T14:32:11.110000+00:00,,2026-10-06T14:32:11.110000+00:00,,3,Kelani Ganga,Kithulgala,0bedabd4-c0e7-45f2-ac77-22ce53520753,6,4,1525472,0,2.05
2026-10-06T14:32:08.283000+00:00,,2026-10-06T14:32:08.283000+00:00,,4,Menik Ganga,Katharagama,d4803907-f0de-4077-ab43-44a4ec6c2b7f,6.5,4.6,1525471,0,-0.24
2026-10-06T14:32:07.086000+00:00,,2026-10-06T14:32:07.086000+00:00,,6.9,Kirindi Oya,Kuda Oya,19b02191-1c88-4771-952c-5e747d5b7ffa,8.8,8.4,1525470,0,1.05
2026-10-06T14:31:48.666000+00:00,,2026-10-06T14:31:48.666000+00:00,,4,Kirindi Oya,Thanamalwila,d69f656e-c6dc-4daa-a591-5b370cae42fd,5.5,5,1525469,0,0.61
2026-10-06T14:31:40.956000+00:00,,2026-10-06T14:31:40.956000+00:00,,4,Ma Oya,Yaka Wewa,bc481909-2b17-4a3a-82f0-6e13c6d9eb6c,6,5,1525468,0,0.4
2026-10-06T14:31:09.184000+00:00,,2026-10-06T14:31:09.184000+00:00,,5,Nilwala Ganga,Panadugama,9e53105b-607c-40bc-a5e2-381881615adc,7.5,6,1525467,0,3.61
2026-10-06T14:30:24.002000+00:00,,2026-10-06T14:30:24.002000+00:00,,,Gal Oya,Ampara,4189b5d8-cfdf-42a7-83fb-16a9bb248b9c,,,1525466,0,0
2026-10-06T14:30:11.084000+00:00,,2026-10-06T14:30:11.084000+00:00,,6,Yan Oya,Horowpothana,def1b0dd-a621-4f62-8e52-beb3f66c56e7,10.5,7.5,1525465,0,1.67
2026-10-06T13:58:42.603000+00:00,,2026-10-06T13:58:42.603000+00:00,,5,Kalu Ganga,Kalawellawa (Millakanda),08c7cfb6-9df7-4d8b-b83c-63a75783a660,8,6.5,1525464,0,3.44
2026-10-06T13:46:54.661000+00:00,,2026-10-06T13:46:54.661000+00:00,,4,Kalu Ganga,Magura,62f16f18-7ebc-4ec8-89b3-1ffef5e79aba,7.5,6,1525463,3.6,1.97
2026-10-06T13:43:04.271000+00:00,,2026-10-06T13:43:04.271000+00:00,,3,Kalu Ganga,Putupaula,ce018d6e-9385-4971-b929-7a722d8dd864,5,4,1525462,1,0.85
2026-10-06T13:42:18.958000+00:00,,2026-10-06T13:42:18.958000+00:00,,4,Gin Ganga,Thawalama,b51c8987-9c73-4c59-8890-53d11bb5802c,7.5,6,1525461,8.4,2.3
2026-10-06T13:41:35.470000+00:00,,2026-10-06T13:41:35.470000+00:00,,10,Kalu Ganga,Ellagawa,d2caca2b-677e-4b12-99cb-2267d3e60dfe,12.2,10.7,1525460,0,5.75
2026-10-06T13:38:48.477000+00:00,,2026-10-06T13:38:48.477000+00:00,,5.2,Kalu Ganga,Rathnapura,f24e476a-d0b9-43cb-a81f-ab915933bf6d,9.5,7.5,1525459,0,1.47
2026-10-06T13:37:26.370000+00:00,,2026-10-06T13:37:26.370000+00:00,,3.5,Gin Ganga,Baddegama,1ca79eca-ca89-4dc7-9cd7-c7add871e0d7,5,4,1525458,21.3,1.89
2026-10-06T13:37:14.947000+00:00,,2026-10-06T13:37:14.947000+00:00,,4,Kelani Ganga,Nagalagam Street,fd149d2e-a032-4c9a-9dc8-d465a0a5539b,7,5,1525457,0,1.4
2026-10-06T13:36:49.540000+00:00,,2026-10-06T13:36:49.540000+00:00,,3,Kelani Ganga,Holombuwa,0fc6b2fb-16f2-4931-b74f-14d05a789899,6,4,1525456,0,0.8
2026-10-06T13:36:38.173000+00:00,,2026-10-06T13:36:38.173000+00:00,,3,Walawe Ganga,Moraketiya,f09aa7c5-f3c7-44e9-9631-e9c664cebb2e,7,5,1525455,0,0.94
2026-10-06T13:36:37.248000+00:00,,2026-10-06T13:36:37.248000+00:00,,6.5,Kelani Ganga,Hanwella,e6737723-154f-42d7-b9aa-bdbe7470c08f,9.5,7.5,1525454,2.9,3.06
2026-10-06T13:35:26.421000+00:00,,2026-10-06T13:35:26.421000+00:00,,5,Mahaweli Ganga,Peradeniya,685c089c-fd41-4af8-b749-65e98661ca6d,9,7,1525453,0,2.78
2026-10-06T13:35:25.046000+00:00,,2026-10-06T13:35:25.046000+00:00,,5,Maha Oya,Badalgama,3e892e79-5f81-468a-98fd-5465b7ef7f83,9.6,6.2,1525452,0,2.74
2026-10-06T13:34:16.796000+00:00,,2026-10-06T13:34:16.796000+00:00,,4,Maduru Oya,Padiyathalawa,fe667dab-830b-4a0c-9a47-9a9b0597310a,6,4.5,1525451,0,0.1
2026-10-06T13:34:14.522000+00:00,,2026-10-06T13:34:14.522000+00:00,,2.5,Nilwala Ganga,Urawa,0390e895-b0e5-4c5d-b9af-8156436a4693,6,4,1525450,0,0.46
2026-10-06T13:33:57.844000+00:00,,2026-10-06T13:33:57.844000+00:00,,3,Kelani Ganga,Holombuwa,936d61ba-abbc-4200-abae-69375409925f,6,4,1525449,0,0.8
2026-10-06T13:33:42.789000+00:00,,2026-10-06T13:33:42.789000+00:00,,3,Mahaweli Ganga,Thaldena,b54f72e9-f49f-4b96-b3a6-d99804e39ebb,5,4,1525448,0,0.19
2026-10-06T13:33:39.315000+00:00,,2026-10-06T13:33:39.315000+00:00,,4.8,Kelani Ganga,Deraniyagala,47489550-b67c-402e-adbe-7b53506a432e,7,5.8,1525447,0,0.81
2026-10-06T13:33:38.400000+00:00,,2026-10-06T13:33:38.400000+00:00,,4,Kirindi Oya,Thanamalwila,f2f86d90-5d5a-490a-bb0d-a58767bb3a1c,5.5,5,1525446,0,0.62
2026-10-06T13:33:30.607000+00:00,,2026-10-06T13:33:30.607000+00:00,,3.3,Aththanagalu Oya,Dunamale,d906fa69-deca-436f-9f33-9264b5ddbef5,5.5,4.4,1525445,0,2.12
2026-10-06T13:33:28.197000+00:00,,2026-10-06T13:33:28.197000+00:00,,4,Nilwala Ganga,Pitabeddara,38721d05-452d-4a67-bc65-6e17e1d57b9b,6.5,5,1525444,4.9,1.07
2026-10-06T13:33:19.143000+00:00,,2026-10-06T13:33:19.143000+00:00,,4.4,Kirindi Oya,Wellawaya,71cfc741-8c28-4552-8e69-8d506cfcbd83,5.9,5.4,1525443,0.5,0.9
2026-10-06T13:33:16.811000+00:00,,2026-10-06T13:33:16.811000+00:00,,15,Kelani Ganga,Glencourse,639b7f6f-ae99-43bd-804f-e082c88b7c34,19,15.5,1525442,0,10.97
2026-10-06T13:33:16.766000+00:00,,2026-10-06T13:33:16.766000+00:00,,1.4,Nilwala Ganga,Thalgahagoda,4341f7f3-e269-4c98-a3ce-af6f3837fcde,2.8,1.7,1525441,0,0.62
2026-10-06T13:33:08.200000+00:00,,2026-10-06T13:33:08.200000+00:00,,5.5,Maha Oya,Giriulla,b476fe1f-18d2-461f-96a6-188c1cb5915e,7.5,6.5,1525440,0,1.43
2026-10-06T13:32:32.519000+00:00,,2026-10-06T13:32:32.519000+00:00,,1.5,Kelani Ganga,Norwood,0e5bcc20-711f-462b-9ad4-d2f10ba53dec,4.5,3,1525439,0,1.05
2026-10-06T13:32:23.623000+00:00,,2026-10-06T13:32:23.623000+00:00,,5,Nilwala Ganga,Panadugama,580c7b7e-d5ff-4f75-90c0-dcee50b8266c,7.5,6,1525438,0,3.59
2026-10-06T13:32:22.142000+00:00,,2026-10-06T13:32:22.142000+00:00,,3,Kelani Ganga,Kithulgala,0d0778e1-16ca-47d0-aa04-36b47094da1c,6,4,1525437,0,1.98
2026-10-06T13:32:15.538000+00:00,,2026-10-06T13:32:15.538000+00:00,,4,Ma Oya,Yaka Wewa,73420d61-42a4-4c7d-971c-a8e2f0bbf134,6,5,1525436,0,0.4
2026-10-06T13:32:10.679000+00:00,,2026-10-06T13:32:10.679000+00:00,,4.75,Deduru Oya,Moragaswewa,4feef449-c6ff-4296-afa9-fc8c76f5bc51,7,6,1525435,0,0.01
2026-10-06T13:32:08.368000+00:00,,2026-10-06T13:32:08.368000+00:00,,4,Menik Ganga,Katharagama,12b0b318-cf4c-4c7d-b805-a36798f3428c,6.5,4.6,1525434,0,-0.24
2026-10-06T13:31:50.299000+00:00,,2026-10-06T13:31:50.299000+00:00,,3,Mahaweli Ganga,Manampitiya,b76f72e8-760b-459d-b611-796c563ee59c,6,4.3,1525433,0,0.08
2026-10-06T13:31:35.333000+00:00,,2026-10-06T13:31:35.333000+00:00,,4.5,Heda Oya,Siyambalanduwa,cf2c47c6-f83c-4358-8f30-8fed263733e9,7,6,1525432,0,0.28
2026-10-06T13:31:32.141000+00:00,,2026-10-06T13:31:32.141000+00:00,,5,Kumbukkan Oya,Nakkala,d09ae3c7-8fb7-46c3-ba82-d6b9b587b430,7.5,6,1525431,0,0.67
2026-10-06T13:31:29.333000+00:00,,2026-10-06T13:31:29.333000+00:00,,6.9,Kirindi Oya,Kuda Oya,c64be49d-a9c7-43a3-829f-93ab6bbb11b0,8.8,8.4,1525430,0,1.06
2026-10-06T13:31:07.827000+00:00,,2026-10-06T13:31:07.827000+00:00,,6,Yan Oya,Horowpothana,45279892-51c5-4588-85c5-14da370b885f,10.5,7.5,1525429,0,1.67
2026-10-06T13:31:02.102000+00:00,,2026-10-06T13:31:02.102000+00:00,,3.5,Mahaweli Ganga,Nawalapitiya,634f04d3-c95e-4ea0-a4ae-149b3ba2a53d,6,5,1525428,0,1.34
2026-10-06T13:30:45.370000+00:00,,2026-10-06T13:30:45.370000+00:00,,,Gal Oya,Ampara,a4832bcc-fbae-4ca4-a21e-117ebbf4ef25,,,1525427,0,0
2026-10-06T12:39:07.748000+00:00,,2026-10-06T12:39:07.748000+00:00,,5,Mahaweli Ganga,Peradeniya,33f9a1a0-7037-47f9-870f-b6292a2704aa,9,7,1525426,0,2.36
2026-10-06T12:38:34.400000+00:00,,2026-10-06T12:38:34.400000+00:00,,5,Mahaweli Ganga,Peradeniya,3bb0152a-414d-4a32-8c31-d9b1af53ace0,9,7,1525425,0,2.36
2026-10-06T12:37:33.554000+00:00,,2026-10-06T12:37:33.554000+00:00,,4,Gin Ganga,Thawalama,9fb1d083-6917-4699-9823-bb5f599824a7,7.5,6,1525424,22.6,2.05
2026-10-06T12:37:00.870000+00:00,,2026-10-06T12:37:00.870000+00:00,,2.5,Nilwala Ganga,Urawa,bcdffe1f-41cc-41bb-afa4-376a9eb2ea8a,6,4,1525423,1,0.46
2026-10-06T12:35:37.220000+00:00,,2026-10-06T12:35:37.220000+00:00,,3.5,Gin Ganga,Baddegama,0990427c-9591-48cb-b156-08efc6f6df9f,5,4,1525422,14,1.92
2026-10-06T12:35:37.094000+00:00,,2026-10-06T12:35:37.094000+00:00,,4,Nilwala Ganga,Pitabeddara,4ce1c23d-8bf0-4e35-9a46-d1da32a0cc3f,6.5,5,1525421,0,1.07
2026-10-06T12:35:16.854000+00:00,,2026-10-06T12:35:16.854000+00:00,,6.5,Kelani Ganga,Hanwella,3330aa4f-9e46-416c-9bce-eb6313943443,9.5,7.5,1525420,24.2,3.13
2026-10-06T12:35:09.359000+00:00,,2026-10-06T12:35:09.359000+00:00,,10,Kalu Ganga,Ellagawa,91005612-7656-488d-8ec2-9d4d06bf30af,12.2,10.7,1525419,8.4,5.7
2026-10-06T12:34:30.938000+00:00,,2026-10-06T12:34:30.938000+00:00,,4.75,Deduru Oya,Moragaswewa,4828bf71-7f06-4d04-97eb-2d155c0444ae,7,6,1525418,0,0.01
2026-10-06T12:34:25.487000+00:00,,2026-10-06T12:34:25.487000+00:00,,4,Maduru Oya,Padiyathalawa,09adb87e-ca94-44aa-b7c2-430fff552fca,6,4.5,1525417,0,0.1
2026-10-06T12:34:06.756000+00:00,,2026-10-06T12:34:06.756000+00:00,,4,Kalu Ganga,Magura,9677ccea-8f5c-4303-9470-33050b4a257e,7.5,6,1525416,1.4,1.88
2026-10-06T12:34:05.056000+00:00,,2026-10-06T12:34:05.056000+00:00,,5.2,Kalu Ganga,Rathnapura,343b3fbf-eb73-453a-9d2a-1ddf0611a696,9.5,7.5,1525415,0,1.48
2026-10-06T12:33:52.563000+00:00,,2026-10-06T12:33:52.563000+00:00,,4.84,Mee Oya,Galgamuwa,69c9745a-3ec0-408d-bd2f-6ba299097da9,8,5.94,1525414,0,0.05
2026-10-06T12:33:36.797000+00:00,,2026-10-06T12:33:36.797000+00:00,,4.4,Kirindi Oya,Wellawaya,ff6bb00b-96f7-44f5-a019-04077980ce58,5.9,5.4,1525413,1.4,0.9
2026-10-06T12:33:34.623000+00:00,,2026-10-06T12:33:34.623000+00:00,,1.4,Nilwala Ganga,Thalgahagoda,eb4350f2-bed3-4e8d-9831-21879002d02d,2.8,1.7,1525412,0,0.65
2026-10-06T12:33:03.601000+00:00,,2026-10-06T12:33:03.601000+00:00,,4,Menik Ganga,Katharagama,7b526d0b-5d45-49cc-8542-d9c4cb82e094,6.5,4.6,1525411,0,-0.24
2026-10-06T12:33:02.072000+00:00,,2026-10-06T12:33:02.072000+00:00,,6,Yan Oya,Horowpothana,17bdd273-3e4b-4fa7-bdc0-c45412d287ef,10.5,7.5,1525410,0,1.67
2026-10-06T12:33:01.597000+00:00,,2026-10-06T12:33:01.597000+00:00,,4.8,Kelani Ganga,Deraniyagala,721402fc-45d2-4a00-bf84-21cd4265671f,7,5.8,1525409,0,0.78
2026-10-06T12:32:59.428000+00:00,,2026-10-06T12:32:59.428000+00:00,,5,Kalu Ganga,Kalawellawa (Millakanda),442f5eb7-0a7c-47a5-a3c3-acd84c0caec4,8,6.5,1525408,9.6,3.48
2026-10-06T12:32:58.402000+00:00,,2026-10-06T12:32:58.402000+00:00,,4,Kelani Ganga,Nagalagam Street,f63142d6-4e0c-4eed-9987-d63d755e4841,7,5,1525407,0,1.5
2026-10-06T12:32:50.780000+00:00,,2026-10-06T12:32:50.780000+00:00,,5,Maha Oya,Badalgama,c775dfc8-19dd-43b0-acbb-9f8c58b5f4cc,9.6,6.2,1525406,0,2.78
2026-10-06T12:32:47.909000+00:00,,2026-10-06T12:32:47.909000+00:00,,5.5,Maha Oya,Giriulla,d1ee2f93-2065-4de0-8416-7f72aa683428,7.5,6.5,1525405,0,1.45
2026-10-06T12:32:26.975000+00:00,,2026-10-06T12:32:26.975000+00:00,,5,Nilwala Ganga,Panadugama,0761bf16-25bb-4223-b1d9-24e146402097,7.5,6,1525404,5,3.56
2026-10-06T12:32:25.966000+00:00,,2026-10-06T12:32:25.966000+00:00,,2.5,Nilwala Ganga,Urawa,039df8dd-a7cb-4693-a071-dd05bf34bfb8,6,4,1525403,1,0.46
2026-10-06T12:32:24.841000+00:00,,2026-10-06T12:32:24.841000+00:00,,2.5,Nilwala Ganga,Urawa,2e6fe1d1-84f7-43f5-abb6-414f63097235,6,4,1525402,0,0.46
2026-10-06T12:32:23.701000+00:00,,2026-10-06T12:32:23.701000+00:00,,2.5,Nilwala Ganga,Urawa,b23f8b2a-5261-4870-9dd4-8c8f7bc196f0,6,4,1525401,0.46,0.46
2026-10-06T12:32:09.440000+00:00,,2026-10-06T12:32:09.440000+00:00,,4,Kirindi Oya,Thanamalwila,88923c24-3e03-4c07-904c-c5dd22f5acf5,5.5,5,1525400,0,0.64
2026-10-06T12:31:52.068000+00:00,,2026-10-06T12:31:52.068000+00:00,,1.5,Kelani Ganga,Norwood,af8ff8e2-524e-48f3-bb1f-2b6606a9cbaf,4.5,3,1525399,0,1.09
2026-10-06T12:31:46.630000+00:00,,2026-10-06T12:31:46.630000+00:00,,6.9,Kirindi Oya,Kuda Oya,52efbb79-c65d-40b2-81e0-d4ef482392b5,8.8,8.4,1525398,0,1.06
2026-10-06T12:31:45.972000+00:00,,2026-10-06T12:31:45.972000+00:00,,15,Kelani Ganga,Glencourse,5a3d2fe3-6873-4e1e-b4e8-a2dbc2f80de9,19,15.5,1525397,1.2,11.04
2026-10-06T12:31:43.854000+00:00,,2026-10-06T12:31:43.854000+00:00,,5,Mahaweli Ganga,Weraganthota,3e8c676a-b047-4b1f-b59f-1fcf0d2e8ac4,8,6,1525396,0,-3.15
2026-10-06T12:31:36.128000+00:00,,2026-10-06T12:31:36.128000+00:00,,15,Kelani Ganga,Glencourse,237ca962-29d8-4a5b-b182-9082ad37a13d,19,15.5,1525395,1.2,11.04
2026-10-06T12:31:28.292000+00:00,,2026-10-06T12:31:28.292000+00:00,,5,Malwathu Oya,Thanthirimale,b4b6319d-0a8d-4a85-ac8b-902dbcba1e4e,7.8,6.8,1525394,0,0.89
2026-10-06T12:31:25.985000+00:00,,2026-10-06T12:31:25.985000+00:00,,3,Mahaweli Ganga,Manampitiya,3b9f025a-f1f4-4c29-8620-c2c5c9ab3d79,6,4.3,1525393,0,0
2026-10-06T12:31:20.344000+00:00,,2026-10-06T12:31:20.344000+00:00,,4,Ma Oya,Yaka Wewa,2d570bd9-20fb-4638-9aa0-01d9233bdaf0,6,5,1525392,0,0.4
2026-10-06T12:31:17.625000+00:00,,2026-10-06T12:31:17.625000+00:00,,,Gal Oya,Ampara,4f6022d1-4032-474c-b1e7-a18cf19d5104,,,1525391,0,0
2026-10-06T12:31:13.709000+00:00,,2026-10-06T12:31:13.709000+00:00,,3.5,Mahaweli Ganga,Nawalapitiya,996c1f8a-edc4-45ee-be9e-dd18cfcdb45f,6,5,1525390,0,1.34
2026-10-06T12:31:07.576000+00:00,,2026-10-06T12:31:07.576000+00:00,,3,Kelani Ganga,Kithulgala,02ef0f16-7acb-4984-92c7-5f66cc3c211d,6,4,1525389,0,2.12
2026-10-06T12:31:06.715000+00:00,,2026-10-06T12:31:06.715000+00:00,,3,Kelani Ganga,Holombuwa,6c04abbf-27cb-4140-8974-d83aeb3e641c,6,4,1525388,0,0.81
2026-10-06T12:31:00.113000+00:00,,2026-10-06T12:31:00.113000+00:00,,4.5,Heda Oya,Siyambalanduwa,6dfae583-057b-4935-9c55-48ed5e5c33ea,7,6,1525387,0,0.28
2026-10-06T12:30:58.176000+00:00,,2026-10-06T12:30:58.176000+00:00,,3.3,Aththanagalu Oya,Dunamale,72251379-38df-4e9c-ac42-9e6c8ffcafb3,5.5,4.4,1525386,0,2.18
2026-10-06T12:30:53.332000+00:00,,2026-10-06T12:30:53.332000+00:00,,3,Mahaweli Ganga,Thaldena,6d46c18f-abe2-4cab-bfb0-da5f14521a49,5,4,1525385,0,0.18
2026-10-06T12:30:37.136000+00:00,,2026-10-06T12:30:37.136000+00:00,,3,Walawe Ganga,Moraketiya,146e84e6-f143-4710-b557-c7d4fcac40fa,7,5,1525384,0,0.94
2026-10-06T12:30:13.765000+00:00,,2026-10-06T12:30:13.765000+00:00,,5,Kumbukkan Oya,Nakkala,81b378f1-7176-4669-a04a-d69cfddea0a1,7.5,6,1525383,0,0.68
2026-10-06T12:30:09.916000+00:00,,2026-10-06T12:30:09.916000+00:00,,3,Kalu Ganga,Putupaula,d406f0d4-1796-44a4-8e60-4f26c0aa7274,5,4,1525382,4.3,0.87
2026-10-06T11:46:26.705000+00:00,,2026-10-06T11:46:26.705000+00:00,,2.5,Nilwala Ganga,Urawa,fc91b6a4-b7ce-4a3c-96f9-e514abd418ce,6,4,1525381,0,0.46
2026-10-06T11:44:51.810000+00:00,,2026-10-06T11:44:51.810000+00:00,,4,Kalu Ganga,Magura,ac8d6d6c-9817-4be9-9406-1c6def7dd1ef,7.5,6,1525380,7.9,1.8
2026-10-06T11:43:32.842000+00:00,,2026-10-06T11:43:32.842000+00:00,,3.3,Aththanagalu Oya,Dunamale,7cb5f8a1-9078-43e6-bb2d-3d3ad069bd27,5.5,4.4,1525379,0,2.2
2026-10-06T11:41:44.813000+00:00,,2026-10-06T11:41:44.813000+00:00,,5.5,Maha Oya,Giriulla,32f26111-5543-423e-ae5a-be0c045b40ef,7.5,6.5,1525378,0,1.48
2026-10-06T11:39:30.009000+00:00,,2026-10-06T11:39:30.009000+00:00,,4.84,Mee Oya,Galgamuwa,09ac8e08-3e31-4298-90b6-37017048ee68,8,5.94,1525377,0,0.05
2026-10-06T11:37:14.811000+00:00,,2026-10-06T11:37:14.811000+00:00,,4,Kelani Ganga,Nagalagam Street,452fdc90-7716-4e94-9d9c-82268c17f9bb,7,5,1525376,0,1.7
2026-10-06T11:37:12.072000+00:00,,2026-10-06T11:37:12.072000+00:00,,10,Kalu Ganga,Ellagawa,1c5d6003-3c92-422d-b6c5-c0c4cfd82e7e,12.2,10.7,1525375,18.4,5.68
2026-10-06T11:36:25.820000+00:00,,2026-10-06T11:36:25.820000+00:00,,4.5,Heda Oya,Siyambalanduwa,bf2681a0-2069-44c7-b31d-668fd3e7e102,7,6,1525374,0,0.27
2026-10-06T11:36:22.073000+00:00,,2026-10-06T11:36:22.073000+00:00,,4,Gin Ganga,Thawalama,7f77a58f-79a5-4cae-b7c9-7b01cbf6728d,7.5,6,1525373,9.7,2.02
2026-10-06T11:35:50.830000+00:00,,2026-10-06T11:35:50.830000+00:00,,5,Mahaweli Ganga,Peradeniya,564e026e-d698-4d22-9387-505c6ca377cd,9,7,1525372,0,1.93
2026-10-06T11:35:38.461000+00:00,,2026-10-06T11:35:38.461000+00:00,,5,Mahaweli Ganga,Weraganthota,1316398a-52a6-44eb-9afc-c1ee69720ca9,8,6,1525371,0,-3.14
2026-10-06T11:35:21.581000+00:00,,2026-10-06T11:35:21.581000+00:00,,3.5,Gin Ganga,Baddegama,70d4edcc-bf0a-4c7f-9a6c-85d4f0273961,5,4,1525370,0,1.96
2026-10-06T11:35:17.086000+00:00,,2026-10-06T11:35:17.086000+00:00,,5,Nilwala Ganga,Panadugama,17e7307b-b97e-4f79-acd5-01c4f48a8257,7.5,6,1525369,0,3.55
2026-10-06T11:35:16.920000+00:00,,2026-10-06T11:35:16.920000+00:00,,4,Nilwala Ganga,Pitabeddara,dfa425da-50f1-494b-bd8f-90392afa0e03,6.5,5,1525368,0,1.07
2026-10-06T11:35:14.954000+00:00,,2026-10-06T11:35:14.954000+00:00,,5,Maha Oya,Badalgama,f526dfc5-1872-4597-b72b-46a4afee2342,9.6,6.2,1525367,0,2.81
2026-10-06T11:34:53.915000+00:00,,2026-10-06T11:34:53.915000+00:00,,3,Kelani Ganga,Holombuwa,539f40a5-bf0f-4847-96db-0b13507c60a8,6,4,1525366,0,0.81
2026-10-06T11:34:06.122000+00:00,,2026-10-06T11:34:06.122000+00:00,,4.75,Deduru Oya,Moragaswewa,0c1ed846-5328-4e15-aac4-efc0e6ea4755,7,6,1525365,0,0.01
2026-10-06T11:33:53.586000+00:00,,2026-10-06T11:33:53.586000+00:00,,5,Kalu Ganga,Kalawellawa (Millakanda),d21dec6f-0cd5-40a8-8d36-31b00235998e,8,6.5,1525364,22.3,3.48
2026-10-06T11:33:49.916000+00:00,,2026-10-06T11:33:49.916000+00:00,,1.4,Nilwala Ganga,Thalgahagoda,f31f80c2-6212-4fa9-a2ec-1119b7cfcfd6,2.8,1.7,1525363,0,0.7
2026-10-06T11:33:22.568000+00:00,,2026-10-06T11:33:22.568000+00:00,,1.5,Kelani Ganga,Norwood,28aa9012-4c6b-4d7f-b44e-e07e64cf5479,4.5,3,1525362,0,1.01
2026-10-06T11:33:09.796000+00:00,,2026-10-06T11:33:09.796000+00:00,,5.5,Maha Oya,Giriulla,a2621363-5dbe-4492-b393-8f6253734c15,7.5,6.5,1525361,0,1.48
2026-10-06T11:33:03.808000+00:00,,2026-10-06T11:33:03.808000+00:00,,4,Maduru Oya,Padiyathalawa,2c45fe77-52d6-4afa-8def-5b759b7878ec,6,4.5,1525360,0,0.1
2026-10-06T11:33:01.861000+00:00,,2026-10-06T11:33:01.861000+00:00,,3,Kalu Ganga,Putupaula,9ab88a09-f6a9-4049-9a9d-dfde44d0371c,5,4,1525359,0,0.9
2026-10-06T11:32:29.829000+00:00,,2026-10-06T11:32:29.829000+00:00,,6.5,Kelani Ganga,Hanwella,efb0ed3a-edd2-41a3-98c3-9be76b5aea4f,9.5,7.5,1525358,0,3.2
2026-10-06T11:32:29.607000+00:00,,2026-10-06T11:32:29.607000+00:00,,5.2,Kalu Ganga,Rathnapura,6b370008-c2f0-4124-87db-29c2ea93857a,9.5,7.5,1525357,0,1.48
2026-10-06T11:32:23.348000+00:00,,2026-10-06T11:32:23.348000+00:00,,3,Mahaweli Ganga,Thaldena,6949d685-9827-4560-82e9-d567d4add753,5,4,1525356,0,0.19
2026-10-06T11:32:18.814000+00:00,,2026-10-06T11:32:18.814000+00:00,,5,Kumbukkan Oya,Nakkala,f399a202-4717-4cb0-be93-63e194df1a42,7.5,6,1525355,0,0.69
2026-10-06T11:32:18.451000+00:00,,2026-10-06T11:32:18.451000+00:00,,15,Kelani Ganga,Glencourse,3781056f-8621-4993-bbe6-f3664df56313,19,15.5,1525354,28.5,11.05
2026-10-06T11:32:07.113000+00:00,,2026-10-06T11:32:07.113000+00:00,,4,Menik Ganga,Katharagama,72454ad5-fb3c-4e97-9360-68fc49c80e69,6.5,4.6,1525353,0,-0.24
2026-10-06T11:32:06.718000+00:00,,2026-10-06T11:32:06.718000+00:00,,5,Malwathu Oya,Thanthirimale,8e06320a-01a0-47b1-954c-1982955b4411,7.8,6.8,1525352,0,0.89
2026-10-06T11:31:59.772000+00:00,,2026-10-06T11:31:59.772000+00:00,,4,Ma Oya,Yaka Wewa,916c4b19-1fcf-4036-a509-b3a9c3d3f2e7,6,5,1525351,0,0.4
2026-10-06T11:31:31.678000+00:00,,2026-10-06T11:31:31.678000+00:00,,3,Kelani Ganga,Kithulgala,c55e0591-3369-42b5-844a-07bc7e85510b,6,4,1525350,0,2.15
2026-10-06T11:31:26.127000+00:00,,2026-10-06T11:31:26.127000+00:00,,4.8,Kelani Ganga,Deraniyagala,9e249886-9bfb-41e5-b16a-d7b5d3e5f1b9,7,5.8,1525349,0,0.84
2026-10-06T11:31:24.534000+00:00,,2026-10-06T11:31:24.534000+00:00,,4,Kirindi Oya,Thanamalwila,9ed91f41-94ad-4fd9-82ab-5faeed86a30a,5.5,5,1525348,0,0.67
2026-10-06T11:31:21.354000+00:00,,2026-10-06T11:31:21.354000+00:00,,6.9,Kirindi Oya,Kuda Oya,cf8b1433-4e7a-4f6f-abfe-007be60f331a,8.8,8.4,1525347,0,1.06
2026-10-06T11:31:08.624000+00:00,,2026-10-06T11:31:08.624000+00:00,,4.4,Kirindi Oya,Wellawaya,5723bbc1-ca70-479a-bb04-54879a1e7f36,5.9,5.4,1525346,0,0.87
2026-10-06T11:30:58.490000+00:00,,2026-10-06T11:30:58.490000+00:00,,3.5,Mahaweli Ganga,Nawalapitiya,cfc7f6ce-35c6-4362-a13b-37be0b9b8a63,6,5,1525345,0,1.34
2026-10-06T11:30:58.284000+00:00,,2026-10-06T11:30:58.284000+00:00,,6,Yan Oya,Horowpothana,abb5fdff-d9d0-4462-bdff-46faae795cb0,10.5,7.5,1525344,0,1.68
2026-10-06T11:30:56.606000+00:00,,2026-10-06T11:30:56.606000+00:00,,,Gal Oya,Ampara,819522f0-0bf8-4314-af18-54b49ff7ec8d,,,1525343,0,0
2026-10-06T11:30:53.022000+00:00,,2026-10-06T11:30:53.022000+00:00,,3,Walawe Ganga,Moraketiya,6f67fe1a-155d-4438-b712-158c713da488,7,5,1525342,0,0.95
2026-10-06T11:30:26.059000+00:00,,2026-10-06T11:30:26.059000+00:00,,3,Mahaweli Ganga,Manampitiya,14990ee7-09e5-438b-a8d7-c16a051fe7b6,6,4.3,1525341,0,-0.05
2026-10-06T11:01:53.273000+00:00,,2026-10-06T11:01:53.273000+00:00,,5,Malwathu Oya,Thanthirimale,f3f82876-d5b4-4959-9eee-ef9b8a249d81,7.8,6.8,1525340,0,0.88
2026-10-06T10:44:38.147000+00:00,,2026-10-06T10:44:38.147000+00:00,,4,Maduru Oya,Padiyathalawa,3975a1d2-036c-48e2-a0db-4f706d592f5b,6,4.5,1525339,0,0.1
2026-10-06T10:43:53.351000+00:00,,2026-10-06T10:43:53.351000+00:00,,5.5,Maha Oya,Giriulla,ebbd5519-e14b-482c-8e45-65dd6df331dd,7.5,6.5,1525338,0,1.5
2026-10-06T10:41:50.699000+00:00,,2026-10-06T10:41:50.699000+00:00,,4,Gin Ganga,Thawalama,c315fe19-8ce8-4275-b4e7-7f4fe95ce99c,7.5,6,1525337,0,2.03
2026-10-06T10:41:14.447000+00:00,,2026-10-06T10:41:14.447000+00:00,,2.5,Nilwala Ganga,Urawa,002583bd-6654-4ec3-8b54-3f31a6149fb8,6,4,1525336,8.2,0.47
2026-10-06T10:39:53.619000+00:00,,2026-10-06T10:39:53.619000+00:00,,3,Walawe Ganga,Moraketiya,ec5671da-9b0f-43cb-9cf0-c03aa8d70489,7,5,1525335,0,0.96
2026-10-06T10:39:40.174000+00:00,,2026-10-06T10:39:40.174000+00:00,,4.8,Kelani Ganga,Deraniyagala,e930f46c-4e57-4fe8-9311-e33162eb5e2a,7,5.8,1525334,0,0.85
2026-10-06T10:39:39.940000+00:00,,2026-10-06T10:39:39.940000+00:00,,3.3,Aththanagalu Oya,Dunamale,6d9740bb-0298-4e62-a836-8b1f95fe4ab1,5.5,4.4,1525333,0,2.24
2026-10-06T10:39:03.883000+00:00,,2026-10-06T10:39:03.883000+00:00,,5.2,Kalu Ganga,Rathnapura,c6350a36-6aa5-4e6e-8dd5-58030541107a,9.5,7.5,1525332,0,1.42
2026-10-06T10:38:05.688000+00:00,,2026-10-06T10:38:05.688000+00:00,,3,Kelani Ganga,Holombuwa,8f4d8c08-5a00-4ba9-818a-e12db6c8ee74,6,4,1525331,0,0.85
2026-10-06T10:37:34.267000+00:00,,2026-10-06T10:37:34.267000+00:00,,4,Kalu Ganga,Magura,2d851794-65e0-438c-83f2-7e1afb38873d,7.5,6,1525330,3.3,1.82
2026-10-06T10:35:41.553000+00:00,,2026-10-06T10:35:41.553000+00:00,,4,Nilwala Ganga,Pitabeddara,34a40d27-5cd7-494f-90b7-e40452ccfbf3,6.5,5,1525329,0,1.08
2026-10-06T10:35:39.192000+00:00,,2026-10-06T10:35:39.192000+00:00,,5,Nilwala Ganga,Panadugama,bf9ff0a7-20be-4178-8e17-a5d644a9c0c2,7.5,6,1525328,1.2,3.58
2026-10-06T10:35:28.584000+00:00,,2026-10-06T10:35:28.584000+00:00,,3.5,Gin Ganga,Baddegama,04d784e6-8d4d-4fa6-a98f-d7443172f6d9,5,4,1525327,2.4,2
2026-10-06T10:34:36.891000+00:00,,2026-10-06T10:34:36.891000+00:00,,1.4,Nilwala Ganga,Thalgahagoda,18e907f9-9448-4f0c-a665-92a9395afa8b,2.8,1.7,1525326,0,0.7
2026-10-06T10:34:22.562000+00:00,,2026-10-06T10:34:22.562000+00:00,,15,Kelani Ganga,Glencourse,3ea52eb1-7842-43f4-ba2d-4b3627a04113,19,15.5,1525325,0,11.06
2026-10-06T10:34:04.128000+00:00,,2026-10-06T10:34:04.128000+00:00,,4,Kelani Ganga,Nagalagam Street,47cbbdc7-7845-48a7-ba29-8b7e033c2287,7,5,1525324,0,1.9
2026-10-06T10:33:43.296000+00:00,,2026-10-06T10:33:43.296000+00:00,,6.5,Kelani Ganga,Hanwella,222eab27-ed4a-4499-8fd9-f37db3147d51,9.5,7.5,1525323,0,3.29
2026-10-06T10:33:30.435000+00:00,,2026-10-06T10:33:30.435000+00:00,,1.5,Kelani Ganga,Norwood,612dea48-b350-43c8-9faa-e412781c0832,4.5,3,1525322,0,0.96
2026-10-06T10:33:25.329000+00:00,,2026-10-06T10:33:25.329000+00:00,,5,Kalu Ganga,Kalawellawa (Millakanda),d21dd9fd-754f-4f55-b490-68e932c55bec,8,6.5,1525321,1.5,3.53
2026-10-06T10:33:19.033000+00:00,,2026-10-06T10:33:19.033000+00:00,,3,Kalu Ganga,Putupaula,5d611c91-4af7-4a13-a43c-f3f180518a92,5,4,1525320,0,0.98
2026-10-06T10:33:10.281000+00:00,,2026-10-06T10:33:10.281000+00:00,,5,Mahaweli Ganga,Weraganthota,5ecd27c0-c917-46cf-b1b6-b02f53a059da,8,6,1525319,0,-2.98
2026-10-06T10:32:49.640000+00:00,,2026-10-06T10:32:49.640000+00:00,,5,Maha Oya,Badalgama,64893c55-374d-44ab-9082-57fdc421e860,9.6,6.2,1525318,0,2.83
2026-10-06T10:32:38.850000+00:00,,2026-10-06T10:32:38.850000+00:00,,3,Kelani Ganga,Kithulgala,aa127b4c-b8eb-41b1-b069-e724e2c84047,6,4,1525317,0,2.03
2026-10-06T10:32:29.207000+00:00,,2026-10-06T10:32:29.207000+00:00,,4.84,Mee Oya,Galgamuwa,cd3be85a-49fa-4bde-bb37-b2975ed3f4a3,8,5.94,1525316,0,0.05
2026-10-06T10:32:18.439000+00:00,,2026-10-06T10:32:18.439000+00:00,,5,Mahaweli Ganga,Peradeniya,12440b44-3de6-41a5-bd95-1232b50cc6d5,9,7,1525315,3.4,1.95
2026-10-06T10:32:13.808000+00:00,,2026-10-06T10:32:13.808000+00:00,,6.9,Kirindi Oya,Kuda Oya,677870b0-e67b-455d-8159-b8fb1fedcee6,8.8,8.4,1525314,0,1.06
2026-10-06T10:32:13.541000+00:00,,2026-10-06T10:32:13.541000+00:00,,10,Kalu Ganga,Ellagawa,0905dbc3-e7f8-42b7-a366-3b44aa105fcf,12.2,10.7,1525313,0,5.74
2026-10-06T10:32:12.867000+00:00,,2026-10-06T10:32:12.867000+00:00,,4.4,Kirindi Oya,Wellawaya,77890880-aa81-423a-a3e5-1ecaf737ea0f,5.9,5.4,1525312,0,0.84
2026-10-06T10:31:49.969000+00:00,,2026-10-06T10:31:49.969000+00:00,,4.5,Heda Oya,Siyambalanduwa,ce978b76-08b5-4e7a-b283-85c231d770d6,7,6,1525311,0,0.27
2026-10-06T10:31:29.092000+00:00,,2026-10-06T10:31:29.092000+00:00,,4,Kirindi Oya,Thanamalwila,d64e555a-a6d4-4320-ad23-a265db9ad01f,5.5,5,1525310,0,0.68
2026-10-06T10:31:28.476000+00:00,,2026-10-06T10:31:28.476000+00:00,,4,Ma Oya,Yaka Wewa,86e4a9bd-816d-4c4e-957a-c14183a69f3b,6,5,1525309,0,0.4
2026-10-06T10:31:25.280000+00:00,,2026-10-06T10:31:25.280000+00:00,,3,Walawe Ganga,Moraketiya,2d6a449c-af4d-4b07-934c-bf68138ff7b4,7,5,1525308,0,0.96
2026-10-06T10:31:17.891000+00:00,,2026-10-06T10:31:17.891000+00:00,,3.5,Mahaweli Ganga,Nawalapitiya,f511fc01-999a-45a5-89c1-681f0efcd7ad,6,5,1525307,0,1.35
2026-10-06T10:31:10.943000+00:00,,2026-10-06T10:31:10.943000+00:00,,4,Menik Ganga,Katharagama,44ff444f-07fe-4bf9-9d07-5a2cbf9c80f3,6.5,4.6,1525306,0,-0.24
2026-10-06T10:31:09.923000+00:00,,2026-10-06T10:31:09.923000+00:00,,4.75,Deduru Oya,Moragaswewa,93750071-d312-4651-8004-0d6b4991b62f,7,6,1525305,0,0.01
2026-10-06T10:31:04.309000+00:00,,2026-10-06T10:31:04.309000+00:00,,3,Mahaweli Ganga,Manampitiya,9da2f72e-83b3-4e0d-a187-245b9c71ad97,6,4.3,1525304,0,-0.1
2026-10-06T10:30:55.476000+00:00,,2026-10-06T10:30:55.476000+00:00,,6,Yan Oya,Horowpothana,8df11e87-65b3-414e-b14d-2708b7756fee,10.5,7.5,1525303,0,1.68
2026-10-06T10:30:54.779000+00:00,,2026-10-06T10:30:54.779000+00:00,,,Gal Oya,Ampara,93ba1a5b-7474-460c-8581-8f21cb7ed979,,,1525302,0,0
2026-10-06T10:30:38.126000+00:00,,2026-10-06T10:30:38.126000+00:00,,3,Mahaweli Ganga,Thaldena,d7bd4c3e-73ba-4a8c-85b4-dc627378569a,5,4,1525301,0,0.21
2026-10-06T10:30:26.340000+00:00,,2026-10-06T10:30:26.340000+00:00,,5,Kumbukkan Oya,Nakkala,30b2d6ac-35e2-47c3-b6d4-f2d8eb6afd96,7.5,6,1525300,0,0.7
2026-10-06T09:37:13.026000+00:00,,2026-10-06T09:37:13.026000+00:00,,4,Kirindi Oya,Thanamalwila,5ff32258-4517-4e33-8f42-b1b840048a37,5.5,5,1525299,0,0.68
2026-10-06T09:36:34.591000+00:00,,2026-10-06T09:36:34.591000+00:00,,4,Kalu Ganga,Magura,d1be6943-04ee-48b6-a064-659f131bffc5,7.5,6,1525298,0,1.86
2026-10-06T09:36:07.176000+00:00,,2026-10-06T09:36:07.176000+00:00,,3,Walawe Ganga,Moraketiya,964c1841-eae0-49d1-a0c4-9b95dd14222c,7,5,1525297,0,0.96
2026-10-06T09:36:04.227000+00:00,,2026-10-06T09:36:04.227000+00:00,,5,Mahaweli Ganga,Weraganthota,a90c8c24-c926-4fdc-a33b-2b4d5b9cd156,8,6,1525296,0,-2.89
2026-10-06T09:35:49.777000+00:00,,2026-10-06T09:35:49.777000+00:00,,15,Kelani Ganga,Glencourse,2b228c97-cf32-4274-b500-3dfb9965dc58,19,15.5,1525295,0,11.16
2026-10-06T09:35:31.981000+00:00,,2026-10-06T09:35:31.981000+00:00,,3,Mahaweli Ganga,Manampitiya,c4fac4bc-3656-4bb0-9623-92226fd7b748,6,4.3,1525294,0,-0.12
2026-10-06T09:35:08.382000+00:00,,2026-10-06T09:35:08.382000+00:00,,3.3,Aththanagalu Oya,Dunamale,b1061052-96d8-46ca-bbc4-62c6e2dd57fa,5.5,4.4,1525293,0,2.28
2026-10-06T09:34:55.585000+00:00,,2026-10-06T09:34:55.585000+00:00,,5.2,Kalu Ganga,Rathnapura,f79898be-08d0-4296-851b-ed5504c024d8,9.5,7.5,1525292,0,1.41
2026-10-06T09:34:51.927000+00:00,,2026-10-06T09:34:51.927000+00:00,,1.5,Kelani Ganga,Norwood,cfae32ed-cd36-4a5a-ade4-cf8bd4798902,4.5,3,1525291,0,0.94
2026-10-06T09:34:44.173000+00:00,,2026-10-06T09:34:44.173000+00:00,,4,Gin Ganga,Thawalama,1e06e603-dbd1-486f-92a4-ca983fc8b76f,7.5,6,1525290,0,2.04
2026-10-06T09:34:26.780000+00:00,,2026-10-06T09:34:26.780000+00:00,,5,Mahaweli Ganga,Peradeniya,10258473-920d-4347-b52e-63c34c225b18,9,7,1525289,0,1.98
2026-10-06T09:34:21.339000+00:00,,2026-10-06T09:34:21.339000+00:00,,4,Kelani Ganga,Nagalagam Street,57d41963-c8b9-4b59-9115-c7f39c35f5d4,7,5,1525288,0,2.1
2026-10-06T09:34:08.505000+00:00,,2026-10-06T09:34:08.505000+00:00,,4,Maduru Oya,Padiyathalawa,8e756a1b-564b-4060-b82a-e5f474b4f17c,6,4.5,1525287,0,0.1
2026-10-06T09:33:56.713000+00:00,,2026-10-06T09:33:56.713000+00:00,,5,Kalu Ganga,Kalawellawa (Millakanda),dfed88de-e94c-4765-85c7-0e05607f48cc,8,6.5,1525286,0,3.62
2026-10-06T09:33:44.656000+00:00,,2026-10-06T09:33:44.656000+00:00,,3,Kelani Ganga,Holombuwa,8641f51a-9289-447f-9102-1244085bb099,6,4,1525285,0,0.87
2026-10-06T09:33:22.636000+00:00,,2026-10-06T09:33:22.636000+00:00,,4.4,Kirindi Oya,Wellawaya,56f27e5c-6f58-4f03-93b0-9fd9430f07ce,5.9,5.4,1525284,0,0.91
2026-10-06T09:33:16.186000+00:00,,2026-10-06T09:33:16.186000+00:00,,10,Kalu Ganga,Ellagawa,a371732f-bfd2-4e68-add9-4b53a1bea23f,12.2,10.7,1525283,0,5.8
2026-10-06T09:33:15.382000+00:00,,2026-10-06T09:33:15.382000+00:00,,4.84,Mee Oya,Galgamuwa,0c7d3974-6ba6-4f53-b6c0-689fb679362d,8,5.94,1525282,0,0.05
2026-10-06T09:33:14.310000+00:00,,2026-10-06T09:33:14.310000+00:00,,4,Nilwala Ganga,Pitabeddara,b35759ae-db1c-4463-8e7b-6df6f19e035d,6.5,5,1525281,0,1.09
2026-10-06T09:33:12.130000+00:00,,2026-10-06T09:33:12.130000+00:00,,5,Malwathu Oya,Thanthirimale,2320918d-2ce5-43dd-9cab-e35c3588b7c7,7.8,6.8,1525280,0,0.88
2026-10-06T09:33:09.558000+00:00,,2026-10-06T09:33:09.558000+00:00,,6.5,Kelani Ganga,Hanwella,e6c0bd2b-6caf-4e78-95b4-16abca9bde26,9.5,7.5,1525279,0,3.38
2026-10-06T09:33:07.419000+00:00,,2026-10-06T09:33:07.419000+00:00,,5.5,Maha Oya,Giriulla,ae7bebb0-d0a1-487b-8311-a493d8d675bc,7.5,6.5,1525278,0,1.53
2026-10-06T09:32:55.376000+00:00,,2026-10-06T09:32:55.376000+00:00,,3.5,Gin Ganga,Baddegama,559ea9b5-2f0a-4e2a-9e0c-fcc368e0bdfe,5,4,1525277,0,2.03
2026-10-06T09:32:44.018000+00:00,,2026-10-06T09:32:44.018000+00:00,,3,Kalu Ganga,Putupaula,9a25302d-a7cc-4602-8f53-28229d20b645,5,4,1525276,0,1.03
2026-10-06T09:32:40.174000+00:00,,2026-10-06T09:32:40.174000+00:00,,4,Menik Ganga,Katharagama,050e144d-acef-4bc9-8fe2-98151ee6f878,6.5,4.6,1525275,0,-0.24
2026-10-06T09:32:36.029000+00:00,,2026-10-06T09:32:36.029000+00:00,,5,Nilwala Ganga,Panadugama,0454ace3-6846-4954-be78-0b91cd85eb49,7.5,6,1525274,15.2,3.61
2026-10-06T09:32:16.902000+00:00,,2026-10-06T09:32:16.902000+00:00,,5,Maha Oya,Badalgama,52fae6bc-8cdd-4a5d-aa21-d7734fa879bc,9.6,6.2,1525273,0,2.88
2026-10-06T09:32:06.324000+00:00,,2026-10-06T09:32:06.324000+00:00,,1.4,Nilwala Ganga,Thalgahagoda,5326ac42-f83d-4454-a82d-ea5a6b1e1dd4,2.8,1.7,1525272,0,0.7
2026-10-06T09:31:48.320000+00:00,,2026-10-06T09:31:48.320000+00:00,,,Gal Oya,Ampara,db8789be-1c7a-45f4-abed-1d1ca25b616b,,,1525271,0,0
2026-10-06T09:31:25.166000+00:00,,2026-10-06T09:31:25.166000+00:00,,4,Ma Oya,Yaka Wewa,b695dc55-b91b-4b66-bd9a-0ae243552dde,6,5,1525270,0,0.4
2026-10-06T09:31:23.312000+00:00,,2026-10-06T09:31:23.312000+00:00,,3,Mahaweli Ganga,Thaldena,38c6f352-7ef9-4d69-bcc6-b25fc4db9cfa,5,4,1525269,0,0.19
2026-10-06T09:31:21.444000+00:00,,2026-10-06T09:31:21.444000+00:00,,3.5,Mahaweli Ganga,Nawalapitiya,783321cc-4d0e-46c3-ab71-37a3e49b46ce,6,5,1525268,0,1.35
2026-10-06T09:31:21.318000+00:00,,2026-10-06T09:31:21.318000+00:00,,4.75,Deduru Oya,Moragaswewa,724a1b59-aaaa-4535-af29-944e46c6eacd,7,6,1525267,0,0.02
2026-10-06T09:31:16.467000+00:00,,2026-10-06T09:31:16.467000+00:00,,4.8,Kelani Ganga,Deraniyagala,114569fb-3703-46da-adc8-9672a943c7d2,7,5.8,1525266,0,0.84
2026-10-06T09:31:10.713000+00:00,,2026-10-06T09:31:10.713000+00:00,,5,Kumbukkan Oya,Nakkala,e2ee7105-aa3c-48be-8bbc-b9737329d4b2,7.5,6,1525265,0,0.72
2026-10-06T09:31:08.485000+00:00,,2026-10-06T09:31:08.485000+00:00,,3,Kelani Ganga,Kithulgala,e23bebd8-28c9-4377-abce-76e6ca7f7101,6,4,1525264,0,1.78
2026-10-06T09:31:05.149000+00:00,,2026-10-06T09:31:05.149000+00:00,,6.9,Kirindi Oya,Kuda Oya,ce93c9ca-8129-46ab-adde-338ae17dcdd6,8.8,8.4,1525263,0,1.06
2026-10-06T09:30:34.487000+00:00,,2026-10-06T09:30:34.487000+00:00,,6,Yan Oya,Horowpothana,b2cf67a9-3c3d-4913-8ce7-14a607b50459,10.5,7.5,1525262,0,1.68
2026-10-06T09:30:31.688000+00:00,,2026-10-06T09:30:31.688000+00:00,,4.5,Heda Oya,Siyambalanduwa,c7a9fae6-8237-4003-8240-0362e66f4495,7,6,1525261,0,0.28
2026-10-06T08:46:40.436000+00:00,,2026-10-06T08:46:40.436000+00:00,,1.4,Nilwala Ganga,Thalgahagoda,b5ae5e84-b4c0-4740-bb4c-aeef53a32cd5,2.8,1.7,1525260,0,0.7
2026-10-06T08:43:11.487000+00:00,,2026-10-06T08:43:11.487000+00:00,,4,Gin Ganga,Thawalama,1e6d81bf-e1d6-4f29-8b3d-5ff5bdcfbc6b,7.5,6,1525259,0,2.04
2026-10-06T08:41:44.832000+00:00,,2026-10-06T08:41:44.832000+00:00,,3.3,Aththanagalu Oya,Dunamale,a286346c-be28-4e3c-8155-9eb3aaf3409c,5.5,4.4,1525258,0,2.32
2026-10-06T08:38:32.079000+00:00,,2026-10-06T08:38:32.079000+00:00,,4,Kalu Ganga,Magura,4339c209-01e7-4615-af66-c019823d86bc,7.5,6,1525257,0,1.9
2026-10-06T08:37:49.449000+00:00,,2026-10-06T08:37:49.449000+00:00,,4.84,Mee Oya,Galgamuwa,25af3844-5633-49e8-a811-084cbe5aa514,8,5.94,1525256,0,0.06
2026-10-06T08:37:26.441000+00:00,,2026-10-06T08:37:26.441000+00:00,,2.5,Nilwala Ganga,Urawa,b29fc404-26eb-45f1-b7b9-a10fb288aa0c,6,4,1525255,10,0.44
2026-10-06T08:36:52.885000+00:00,,2026-10-06T08:36:52.885000+00:00,,4,Kelani Ganga,Nagalagam Street,5aac4810-00e1-49ab-9acb-51dd7db104d9,7,5,1525254,0,2.25
2026-10-06T08:36:26.160000+00:00,,2026-10-06T08:36:26.160000+00:00,,4.8,Kelani Ganga,Deraniyagala,f981a8f6-cffd-4de9-9560-78273e775102,7,5.8,1525253,0,0.85
2026-10-06T08:35:31.359000+00:00,,2026-10-06T08:35:31.359000+00:00,,5,Maha Oya,Badalgama,b9ef3f6d-e465-49cc-9319-213dd8404165,9.6,6.2,1525252,0,2.91
2026-10-06T08:35:28.967000+00:00,,2026-10-06T08:35:28.967000+00:00,,6.9,Kirindi Oya,Kuda Oya,a8358dfe-7748-4f59-99ea-66572c161a90,8.8,8.4,1525251,0,1.06
2026-10-06T08:34:29.847000+00:00,,2026-10-06T08:34:29.847000+00:00,,4,Menik Ganga,Katharagama,dc044819-96b0-470d-8bd5-8d1aadfba417,6.5,4.6,1525250,0,-0.24
2026-10-06T08:34:29.147000+00:00,,2026-10-06T08:34:29.147000+00:00,,6.5,Kelani Ganga,Hanwella,9b9e3bfb-b0da-49b0-a8fd-1e0408c463ee,9.5,7.5,1525249,0,3.48
2026-10-06T08:34:27.703000+00:00,,2026-10-06T08:34:27.703000+00:00,,15,Kelani Ganga,Glencourse,200b8624-d387-4650-84e2-905804db76bf,19,15.5,1525248,0,11.25
2026-10-06T08:34:19.516000+00:00,,2026-10-06T08:34:19.516000+00:00,,3.5,Gin Ganga,Baddegama,09ea83f8-15ab-42d1-a4ea-ed3c16204415,5,4,1525247,0,2.06
2026-10-06T08:33:50.761000+00:00,,2026-10-06T08:33:50.761000+00:00,,3,Kelani Ganga,Holombuwa,d85a4f94-25f1-4a39-8dcc-20c0363643f6,6,4,1525246,0,0.86
2026-10-06T08:33:39.888000+00:00,,2026-10-06T08:33:39.888000+00:00,,3,Kalu Ganga,Putupaula,91911717-ba65-4d01-aeb2-016cd05e263d,5,4,1525245,0,1.03
2026-10-06T08:33:34.026000+00:00,,2026-10-06T08:33:34.026000+00:00,,1.5,Kelani Ganga,Norwood,9c9effa9-8770-4ebb-aed5-5de464a6ad2c,4.5,3,1525244,21.6,0.96
2026-10-06T08:33:30.720000+00:00,,2026-10-06T08:33:30.720000+00:00,,5,Mahaweli Ganga,Peradeniya,9e4b561e-51af-460f-9f15-b3b6a839c610,9,7,1525243,0,2.06
2026-10-06T08:33:11.219000+00:00,,2026-10-06T08:33:11.219000+00:00,,4.75,Deduru Oya,Moragaswewa,a1267095-ca3f-4aea-af27-91b56ccc2bab,7,6,1525242,0,0.02
2026-10-06T08:32:53.211000+00:00,,2026-10-06T08:32:53.211000+00:00,,4.4,Kirindi Oya,Wellawaya,bf97afe7-2464-4369-bd6b-011e4365be73,5.9,5.4,1525241,0,0.92
2026-10-06T08:32:47.746000+00:00,,2026-10-06T08:32:47.746000+00:00,,4,Nilwala Ganga,Pitabeddara,4002117b-0e58-4e9c-b0e2-f76998164614,6.5,5,1525240,0,1.1
2026-10-06T08:32:43.005000+00:00,,2026-10-06T08:32:43.005000+00:00,,5.2,Kalu Ganga,Rathnapura,c7c2dce0-5694-42fe-8adc-e2460828a59b,9.5,7.5,1525239,0,1.42
2026-10-06T08:32:38.422000+00:00,,2026-10-06T08:32:38.422000+00:00,,3,Walawe Ganga,Moraketiya,d39b2ff1-45ea-477d-ad6d-32efb092c918,7,5,1525238,0,0.96
2026-10-06T08:32:29.281000+00:00,,2026-10-06T08:32:29.281000+00:00,,5,Nilwala Ganga,Panadugama,c4a45aba-b0ea-4278-ba9c-b2b13beae2b3,7.5,6,1525237,0,3.64
2026-10-06T08:32:22.366000+00:00,,2026-10-06T08:32:22.366000+00:00,,5,Kalu Ganga,Kalawellawa (Millakanda),93e3995a-9724-4ebe-acdb-ad318a9c8ca7,8,6.5,1525236,0,3.69
2026-10-06T08:32:19.037000+00:00,,2026-10-06T08:32:19.037000+00:00,,3,Kelani Ganga,Kithulgala,4a3ad8ed-fea3-4569-8fff-b999c386235a,6,4,1525235,0,1.93
2026-10-06T08:32:13.475000+00:00,,2026-10-06T08:32:13.475000+00:00,,5.5,Maha Oya,Giriulla,fdd8b861-2605-4729-818a-7381b9b27887,7.5,6.5,1525234,0,1.57
2026-10-06T08:32:09.009000+00:00,,2026-10-06T08:32:09.009000+00:00,,3,Mahaweli Ganga,Thaldena,d1c984b6-53ca-4e52-8a6a-0be24b499ed2,5,4,1525233,0,0.22
2026-10-06T08:32:07.840000+00:00,,2026-10-06T08:32:07.840000+00:00,,10,Kalu Ganga,Ellagawa,740b70b1-3bb8-4c91-bb22-c2eb34db387a,12.2,10.7,1525232,0,5.86
2026-10-06T08:32:05.003000+00:00,,2026-10-06T08:32:05.003000+00:00,,4,Ma Oya,Yaka Wewa,e862824c-db10-47f3-ab50-d90acc2eef16,6,5,1525231,0.5,0.4
2026-10-06T08:31:17.921000+00:00,,2026-10-06T08:31:17.921000+00:00,,4,Kirindi Oya,Thanamalwila,445310e2-51dd-4598-8a71-8347b4be8708,5.5,5,1525230,0,0.67
2026-10-06T08:31:04.225000+00:00,,2026-10-06T08:31:04.225000+00:00,,5,Malwathu Oya,Thanthirimale,61bbdaf6-0393-465b-bd75-16b6c6e73e7a,7.8,6.8,1525229,0,0.88
2026-10-06T08:31:03.245000+00:00,,2026-10-06T08:31:03.245000+00:00,,3,Mahaweli Ganga,Manampitiya,907aba28-6e5d-4f41-b6da-44eac9d5f58e,6,4.3,1525228,0,-0.12
2026-10-06T08:30:51.042000+00:00,,2026-10-06T08:30:51.042000+00:00,,4.5,Heda Oya,Siyambalanduwa,563d4c5c-5e63-4568-8a78-61b7475ecbef,7,6,1525227,0,0.28
2026-10-06T08:30:45.293000+00:00,,2026-10-06T08:30:45.293000+00:00,,,Gal Oya,Ampara,05d3c3b7-5716-45aa-b743-c69d6c28a731,,,1525226,0,0
2026-10-06T08:30:37.592000+00:00,,2026-10-06T08:30:37.592000+00:00,,4,Maduru Oya,Padiyathalawa,a0db6d51-d8d6-4b1a-9718-a5bcdc85119d,6,4.5,1525225,0,0.1
2026-10-06T08:30:25.865000+00:00,,2026-10-06T08:30:25.865000+00:00,,6,Yan Oya,Horowpothana,cac28a75-0c83-4075-a7ac-5285f0201053,10.5,7.5,1525224,0,1.68
2026-10-06T08:30:24.102000+00:00,,2026-10-06T08:30:24.102000+00:00,,5,Mahaweli Ganga,Weraganthota,8a75f3b3-af50-4db2-9874-e02dbe6ab3b9,8,6,1525223,0,-2.79
2026-10-06T08:30:23.718000+00:00,,2026-10-06T08:30:23.718000+00:00,,3.5,Mahaweli Ganga,Nawalapitiya,ae95e252-a735-4035-bb7d-ae139bf89b9c,6,5,1525222,0,1.36
2026-10-06T08:30:09.067000+00:00,,2026-10-06T08:30:09.067000+00:00,,5,Kumbukkan Oya,Nakkala,8e99287f-2106-466a-9ad4-364338063f47,7.5,6,1525221,0,0.76
2026-10-06T07:53:11.518000+00:00,,2026-10-06T07:53:11.518000+00:00,,4,Gin Ganga,Thawalama,0709a491-8a33-4734-ba4e-2d4c4c7e0b29,7.5,6,1525220,0,2.04
2026-10-06T07:47:07.007000+00:00,,2026-10-06T07:47:07.007000+00:00,,4,Maduru Oya,Padiyathalawa,66a0cce2-3244-4374-b19e-67912c9a70fe,6,4.5,1525219,0,0.1
2026-10-06T07:38:26.235000+00:00,,2026-10-06T07:38:26.235000+00:00,,4,Kalu Ganga,Magura,dd6c247a-ccb9-44f2-bd2e-d486b28be7e7,7.5,6,1525218,0,1.99
2026-10-06T07:36:56.616000+00:00,,2026-10-06T07:36:56.616000+00:00,,4.8,Kelani Ganga,Deraniyagala,92afa90c-1d66-4cf4-9226-c2d98ed470b2,7,5.8,1525217,0,0.86
2026-10-06T07:35:44.050000+00:00,,2026-10-06T07:35:44.050000+00:00,,4,Kelani Ganga,Nagalagam Street,62a033d0-0762-4563-a591-0b3b85078745,7,5,1525216,0,2.4
2026-10-06T07:35:37.790000+00:00,,2026-10-06T07:35:37.790000+00:00,,3,Kalu Ganga,Putupaula,478b11e0-0f2a-4628-87d7-24878248787c,5,4,1525215,0,1.04
2026-10-06T07:35:36.825000+00:00,,2026-10-06T07:35:36.825000+00:00,,1.4,Nilwala Ganga,Thalgahagoda,f025ece6-673a-4e00-bab8-685c3c8a6892,2.8,1.7,1525214,0,0.68
2026-10-06T07:35:02.951000+00:00,,2026-10-06T07:35:02.951000+00:00,,3,Kelani Ganga,Holombuwa,5d55a76d-eb4a-4a1c-ac56-d51650602bb9,6,4,1525213,0,0.86
2026-10-06T07:34:54.113000+00:00,,2026-10-06T07:34:54.113000+00:00,,5.2,Kalu Ganga,Rathnapura,931b5f39-ca97-4478-b475-388340d06ba3,9.5,7.5,1525212,0,1.46
2026-10-06T07:34:45.978000+00:00,,2026-10-06T07:34:45.978000+00:00,,4,Menik Ganga,Katharagama,f50ab513-4a3e-40fb-9b39-a0d60a37a283,6.5,4.6,1525211,0,-0.24
2026-10-06T07:34:24.913000+00:00,,2026-10-06T07:34:24.913000+00:00,,5,Maha Oya,Badalgama,fe04015c-80b4-4055-ad3c-99c1170ec2cf,9.6,6.2,1525210,0,2.95
2026-10-06T07:34:05.575000+00:00,,2026-10-06T07:34:05.575000+00:00,,6.5,Kelani Ganga,Hanwella,fc304382-7fee-4515-88be-2e727eeb0456,9.5,7.5,1525209,0,3.58
2026-10-06T07:33:50.797000+00:00,,2026-10-06T07:33:50.797000+00:00,,5,Mahaweli Ganga,Peradeniya,47bd458c-9528-48e4-b82e-31d48ec5a5b7,9,7,1525208,0,2.08
2026-10-06T07:33:27.485000+00:00,,2026-10-06T07:33:27.485000+00:00,,3.5,Gin Ganga,Baddegama,e898be88-eb9c-4e77-aa15-6b7fde71b39a,5,4,1525207,0,2.08
2026-10-06T07:33:22.810000+00:00,,2026-10-06T07:33:22.810000+00:00,,3,Walawe Ganga,Moraketiya,b8de4a23-7aef-4acb-9898-0d302c42f231,7,5,1525206,0,0.96
2026-10-06T07:33:19.064000+00:00,,2026-10-06T07:33:19.064000+00:00,,2.5,Nilwala Ganga,Urawa,189b70d5-c541-465d-b7c9-2f0e30516578,6,4,1525205,0,0.44
2026-10-06T07:33:01.342000+00:00,,2026-10-06T07:33:01.342000+00:00,,5,Kalu Ganga,Kalawellawa (Millakanda),f2ebb2e3-8258-4231-b763-e84b82b2c19b,8,6.5,1525204,0,3.76
2026-10-06T07:32:57.267000+00:00,,2026-10-06T07:32:57.267000+00:00,,1.5,Kelani Ganga,Norwood,afe2b634-c408-486d-9e2e-2b734d6bbb6a,4.5,3,1525203,0,0.89
2026-10-06T07:32:49.357000+00:00,,2026-10-06T07:32:49.357000+00:00,,3.3,Aththanagalu Oya,Dunamale,06355189-00e6-4651-a39e-1b19d7f4225c,5.5,4.4,1525202,0,2.36
2026-10-06T07:32:43.839000+00:00,,2026-10-06T07:32:43.839000+00:00,,10,Kalu Ganga,Ellagawa,a03789cd-0479-470c-8dd3-b62e28a2b878,12.2,10.7,1525201,0,5.94
2026-10-06T07:32:36.674000+00:00,,2026-10-06T07:32:36.674000+00:00,,15,Kelani Ganga,Glencourse,b8863d5d-43bd-4674-b076-e765d625b443,19,15.5,1525200,0,11.32
2026-10-06T07:32:18.652000+00:00,,2026-10-06T07:32:18.652000+00:00,,5.5,Maha Oya,Giriulla,a847fbf8-2a11-4f7c-ac1a-9b0751fcc9b3,7.5,6.5,1525199,0,1.6
2026-10-06T07:32:04.883000+00:00,,2026-10-06T07:32:04.883000+00:00,,6.9,Kirindi Oya,Kuda Oya,4d00d693-d08d-43ea-a7d4-88f70374f70b,8.8,8.4,1525198,0,1.06
2026-10-06T07:31:47.081000+00:00,,2026-10-06T07:31:47.081000+00:00,,3,Kelani Ganga,Kithulgala,e910eb80-8726-49c5-8e47-a7b3ed34558e,6,4,1525197,0,1.95
2026-10-06T07:31:39.521000+00:00,,2026-10-06T07:31:39.521000+00:00,,3,Mahaweli Ganga,Thaldena,9689a546-a8fe-4fd8-9914-99d0d5967a76,5,4,1525196,0,0.21
2026-10-06T07:31:38.465000+00:00,,2026-10-06T07:31:38.465000+00:00,,,Gal Oya,Ampara,1bb44f57-753f-4b19-832a-28128567133c,,,1525195,0,0
2026-10-06T07:31:37.857000+00:00,,2026-10-06T07:31:37.857000+00:00,,4,Ma Oya,Yaka Wewa,1f138c56-ecac-4f4e-8231-3dcb7863ea5a,6,5,1525194,0,0.4
2026-10-06T07:31:25.497000+00:00,,2026-10-06T07:31:25.497000+00:00,,6,Yan Oya,Horowpothana,1c10bef9-5efa-4863-b4fc-8005e2ea7a48,10.5,7.5,1525193,0,1.68
2026-10-06T07:31:24.165000+00:00,,2026-10-06T07:31:24.165000+00:00,,3.5,Mahaweli Ganga,Nawalapitiya,bc9dc5fe-a319-4805-8dae-486517ddaf6b,6,5,1525192,0,1.36
2026-10-06T07:31:22.824000+00:00,,2026-10-06T07:31:22.824000+00:00,,4,Kirindi Oya,Thanamalwila,39a5ed35-8509-428a-b464-51599aaf4af8,5.5,5,1525191,0,0.62
2026-10-06T07:31:17.464000+00:00,,2026-10-06T07:31:17.464000+00:00,,5,Mahaweli Ganga,Weraganthota,d25729d5-2bc4-4270-9005-40f393d372b6,8,6,1525190,0,-2.65
2026-10-06T07:31:13.479000+00:00,,2026-10-06T07:31:13.479000+00:00,,4.4,Kirindi Oya,Wellawaya,afb9382e-351d-43f2-94b3-9f186ed2029a,5.9,5.4,1525189,0,0.93
2026-10-06T07:31:13.279000+00:00,,2026-10-06T07:31:13.279000+00:00,,4.84,Mee Oya,Galgamuwa,9c9a66b6-da20-494b-9df3-64a0d6d66e1f,8,5.94,1525188,0,0.06
2026-10-06T07:31:07.891000+00:00,,2026-10-06T07:31:07.891000+00:00,,5,Nilwala Ganga,Panadugama,c736c1fc-bc2f-4473-944f-d8a8c15ee69e,7.5,6,1525187,0,3.68
2026-10-06T07:30:47.777000+00:00,,2026-10-06T07:30:47.777000+00:00,,5,Malwathu Oya,Thanthirimale,ac20e81a-d2bc-4ab3-a60c-fd9a0de1be36,7.8,6.8,1525186,0,0.87
2026-10-06T07:30:46.918000+00:00,,2026-10-06T07:30:46.918000+00:00,,4,Nilwala Ganga,Pitabeddara,e1661060-11a2-4021-b790-67a93e9ffc8e,6.5,5,1525185,0,1.11
2026-10-06T07:30:46.141000+00:00,,2026-10-06T07:30:46.141000+00:00,,5,Kumbukkan Oya,Nakkala,e7e4187a-d1ce-4d47-9ef8-dca019e90459,7.5,6,1525184,0,0.76
2026-10-06T07:30:43.075000+00:00,,2026-10-06T07:30:43.075000+00:00,,4.75,Deduru Oya,Moragaswewa,2b994fc8-a89f-46ea-b264-ea5307597e92,7,6,1525183,0,0.02
2026-10-06T07:30:16.222000+00:00,,2026-10-06T07:30:16.222000+00:00,,5,Mahaweli Ganga,Weraganthota,3ffe626b-e521-48fa-b745-aef954408d21,8,6,1525182,0,-2.6541
2026-10-06T07:30:15.901000+00:00,,2026-10-06T07:30:15.901000+00:00,,4.5,Heda Oya,Siyambalanduwa,0c01052d-9186-4e96-9664-1b66fa493679,7,6,1525181,0,0.28
2026-10-06T07:02:28.405000+00:00,,2026-10-06T07:02:28.405000+00:00,,3,Kelani Ganga,Holombuwa,1e5f4dab-7de3-4d93-8ddf-09a3f5e513f1,6,4,1525180,0,0.94
2026-10-06T06:39:58.480000+00:00,,2026-10-06T06:39:58.480000+00:00,,4,Kalu Ganga,Magura,c31dd884-d3f0-4747-bf88-a46e812bb095,7.5,6,1525179,0,2.18
2026-10-06T06:38:29.477000+00:00,,2026-10-06T06:38:29.477000+00:00,,1.4,Nilwala Ganga,Thalgahagoda,1abac1f8-8726-4051-a467-16287c01e87f,2.8,1.7,1525178,0,0.63
2026-10-06T06:38:22.030000+00:00,,2026-10-06T06:38:22.030000+00:00,,5.2,Kalu Ganga,Rathnapura,89d48baa-3cf4-4d6d-9465-0dc84e91729c,9.5,7.5,1525177,0,1.52
2026-10-06T06:36:37.676000+00:00,,2026-10-06T06:36:37.676000+00:00,,5,Mahaweli Ganga,Peradeniya,8781ec7f-a117-4fcf-bc19-0bbde6007582,9,7,1525176,0,2.26
2026-10-06T06:36:31.075000+00:00,,2026-10-06T06:36:31.075000+00:00,,4,Gin Ganga,Thawalama,0222922a-4832-4e58-8bfc-212df3efe018,7.5,6,1525175,0,2.04
2026-10-06T06:36:20.702000+00:00,,2026-10-06T06:36:20.702000+00:00,,4,Kirindi Oya,Thanamalwila,64e457fd-7042-4aac-b62b-e6834f96a2e8,5.5,5,1525174,0,0.5
2026-10-06T06:36:15.562000+00:00,,2026-10-06T06:36:15.562000+00:00,,3.5,Gin Ganga,Baddegama,ffce8b27-3c2e-4fdb-b9c3-fceadb51b85c,5,4,1525173,0,2.1
2026-10-06T06:36:05.112000+00:00,,2026-10-06T06:36:05.112000+00:00,,3,Kelani Ganga,Holombuwa,270384b6-c995-4c39-bca2-15038136949e,6,4,1525172,0,0.94
2026-10-06T06:35:43.677000+00:00,,2026-10-06T06:35:43.677000+00:00,,4,Kelani Ganga,Nagalagam Street,b8e7a2ce-a2a9-4f1d-a225-59ff0f30e699,7,5,1525171,0,2.5
2026-10-06T06:35:42.051000+00:00,,2026-10-06T06:35:42.051000+00:00,,5,Kalu Ganga,Kalawellawa (Millakanda),7fb31819-5ab7-4b26-a378-9c8ccf6c15f8,8,6.5,1525170,0,3.82
2026-10-06T06:34:39.001000+00:00,,2026-10-06T06:34:39.001000+00:00,,5,Mahaweli Ganga,Weraganthota,d5543b28-5526-4b73-9856-999fb25da1b8,8,6,1525169,0,-2.58
2026-10-06T06:34:37.807000+00:00,,2026-10-06T06:34:37.807000+00:00,,15,Kelani Ganga,Glencourse,3f7e1749-7f39-4b0c-b786-2af7a8b323b7,19,15.5,1525168,0,11.4
2026-10-06T06:34:30.540000+00:00,,2026-10-06T06:34:30.540000+00:00,,5,Maha Oya,Badalgama,1c1e9a88-6c0d-4af1-a837-aec1308e77a4,9.6,6.2,1525167,0,2.98
2026-10-06T06:34:17.584000+00:00,,2026-10-06T06:34:17.584000+00:00,,4.8,Kelani Ganga,Deraniyagala,7473c586-5db8-40fb-96a2-e634dc52c91d,7,5.8,1525166,0,0.86
2026-10-06T06:34:03.966000+00:00,,2026-10-06T06:34:03.966000+00:00,,3,Kalu Ganga,Putupaula,0024bec6-ecda-4ce8-a2b6-a9f33ec1c805,5,4,1525165,0,0.99
2026-10-06T06:34:02.473000+00:00,,2026-10-06T06:34:02.473000+00:00,,5.5,Maha Oya,Giriulla,878a5435-a1d8-431d-be99-449097f0b447,7.5,6.5,1525164,0,1.64
2026-10-06T06:33:51.397000+00:00,,2026-10-06T06:33:51.397000+00:00,,1.5,Kelani Ganga,Norwood,e56ad8fb-6682-457c-8731-905a497e34fe,4.5,3,1525163,0,0.91
2026-10-06T06:33:34.298000+00:00,,2026-10-06T06:33:34.298000+00:00,,6.5,Kelani Ganga,Hanwella,1775d585-0aaf-47fa-a5ca-aba2a29457ec,9.5,7.5,1525162,0,3.68
2026-10-06T06:33:26.836000+00:00,,2026-10-06T06:33:26.836000+00:00,,4,Nilwala Ganga,Pitabeddara,eee2dc97-3510-4c56-9852-540e99a8b83d,6.5,5,1525161,0,1.12
2026-10-06T06:33:17.001000+00:00,,2026-10-06T06:33:17.001000+00:00,,4,Menik Ganga,Katharagama,dd2cdc9f-20b3-4e3b-b085-4faa02564cd6,6.5,4.6,1525160,0,-0.24
2026-10-06T06:33:16.197000+00:00,,2026-10-06T06:33:16.197000+00:00,,4.5,Heda Oya,Siyambalanduwa,f8c26fa4-25a8-4de1-9bab-81dfac57894f,7,6,1525159,0,0.28
2026-10-06T06:33:10.063000+00:00,,2026-10-06T06:33:10.063000+00:00,,2.5,Nilwala Ganga,Urawa,bf7c07d6-1408-4b56-b950-d9692ed51eff,6,4,1525158,0,0.46
2026-10-06T06:32:53.927000+00:00,,2026-10-06T06:32:53.927000+00:00,,3.3,Aththanagalu Oya,Dunamale,b93b31ae-2a75-483e-be51-c0134a35216b,5.5,4.4,1525157,0,2.4
2026-10-06T06:32:50.892000+00:00,,2026-10-06T06:32:50.892000+00:00,,5,Nilwala Ganga,Panadugama,872be3cf-8559-4b46-9a11-30a709e7fdbf,7.5,6,1525156,0,3.73
2026-10-06T06:32:49.143000+00:00,,2026-10-06T06:32:49.143000+00:00,,4.84,Mee Oya,Galgamuwa,43e08c30-ccb1-4b42-a7d3-14d8fa681cba,8,5.94,1525155,0,0.06
2026-10-06T06:32:42.001000+00:00,,2026-10-06T06:32:42.001000+00:00,,3,Mahaweli Ganga,Manampitiya,c0c1de0c-d6f9-4507-a6f5-b7eb9f2ef85b,6,4.3,1525154,0,-0.1
2026-10-06T06:32:35.099000+00:00,,2026-10-06T06:32:35.099000+00:00,,10,Kalu Ganga,Ellagawa,52ea07e2-9241-4de1-bf0c-09e06708fec2,12.2,10.7,1525153,0,5.99
2026-10-06T06:32:14.058000+00:00,,2026-10-06T06:32:14.058000+00:00,,4.4,Kirindi Oya,Wellawaya,7abb001a-1684-434d-8b9a-85bb000db69b,5.9,5.4,1525152,0,0.94
2026-10-06T06:32:09.399000+00:00,,2026-10-06T06:32:09.399000+00:00,,3,Kelani Ganga,Kithulgala,35eb8341-46d3-4068-a06a-f21dfb38106a,6,4,1525151,0,1.98
2026-10-06T06:32:02.198000+00:00,,2026-10-06T06:32:02.198000+00:00,,3,Mahaweli Ganga,Thaldena,7d46476d-836c-4b20-9ba6-46009d4c6ce4,5,4,1525150,0,0.22
2026-10-06T06:31:35.341000+00:00,,2026-10-06T06:31:35.341000+00:00,,,Gal Oya,Ampara,acd7dcb4-67c3-4e6f-8892-84566586b75e,,,1525149,0,0
2026-10-06T06:31:21.098000+00:00,,2026-10-06T06:31:21.098000+00:00,,4,Ma Oya,Yaka Wewa,6b8728ba-775d-4895-ad4e-0c894833940a,6,5,1525148,0,0.4
2026-10-06T06:31:10.660000+00:00,,2026-10-06T06:31:10.660000+00:00,,6.9,Kirindi Oya,Kuda Oya,db8038c8-a1e0-4be6-9778-01e6cabb8741,8.8,8.4,1525147,0,1.07
2026-10-06T06:31:08.783000+00:00,,2026-10-06T06:31:08.783000+00:00,,4.75,Deduru Oya,Moragaswewa,e2448323-778c-4a3a-b958-1177652586da,7,6,1525146,0,0.03
2026-10-06T06:30:46.103000+00:00,,2026-10-06T06:30:46.103000+00:00,,4,Maduru Oya,Padiyathalawa,8dfdcfb2-ab40-42dc-857a-234c9555e4e3,6,4.5,1525145,0,0.1
2026-10-06T06:30:39.667000+00:00,,2026-10-06T06:30:39.667000+00:00,,3.5,Mahaweli Ganga,Nawalapitiya,93e86105-7dd1-4abc-a7f2-52b990db682b,6,5,1525144,0,1.36
2026-10-06T06:30:32.718000+00:00,,2026-10-06T06:30:32.718000+00:00,,5,Malwathu Oya,Thanthirimale,dffb8de0-728c-47e4-af35-0176af0fefe5,7.8,6.8,1525143,0,0.87
2026-10-06T06:30:26.844000+00:00,,2026-10-06T06:30:26.844000+00:00,,5,Kumbukkan Oya,Nakkala,7981ca94-4ddc-4520-93a5-37bb777cc8d2,7.5,6,1525142,0,0.77
2026-10-06T06:30:08.600000+00:00,,2026-10-06T06:30:08.600000+00:00,,6,Yan Oya,Horowpothana,8ba23382-5ebd-45bb-ac48-aa97fac46758,10.5,7.5,1525141,0,1.68
2026-10-06T06:00:07.661000+00:00,,2026-10-06T06:00:07.661000+00:00,,1.4,Nilwala Ganga,Thalgahagoda,cf12f658-c190-4153-a794-37644bd63bdf,2.8,1.7,1525140,0,0.65
2026-10-06T05:49:17.369000+00:00,,2026-10-06T05:49:17.369000+00:00,,4,Menik Ganga,Katharagama,f351d531-a60b-4467-a7a4-709de16d6d29,6.5,4.6,1525139,0,-0.24
2026-10-06T05:47:44.583000+00:00,,2026-10-06T05:47:44.583000+00:00,,5,Mahaweli Ganga,Weraganthota,4740d567-8bd6-4c04-b7c2-fec9345350cc,8,6,1525138,0,-2.6
2026-10-06T05:46:42.656000+00:00,,2026-10-06T05:46:42.656000+00:00,,5,Nilwala Ganga,Panadugama,4f2d7831-69ee-4405-849c-ab28d283af6d,7.5,6,1525137,0,3.78
2026-10-06T05:40:53.886000+00:00,,2026-10-06T05:40:53.886000+00:00,,3.5,Gin Ganga,Baddegama,2cd515a1-2f7c-4784-8a63-3c385221b7a7,5,4,1525136,0,2.1
2026-10-06T05:40:16.125000+00:00,,2026-10-06T05:40:16.125000+00:00,,2.5,Nilwala Ganga,Urawa,f49ed874-0422-493f-bf2e-11fe6f7e35be,6,4,1525135,0,0.47
2026-10-06T05:39:05.324000+00:00,,2026-10-06T05:39:05.324000+00:00,,4,Kelani Ganga,Nagalagam Street,68307029-8bd1-4f84-9041-e68a0f469bb7,7,5,1525134,0,2.6
2026-10-06T05:37:35.299000+00:00,,2026-10-06T05:37:35.299000+00:00,,3,Kelani Ganga,Holombuwa,b811799c-4ce9-4cdf-a752-154529c9b8ab,6,4,1525133,0,0.95
2026-10-06T05:37:02.426000+00:00,,2026-10-06T05:37:02.426000+00:00,,3,Walawe Ganga,Moraketiya,c2de3345-2a8a-4a1d-8b5d-942636121067,7,5,1525132,0,0.98
2026-10-06T05:35:57.666000+00:00,,2026-10-06T05:35:57.666000+00:00,,5,Kalu Ganga,Kalawellawa (Millakanda),25297158-04a5-4dee-8482-732fe3c037cb,8,6.5,1525131,0,3.87
2026-10-06T05:35:50.429000+00:00,,2026-10-06T05:35:50.429000+00:00,,3,Kalu Ganga,Putupaula,c511c340-970d-433a-abd3-82bac54a3beb,5,4,1525130,0,0.9
2026-10-06T05:35:43.864000+00:00,,2026-10-06T05:35:43.864000+00:00,,4.75,Deduru Oya,Moragaswewa,a772cbc2-5994-4747-92f1-155133de71c3,7,6,1525129,0,0.03
2026-10-06T05:35:17.087000+00:00,,2026-10-06T05:35:17.087000+00:00,,4,Gin Ganga,Thawalama,4ec1c31b-b793-4b33-98cf-8ea06f369fa8,7.5,6,1525128,0,2.05
2026-10-06T05:35:00.354000+00:00,,2026-10-06T05:35:00.354000+00:00,,15,Kelani Ganga,Glencourse,9d303246-8587-4458-b1f8-608a347aa328,19,15.5,1525127,0,11.48
2026-10-06T05:34:37.727000+00:00,,2026-10-06T05:34:37.727000+00:00,,5,Maha Oya,Badalgama,50ee88a1-30ba-41d5-ab04-2c431d06e93f,9.6,6.2,1525126,0,3.01
2026-10-06T05:34:25.569000+00:00,,2026-10-06T05:34:25.569000+00:00,,4,Kalu Ganga,Magura,af8828df-e171-49e7-8ce4-37b55fbf6dbb,7.5,6,1525125,0,2.3
2026-10-06T05:34:25.482000+00:00,,2026-10-06T05:34:25.482000+00:00,,3.3,Aththanagalu Oya,Dunamale,95c253a8-8611-437e-9af6-2b0c766b6528,5.5,4.4,1525124,0,2.44
2026-10-06T05:34:06.725000+00:00,,2026-10-06T05:34:06.725000+00:00,,3,Kelani Ganga,Holombuwa,68dee793-62f3-4c4c-aaa9-8fe39a28e3e7,6,4,1525123,0,0.95
2026-10-06T05:34:02.383000+00:00,,2026-10-06T05:34:02.383000+00:00,,6.5,Kelani Ganga,Hanwella,4044f3b0-dc1b-4997-8352-a0d8400819b4,9.5,7.5,1525122,0,3.79
2026-10-06T05:33:41.369000+00:00,,2026-10-06T05:33:41.369000+00:00,,5.2,Kalu Ganga,Rathnapura,04ba3139-9b6f-4bc3-aa30-026d3de1f459,9.5,7.5,1525121,0,1.58
2026-10-06T05:32:49.407000+00:00,,2026-10-06T05:32:49.407000+00:00,,10,Kalu Ganga,Ellagawa,b04554fd-e348-4b30-924f-a036cceda817,12.2,10.7,1525120,0,6.05
2026-10-06T05:32:46.435000+00:00,,2026-10-06T05:32:46.435000+00:00,,4.8,Kelani Ganga,Deraniyagala,d7ec2656-a005-4f67-9ba4-f1c4b90e8830,7,5.8,1525119,0,0.88
2026-10-06T05:32:41.928000+00:00,,2026-10-06T05:32:41.928000+00:00,,1.5,Kelani Ganga,Norwood,a370ac6f-52e2-4539-b5e0-02e12ded5bdd,4.5,3,1525118,0,0.92
2026-10-06T05:32:26.061000+00:00,,2026-10-06T05:32:26.061000+00:00,,5.5,Maha Oya,Giriulla,1ba8a7b2-4755-41e0-a142-ca6dacf6cd40,7.5,6.5,1525117,0,1.68
2026-10-06T05:32:11.094000+00:00,,2026-10-06T05:32:11.094000+00:00,,4.84,Mee Oya,Galgamuwa,92dfa2c4-910e-4792-b7b6-5c07a019834b,8,5.94,1525116,0,0.06
2026-10-06T05:32:07.706000+00:00,,2026-10-06T05:32:07.706000+00:00,,4.4,Kirindi Oya,Wellawaya,61fc2faa-81ce-4ad5-bc2a-26cc3920cb2d,5.9,5.4,1525115,0,0.94
2026-10-06T05:31:55.401000+00:00,,2026-10-06T05:31:55.401000+00:00,,3,Mahaweli Ganga,Thaldena,582e6300-89e6-4911-a506-566d1b46140d,5,4,1525114,0,0.23
2026-10-06T05:31:47.269000+00:00,,2026-10-06T05:31:47.269000+00:00,,3,Kelani Ganga,Kithulgala,04b50fe5-f1fa-447e-87ae-f64025bb8a9e,6,4,1525113,0,1.94
2026-10-06T05:31:45.588000+00:00,,2026-10-06T05:31:45.588000+00:00,,4,Ma Oya,Yaka Wewa,2aa3bee1-2987-4cb4-af01-55b5567850c7,6,5,1525112,0,0.4
2026-10-06T05:31:43.972000+00:00,,2026-10-06T05:31:43.972000+00:00,,3.5,Mahaweli Ganga,Nawalapitiya,65547ce4-0ee0-413e-9ee9-65e0f67ea66e,6,5,1525111,0,1.37
2026-10-06T05:31:40.792000+00:00,,2026-10-06T05:31:40.792000+00:00,,4,Nilwala Ganga,Pitabeddara,d2af63aa-e544-4953-a592-0fc5c1611e96,6.5,5,1525110,0,1.13
2026-10-06T05:31:27.628000+00:00,,2026-10-06T05:31:27.628000+00:00,,,Gal Oya,Ampara,b0a501f0-02ad-42b6-835a-cdc27017995c,,,1525109,0,0
2026-10-06T05:31:20.996000+00:00,,2026-10-06T05:31:20.996000+00:00,,4.5,Heda Oya,Siyambalanduwa,3a9c9749-ec7b-45dc-afa1-bf1ce908cb7d,7,6,1525108,0,0.29
2026-10-06T05:31:13.846000+00:00,,2026-10-06T05:31:13.846000+00:00,,3,Mahaweli Ganga,Manampitiya,7499e968-cba2-4dae-8139-f2664d7f3d8b,6,4.3,1525107,0,-0.08
2026-10-06T05:31:11.292000+00:00,,2026-10-06T05:31:11.292000+00:00,,6,Yan Oya,Horowpothana,4a936230-1a63-48e1-b700-89f5211af808,10.5,7.5,1525106,0,1.68
2026-10-06T05:31:10.560000+00:00,,2026-10-06T05:31:10.560000+00:00,,5,Mahaweli Ganga,Peradeniya,3d700727-7ed5-4fd8-8144-9aa921cd1214,9,7,1525105,0,2.5
2026-10-06T05:31:04.001000+00:00,,2026-10-06T05:31:04.001000+00:00,,4,Kirindi Oya,Thanamalwila,9774ecff-7583-4d10-bb60-764b32bb3459,5.5,5,1525104,0,0.39
2026-10-06T05:30:57.780000+00:00,,2026-10-06T05:30:57.780000+00:00,,5,Malwathu Oya,Thanthirimale,f3c6b4b7-14dc-4b35-8dcc-9929580396c2,7.8,6.8,1525103,0,0.87
2026-10-06T05:30:57.077000+00:00,,2026-10-06T05:30:57.077000+00:00,,6.9,Kirindi Oya,Kuda Oya,37f13b00-ca01-4464-865e-2089ffd3025a,8.8,8.4,1525102,0,1.07
2026-10-06T05:30:34.439000+00:00,,2026-10-06T05:30:34.439000+00:00,,5,Kumbukkan Oya,Nakkala,6f62c4e3-49e2-4c75-a56b-4a959c676f53,7.5,6,1525101,0,0.78
2026-10-06T05:29:49.891000+00:00,,2026-10-06T05:29:49.891000+00:00,,5,Kumbukkan Oya,Nakkala,23c6d2c7-5533-4bd0-9949-84bb914e52e7,7.5,6,1525100,0,0.78
2026-10-06T04:46:36.095000+00:00,,2026-10-06T04:46:36.095000+00:00,,1.4,Nilwala Ganga,Thalgahagoda,d44ab9a5-b6f1-4478-aea6-ce4d654b79fb,2.8,1.7,1525099,0,0.68
2026-10-06T04:37:15.108000+00:00,,2026-10-06T04:37:15.108000+00:00,,4,Kalu Ganga,Magura,3329880a-c9c8-42af-94e9-4037f348e5ac,7.5,6,1525098,0,2.48
2026-10-06T04:36:59.623000+00:00,,2026-10-06T04:36:59.623000+00:00,,5,Maha Oya,Badalgama,631cf75e-cf80-4404-a823-f86c9443543a,9.6,6.2,1525097,0,3.06
2026-10-06T04:36:56.468000+00:00,,2026-10-06T04:36:56.468000+00:00,,3,Kelani Ganga,Holombuwa,78199eb0-b169-4320-bd85-0566d4a83355,6,4,1525096,0,0.95
2026-10-06T04:36:53.078000+00:00,,2026-10-06T04:36:53.078000+00:00,,4,Kelani Ganga,Nagalagam Street,f175542e-3894-4aa8-9a96-dc4155b8b748,7,5,1525095,0,2.4
2026-10-06T04:36:32.900000+00:00,,2026-10-06T04:36:32.900000+00:00,,3,Kalu Ganga,Putupaula,c5f064cb-9146-4b77-bc8d-46b106ec257d,5,4,1525094,0,0.85
2026-10-06T04:35:58.853000+00:00,,2026-10-06T04:35:58.853000+00:00,,4,Gin Ganga,Thawalama,66eb0f75-51cb-4d2f-889f-d8fec67f8fad,7.5,6,1525093,0,2.05
2026-10-06T04:35:51.607000+00:00,,2026-10-06T04:35:51.607000+00:00,,5,Kumbukkan Oya,Nakkala,55a50a37-a80f-4822-a60f-856a4f69086d,7.5,6,1525092,0,0.79
2026-10-06T04:35:33.028000+00:00,,2026-10-06T04:35:33.028000+00:00,,3,Walawe Ganga,Moraketiya,04af5256-a62d-4354-bf58-8f4831b5933b,7,5,1525091,0,1
2026-10-06T04:35:32.935000+00:00,,2026-10-06T04:35:32.935000+00:00,,3.3,Aththanagalu Oya,Dunamale,281d5265-fc8f-4646-ad4d-9506567b60af,5.5,4.4,1525090,0,2.48
2026-10-06T04:35:25.023000+00:00,,2026-10-06T04:35:25.023000+00:00,,4,Nilwala Ganga,Pitabeddara,1cbfb3f5-b719-40c6-a749-62e0af1cf6fb,6.5,5,1525089,0,1.14
2026-10-06T04:35:03.736000+00:00,,2026-10-06T04:35:03.736000+00:00,,4.75,Deduru Oya,Moragaswewa,191977f3-1c06-42ca-a914-6cdc44c2b76b,7,6,1525088,0,0.03
2026-10-06T04:34:58.326000+00:00,,2026-10-06T04:34:58.326000+00:00,,4.84,Mee Oya,Galgamuwa,10dc80cd-2be6-46f4-96e8-f443e22269d1,8,5.94,1525087,0,0.06
2026-10-06T04:34:56.154000+00:00,,2026-10-06T04:34:56.154000+00:00,,5,Nilwala Ganga,Panadugama,47c9b474-765f-4610-8e00-4e102b56b6ee,7.5,6,1525086,0,3.84
2026-10-06T04:34:29.209000+00:00,,2026-10-06T04:34:29.209000+00:00,,3.5,Gin Ganga,Baddegama,47ca2011-3a51-4e88-b207-f0460e749e6c,5,4,1525085,0,2.1
2026-10-06T04:34:28.213000+00:00,,2026-10-06T04:34:28.213000+00:00,,5.2,Kalu Ganga,Rathnapura,70e7c9de-a023-4017-b40a-4318bcac54f6,9.5,7.5,1525084,0,1.64
2026-10-06T04:34:26.001000+00:00,,2026-10-06T04:34:26.001000+00:00,,6.5,Kelani Ganga,Hanwella,1d0fb258-e2a7-4196-b27a-569a416578c6,9.5,7.5,1525083,0,3.92
2026-10-06T04:34:24.776000+00:00,,2026-10-06T04:34:24.776000+00:00,,4,Kirindi Oya,Thanamalwila,f4cc4324-6692-4036-8dcd-6e35e01173d6,5.5,5,1525082,0,0.39
2026-10-06T04:34:04.054000+00:00,,2026-10-06T04:34:04.054000+00:00,,6,Yan Oya,Horowpothana,b2127743-636d-4e73-8640-f2ea20b75f24,10.5,7.5,1525081,0,1.68
2026-10-06T04:33:42.779000+00:00,,2026-10-06T04:33:42.779000+00:00,,2.5,Nilwala Ganga,Urawa,8513ebfa-5700-421f-a1c1-adfe8777feb1,6,4,1525080,0,0.48
2026-10-06T04:33:28.850000+00:00,,2026-10-06T04:33:28.850000+00:00,,5,Mahaweli Ganga,Peradeniya,c93921de-8fb8-494c-a167-1cac3c0e2e6a,9,7,1525079,0,2.72
2026-10-06T04:33:22.506000+00:00,,2026-10-06T04:33:22.506000+00:00,,5.5,Maha Oya,Giriulla,e94a284f-f7ea-4eee-9737-49c908b1efe5,7.5,6.5,1525078,0,1.73
2026-10-06T04:33:20.428000+00:00,,2026-10-06T04:33:20.428000+00:00,,3,Mahaweli Ganga,Thaldena,5798eef1-6015-40c1-bcbd-623dea827af7,5,4,1525077,0,0.23
2026-10-06T04:33:09.863000+00:00,,2026-10-06T04:33:09.863000+00:00,,10,Kalu Ganga,Ellagawa,958c7504-b113-454b-aef4-a48b6a5fbe66,12.2,10.7,1525076,0,6.1
2026-10-06T04:33:04.359000+00:00,,2026-10-06T04:33:04.359000+00:00,,1.5,Kelani Ganga,Norwood,9c2f266b-034e-4e76-ad59-1b1e19a4bc6a,4.5,3,1525075,0,0.93
2026-10-06T04:32:55.285000+00:00,,2026-10-06T04:32:55.285000+00:00,,4,Menik Ganga,Katharagama,c881a472-8198-4616-b683-4bbfa799f7bf,6.5,4.6,1525074,0,-0.24
2026-10-06T04:32:35.929000+00:00,,2026-10-06T04:32:35.929000+00:00,,4.5,Heda Oya,Siyambalanduwa,255eb2af-8ca2-40d5-a595-62a0bf6eebbb,7,6,1525073,0,0.29
2026-10-06T04:32:27.155000+00:00,,2026-10-06T04:32:27.155000+00:00,,4.4,Kirindi Oya,Wellawaya,08d59fb4-9e65-48ee-93f9-7de177cde9f1,5.9,5.4,1525072,0,0.95
2026-10-06T04:32:14.148000+00:00,,2026-10-06T04:32:14.148000+00:00,,5,Kalu Ganga,Kalawellawa (Millakanda),74d7ab2d-5e69-41ad-9e86-49841ca61554,8,6.5,1525071,0,3.91
2026-10-06T04:32:10.205000+00:00,,2026-10-06T04:32:10.205000+00:00,,15,Kelani Ganga,Glencourse,7db4d65c-1498-4a27-aca7-ff53b79880d3,19,15.5,1525070,0,11.58
2026-10-06T04:32:09.431000+00:00,,2026-10-06T04:32:09.431000+00:00,,4.8,Kelani Ganga,Deraniyagala,3d03d6b4-1fd8-484f-bfe1-fa5a74625241,7,5.8,1525069,0,0.93
2026-10-06T04:31:38.262000+00:00,,2026-10-06T04:31:38.262000+00:00,,3,Kelani Ganga,Kithulgala,a3e067ac-6881-42b3-b993-adaad88cfb14,6,4,1525068,0,2.1
2026-10-06T04:31:37.648000+00:00,,2026-10-06T04:31:37.648000+00:00,,4,Ma Oya,Yaka Wewa,f2a988a8-2a4e-4f17-afaa-a9cde4ef8a51,6,5,1525067,0,0.4
2026-10-06T04:31:34.706000+00:00,,2026-10-06T04:31:34.706000+00:00,,3,Mahaweli Ganga,Manampitiya,49ed05a3-c926-4f70-a699-282ae659e93d,6,4.3,1525066,0,-0.07
2026-10-06T04:31:34.502000+00:00,,2026-10-06T04:31:34.502000+00:00,,5,Malwathu Oya,Thanthirimale,e95185da-d659-4134-bf1c-f0d853c08099,7.8,6.8,1525065,0,0.86
2026-10-06T04:31:29.283000+00:00,,2026-10-06T04:31:29.283000+00:00,,6.9,Kirindi Oya,Kuda Oya,04b3a342-7a8d-4d3e-a77d-096df88b700c,8.8,8.4,1525064,0,1.08
2026-10-06T04:31:06.021000+00:00,,2026-10-06T04:31:06.021000+00:00,,4,Maduru Oya,Padiyathalawa,c9a5625f-7929-4f0a-ba5b-ad8e8336ece4,6,4.5,1525063,0,0.1
2026-10-06T04:30:57.186000+00:00,,2026-10-06T04:30:57.186000+00:00,,,Gal Oya,Ampara,26af9a99-7817-4cdc-ab0c-96518d094b84,,,1525062,0,0
2026-10-06T04:30:15.572000+00:00,,2026-10-06T04:30:15.572000+00:00,,5,Mahaweli Ganga,Weraganthota,a6f9eae0-fc08-450a-91cf-3fc4a1f36ade,8,6,1525061,0,-2.89
2026-10-06T04:30:14.170000+00:00,,2026-10-06T04:30:14.170000+00:00,,3.5,Mahaweli Ganga,Nawalapitiya,c01fb4c9-3d5e-4bd3-96d6-611c823be4a4,6,5,1525060,0,1.38
2026-10-06T03:39:47.197000+00:00,,2026-10-06T03:39:47.197000+00:00,,3.3,Aththanagalu Oya,Dunamale,4ad414a8-3199-465a-a60c-5d4c994b0a93,5.5,4.4,1525059,0,2.52
2026-10-06T03:38:35.910000+00:00,,2026-10-06T03:38:35.910000+00:00,,4,Gin Ganga,Thawalama,7ffde010-132d-4c86-b367-6c3ab2a696df,7.5,6,1525058,0,2.05
2026-10-06T03:38:00.291000+00:00,,2026-10-06T03:38:00.291000+00:00,,15,Kelani Ganga,Glencourse,44520cb3-025d-4ecd-bc23-a04d9dc943d0,19,15.5,1525057,0,11.69
2026-10-06T03:36:37.785000+00:00,,2026-10-06T03:36:37.785000+00:00,,5,Maha Oya,Badalgama,9919dc87-efff-4eea-96ed-32ed0246b19b,9.6,6.2,1525056,0,3.11
2026-10-06T03:36:32.499000+00:00,,2026-10-06T03:36:32.499000+00:00,,4,Maduru Oya,Padiyathalawa,c4843ca8-7919-4003-b99c-fce3808c4a2c,6,4.5,1525055,0,0.11
2026-10-06T03:36:21.263000+00:00,,2026-10-06T03:36:21.263000+00:00,,4,Nilwala Ganga,Pitabeddara,65ec2cf3-dad3-4887-89a1-90bdcd7d6fb1,6.5,5,1525054,0,1.15
2026-10-06T03:36:05.289000+00:00,,2026-10-06T03:36:05.289000+00:00,,4,Kirindi Oya,Thanamalwila,27bd304c-f671-4201-b4b7-9e399dfc300b,5.5,5,1525053,0,0.39
2026-10-06T03:35:17.240000+00:00,,2026-10-06T03:35:17.240000+00:00,,4,Kelani Ganga,Nagalagam Street,adc22088-f480-4a87-9cb5-aa5559d6274b,7,5,1525052,0,2.3
2026-10-06T03:35:07.575000+00:00,,2026-10-06T03:35:07.575000+00:00,,4.84,Mee Oya,Galgamuwa,fc6f6f63-4a40-4414-b625-c028ad72bc07,8,5.94,1525051,0,0.06
2026-10-06T03:34:52.838000+00:00,,2026-10-06T03:34:52.838000+00:00,,3.5,Gin Ganga,Baddegama,bb59f785-3722-47ed-94f9-700a76525277,5,4,1525050,0,2.1
2026-10-06T03:34:52.780000+00:00,,2026-10-06T03:34:52.780000+00:00,,4,Kalu Ganga,Magura,405336f8-a62b-41b5-be62-bf3f26396930,7.5,6,1525049,0,2.6
2026-10-06T03:34:43.921000+00:00,,2026-10-06T03:34:43.921000+00:00,,5,Mahaweli Ganga,Weraganthota,f8e6d9cb-a0fd-4fb8-bdd9-aed7d35aa03f,8,6,1525048,0,-3.27
2026-10-06T03:34:42.271000+00:00,,2026-10-06T03:34:42.271000+00:00,,5,Mahaweli Ganga,Peradeniya,fdcc6345-9a89-4ce7-93d9-79e5d8bb9bbf,9,7,1525047,0,2.96
2026-10-06T03:34:33.342000+00:00,,2026-10-06T03:34:33.342000+00:00,,4.8,Kelani Ganga,Deraniyagala,35859b3c-a236-4ecd-b2f9-8f14e8b24c90,7,5.8,1525046,0,0.93
2026-10-06T03:34:24.174000+00:00,,2026-10-06T03:34:24.174000+00:00,,1.4,Nilwala Ganga,Thalgahagoda,0481eec2-021d-4515-80da-7eccd9fab819,2.8,1.7,1525045,0,0.7
2026-10-06T03:34:16.039000+00:00,,2026-10-06T03:34:16.039000+00:00,,5,Nilwala Ganga,Panadugama,03531e19-cc48-460d-b6e8-30ef58bd946a,7.5,6,1525044,0,3.9
2026-10-06T03:34:10.210000+00:00,,2026-10-06T03:34:10.210000+00:00,,5.2,Kalu Ganga,Rathnapura,8de178e5-4262-4363-8b33-991afc05b832,9.5,7.5,1525043,0,1.69
2026-10-06T03:34:08.103000+00:00,,2026-10-06T03:34:08.103000+00:00,,10,Kalu Ganga,Ellagawa,26c2da3b-67eb-43c2-a66a-b293d64b5c44,12.2,10.7,1525042,0,6.12
2026-10-06T03:33:53.749000+00:00,,2026-10-06T03:33:53.749000+00:00,,6.5,Kelani Ganga,Hanwella,86d731d8-49e2-4579-8232-264bd33392d0,9.5,7.5,1525041,0,4
2026-10-06T03:33:53.139000+00:00,,2026-10-06T03:33:53.139000+00:00,,1.5,Kelani Ganga,Norwood,4f463761-edaf-460a-849a-ab298ce03198,4.5,3,1525040,0,0.93
2026-10-06T03:33:52.301000+00:00,,2026-10-06T03:33:52.301000+00:00,,3,Kelani Ganga,Holombuwa,7591fadc-4f8a-47d1-a978-19f2cedd4a7b,6,4,1525039,0,0.96
2026-10-06T03:33:38.263000+00:00,,2026-10-06T03:33:38.263000+00:00,,5,Kalu Ganga,Kalawellawa (Millakanda),15130dd5-5e07-41cf-b21a-3a974956d0e3,8,6.5,1525038,0,3.92
2026-10-06T03:33:17.389000+00:00,,2026-10-06T03:33:17.389000+00:00,,2.5,Nilwala Ganga,Urawa,3e982cdd-fb7e-4978-b683-c46f44e21f7e,6,4,1525037,0,0.48
2026-10-06T03:33:07.654000+00:00,,2026-10-06T03:33:07.654000+00:00,,3,Kalu Ganga,Putupaula,d2fb6bcd-7013-4a9c-832b-c5d9cf98834d,5,4,1525036,0,0.77
2026-10-06T03:32:58.562000+00:00,,2026-10-06T03:32:58.562000+00:00,,3,Kelani Ganga,Kithulgala,7b2eff87-b07a-4d6f-97c4-28e006b9c9ea,6,4,1525035,0,2.05
2026-10-06T03:32:43.215000+00:00,,2026-10-06T03:32:43.215000+00:00,,4.8,Kelani Ganga,Deraniyagala,787f3ffd-0163-404f-9620-e39889f7b5cd,7,5.8,1525034,0,0.93
2026-10-06T03:32:38.135000+00:00,,2026-10-06T03:32:38.135000+00:00,,5,Kumbukkan Oya,Nakkala,0ed623ce-96aa-4ae1-93f0-e27daafa53ce,7.5,6,1525033,0,0.81
2026-10-06T03:32:18.907000+00:00,,2026-10-06T03:32:18.907000+00:00,,3,Mahaweli Ganga,Manampitiya,1630ce76-b00d-48f9-a3cc-beba5e49c05c,6,4.3,1525032,0,-0.07
2026-10-06T03:32:14.190000+00:00,,2026-10-06T03:32:14.190000+00:00,,5.5,Maha Oya,Giriulla,84be407c-0bab-47c1-b480-3e950457fcfd,7.5,6.5,1525031,0,1.78
2026-10-06T03:32:10.041000+00:00,,2026-10-06T03:32:10.041000+00:00,,4,Menik Ganga,Katharagama,bde76438-c193-4fde-a336-c74a467e272b,6.5,4.6,1525030,0,-0.24
2026-10-06T03:32:00.666000+00:00,,2026-10-06T03:32:00.666000+00:00,,3,Walawe Ganga,Moraketiya,9f4c774b-1ec6-4c9a-9f4b-87e05c51a761,7,5,1525029,0,1.02
2026-10-06T03:31:53.025000+00:00,,2026-10-06T03:31:53.025000+00:00,,3.5,Mahaweli Ganga,Nawalapitiya,1c41fc6f-37e6-4b84-96b7-f99bb75a8cc5,6,5,1525028,0,1.38
2026-10-06T03:31:29.907000+00:00,,2026-10-06T03:31:29.907000+00:00,,4.75,Deduru Oya,Moragaswewa,8754e542-288b-4b67-90ac-d5ca557732cb,7,6,1525027,0,0.03
2026-10-06T03:31:17.903000+00:00,,2026-10-06T03:31:17.903000+00:00,,4,Ma Oya,Yaka Wewa,f7f265fd-15cf-4cee-8c8c-af39e200f792,6,5,1525026,0,0.4
2026-10-06T03:31:15.659000+00:00,,2026-10-06T03:31:15.659000+00:00,,4.5,Heda Oya,Siyambalanduwa,36ec6621-2f27-420e-ab24-1e154834a4b4,7,6,1525025,0,0.3
2026-10-06T03:31:14.364000+00:00,,2026-10-06T03:31:14.364000+00:00,,3,Mahaweli Ganga,Thaldena,147b72c9-cfcb-43b4-b474-8b60ae8944e7,5,4,1525024,0,0.27
2026-10-06T03:31:10.919000+00:00,,2026-10-06T03:31:10.919000+00:00,,6,Yan Oya,Horowpothana,10baddc0-dede-4541-946f-586473e69a7b,10.5,7.5,1525023,0,1.68
2026-10-06T03:30:56.266000+00:00,,2026-10-06T03:30:56.266000+00:00,,,Gal Oya,Ampara,ec5cece1-2110-4270-8664-5c3045f32da6,,,1525022,0,0
2026-10-06T03:30:55.487000+00:00,,2026-10-06T03:30:55.487000+00:00,,4.4,Kirindi Oya,Wellawaya,bdd940ce-86c3-4d46-a192-7a0a045c3114,5.9,5.4,1525021,0,0.93
2026-10-06T03:30:44.618000+00:00,,2026-10-06T03:30:44.618000+00:00,,5,Malwathu Oya,Thanthirimale,cb96289e-f7fb-41c1-8af5-c6b8db62b614,7.8,6.8,1525020,0,0.86
2026-10-06T03:30:13.701000+00:00,,2026-10-06T03:30:13.701000+00:00,,6.9,Kirindi Oya,Kuda Oya,4bb5c773-5689-4a8d-95c4-8d6aa23254a5,8.8,8.4,1525019,0,1.08
2026-10-06T02:46:15.494000+00:00,,2026-10-06T02:46:15.494000+00:00,,4,Gin Ganga,Thawalama,bfbc0b9f-3ee0-42f6-aa2c-453c6a463075,7.5,6,1525018,0,2.2
2026-10-06T02:42:19.418000+00:00,,2026-10-06T02:42:19.418000+00:00,,6.9,Kirindi Oya,Kuda Oya,dcacaff0-5f38-438b-9e42-bbb14c2087b3,8.8,8.4,1525017,0,1.05
2026-10-06T02:41:28.373000+00:00,,2026-10-06T02:41:28.373000+00:00,,3.3,Aththanagalu Oya,Dunamale,0f8cecc6-e8be-4af9-a9f5-e3433c63f844,5.5,4.4,1525016,0,2.57
2026-10-06T02:39:44.733000+00:00,,2026-10-06T02:39:44.733000+00:00,,4,Nilwala Ganga,Pitabeddara,6110ad1a-5c57-4776-8d75-3981fdd9309f,6.5,5,1525015,0,1.16
2026-10-06T02:39:40.435000+00:00,,2026-10-06T02:39:40.435000+00:00,,2.5,Nilwala Ganga,Urawa,ee318fc9-aede-434d-ba86-ef6fcc7e1802,6,4,1525014,0,0.49
2026-10-06T02:37:55.287000+00:00,,2026-10-06T02:37:55.287000+00:00,,4,Kalu Ganga,Magura,82534e78-e16d-4b3b-9d91-0da88f712be3,7.5,6,1525013,0,2.87
2026-10-06T02:37:32.888000+00:00,,2026-10-06T02:37:32.888000+00:00,,3,Walawe Ganga,Moraketiya,dc865d5d-906f-4a20-a28e-51e5b7bfa4d1,7,5,1525012,0,1.04
2026-10-06T02:37:19.805000+00:00,,2026-10-06T02:37:19.805000+00:00,,5,Nilwala Ganga,Panadugama,6f55c52b-57ed-4c92-bbcf-873d9d05bd69,7.5,6,1525011,0,3.96
2026-10-06T02:36:08.912000+00:00,,2026-10-06T02:36:08.912000+00:00,,5.2,Kalu Ganga,Rathnapura,7139d6a7-11d7-4ddd-87b4-4e1699d2465b,9.5,7.5,1525010,0,1.71
2026-10-06T02:35:58.651000+00:00,,2026-10-06T02:35:58.651000+00:00,,15,Kelani Ganga,Glencourse,1754e199-7f19-4cf4-8160-7c5999ed9fc0,19,15.5,1525009,0,11.82
2026-10-06T02:35:53.070000+00:00,,2026-10-06T02:35:53.070000+00:00,,3.5,Gin Ganga,Baddegama,c29bb3ea-087e-4059-b6d4-4bb5a0bf7567,5,4,1525008,0,2.08
2026-10-06T02:35:25.098000+00:00,,2026-10-06T02:35:25.098000+00:00,,5,Maha Oya,Badalgama,b669011b-ac58-45a0-98a6-469c1e41f233,9.6,6.2,1525007,0,3.13
2026-10-06T02:35:24.270000+00:00,,2026-10-06T02:35:24.270000+00:00,,3,Kelani Ganga,Holombuwa,551bfebb-3029-40b2-831f-75afa67131f3,6,4,1525006,0,0.97
2026-10-06T02:35:21.151000+00:00,,2026-10-06T02:35:21.151000+00:00,,3,Kalu Ganga,Putupaula,bfcc95ed-a649-4ef0-9b71-e65eff28c559,5,4,1525005,0,0.79
2026-10-06T02:34:33.749000+00:00,,2026-10-06T02:34:33.749000+00:00,,4,Maduru Oya,Padiyathalawa,cdcf4bed-8563-442f-b22d-2d5286b957d2,6,4.5,1525004,0,0.11
2026-10-06T02:34:32.927000+00:00,,2026-10-06T02:34:32.927000+00:00,,4.75,Deduru Oya,Moragaswewa,678c9d8a-0e66-4c9b-8886-89717e601fad,7,6,1525003,0,0.03
2026-10-06T02:34:24.871000+00:00,,2026-10-06T02:34:24.871000+00:00,,6.5,Kelani Ganga,Hanwella,bca20010-c79d-4d1d-af6c-28eb0f2cb47c,9.5,7.5,1525002,0,4.11
2026-10-06T02:34:15.033000+00:00,,2026-10-06T02:34:15.033000+00:00,,6.9,Kirindi Oya,Kuda Oya,f106f7d6-9e81-418c-a0c1-79aefed117f4,8.8,8.4,1525001,0,1.08
2026-10-06T02:33:57.982000+00:00,,2026-10-06T02:33:57.982000+00:00,,1.5,Kelani Ganga,Norwood,2b616bff-f8ba-4727-ac64-55c3b0154521,4.5,3,1525000,0,0.93
2026-10-06T02:33:35.837000+00:00,,2026-10-06T02:33:35.837000+00:00,,1.4,Nilwala Ganga,Thalgahagoda,9bf9b914-50b3-46d7-8563-101ac04d0384,2.8,1.7,1524999,0,0.72
2026-10-06T02:33:20.734000+00:00,,2026-10-06T02:33:20.734000+00:00,,5.5,Maha Oya,Giriulla,1742b15f-6c13-4447-b596-c7f372dac729,7.5,6.5,1524998,0,1.83
2026-10-06T02:33:18.595000+00:00,,2026-10-06T02:33:18.595000+00:00,,4,Menik Ganga,Katharagama,fa4d705f-16a7-4c23-abe3-571a5bb13a86,6.5,4.6,1524997,0,-0.24
2026-10-06T02:33:06.955000+00:00,,2026-10-06T02:33:06.955000+00:00,,4.8,Kelani Ganga,Deraniyagala,0d930639-7758-4ca6-aa19-3e23f80eb0ad,7,5.8,1524996,0,0.93
2026-10-06T02:32:30.125000+00:00,,2026-10-06T02:32:30.125000+00:00,,5,Kalu Ganga,Kalawellawa (Millakanda),ad2b6bd6-e163-44ca-9f00-f8c6ee47afea,8,6.5,1524995,0,3.9
2026-10-06T02:32:17.763000+00:00,,2026-10-06T02:32:17.763000+00:00,,,Gal Oya,Ampara,76b42a52-ebcb-45e1-af56-54916edbf5a3,,,1524994,0,0
2026-10-06T02:32:16.699000+00:00,,2026-10-06T02:32:16.699000+00:00,,4.4,Kirindi Oya,Wellawaya,0b531845-1ae0-434f-b985-69031fbcb407,5.9,5.4,1524993,0,0.98
2026-10-06T02:32:15.724000+00:00,,2026-10-06T02:32:15.724000+00:00,,10,Kalu Ganga,Ellagawa,ea3bddce-df7e-4d77-b3df-24e5aaa23877,12.2,10.7,1524992,0,6.14
2026-10-06T02:32:07.913000+00:00,,2026-10-06T02:32:07.913000+00:00,,4.5,Heda Oya,Siyambalanduwa,b8dee5a8-9dd7-494b-84a1-505f2c44e559,7,6,1524991,0,0.3
2026-10-06T02:32:04.278000+00:00,,2026-10-06T02:32:04.278000+00:00,,5,Mahaweli Ganga,Peradeniya,3ca2c32b-62db-42c0-b9ff-723875dde0a7,9,7,1524990,0,3.08
2026-10-06T02:31:47.025000+00:00,,2026-10-06T02:31:47.025000+00:00,,4,Kelani Ganga,Nagalagam Street,3798fade-cb18-42ac-93f9-712dd93ba9bc,7,5,1524989,0,2.1
2026-10-06T02:31:43.517000+00:00,,2026-10-06T02:31:43.517000+00:00,,4,Kirindi Oya,Thanamalwila,3054835d-7b4a-4982-888c-c979092a957d,5.5,5,1524988,0,0.39
2026-10-06T02:31:37.747000+00:00,,2026-10-06T02:31:37.747000+00:00,,4,Ma Oya,Yaka Wewa,ff2aa84e-1daa-4576-b174-52d1c188368f,6,5,1524987,0,0.4
2026-10-06T02:31:08.088000+00:00,,2026-10-06T02:31:08.088000+00:00,,3,Kelani Ganga,Kithulgala,7067e26f-85d7-497d-ac35-4d7e63b4a7cc,6,4,1524986,0,2.18
2026-10-06T02:31:05.052000+00:00,,2026-10-06T02:31:05.052000+00:00,,6,Yan Oya,Horowpothana,9680184e-4bc9-4eb9-bc7e-cdac9dc5b31e,10.5,7.5,1524985,0,1.68
2026-10-06T02:31:00.989000+00:00,,2026-10-06T02:31:00.989000+00:00,,4.84,Mee Oya,Galgamuwa,d0072b55-ae6c-4e50-bcb1-5eec3434d693,8,5.94,1524984,0,0.06
2026-10-06T02:30:58.602000+00:00,,2026-10-06T02:30:58.602000+00:00,,5,Malwathu Oya,Thanthirimale,bd469710-ae14-4a33-98bb-1f7aef405288,7.8,6.8,1524983,0,0.85
2026-10-06T02:30:46.272000+00:00,,2026-10-06T02:30:46.272000+00:00,,3,Mahaweli Ganga,Thaldena,c3cf1138-0cb4-4b7b-9652-1b936f3e88cc,5,4,1524982,0,0.2
2026-10-06T02:30:33.184000+00:00,,2026-10-06T02:30:33.184000+00:00,,3,Mahaweli Ganga,Manampitiya,7581838f-390a-4af7-876d-6fb5eeb06cdc,6,4.3,1524981,0,-0.06
2026-10-06T02:30:25.457000+00:00,,2026-10-06T02:30:25.457000+00:00,,3.5,Mahaweli Ganga,Nawalapitiya,ff265e6e-62cc-4a69-92ac-9a9d612beb3d,6,5,1524980,0,1.39
2026-10-06T02:30:15.985000+00:00,,2026-10-06T02:30:15.985000+00:00,,5,Mahaweli Ganga,Weraganthota,1a008bbf-488f-45d4-bada-a671230ab3e3,8,6,1524979,0,-3.31
2026-10-06T02:30:11.745000+00:00,,2026-10-06T02:30:11.745000+00:00,,5,Kumbukkan Oya,Nakkala,a912e311-2d98-4bed-a018-11fca2313781,7.5,6,1524978,0,0.84
2026-10-06T01:49:35.877000+00:00,,2026-10-06T01:49:35.877000+00:00,,1.4,Nilwala Ganga,Thalgahagoda,bcb7baad-1301-4d53-aea2-a01455411b4a,2.8,1.7,1524977,0,0.73
2026-10-06T01:45:48.928000+00:00,,2026-10-06T01:45:48.928000+00:00,,5,Maha Oya,Badalgama,0090aced-5cf0-4628-b1f7-3b219e1c31a6,9.6,6.2,1524976,0,3.15
2026-10-06T01:40:20.058000+00:00,,2026-10-06T01:40:20.058000+00:00,,2.5,Nilwala Ganga,Urawa,f986c95c-89f8-4012-99dd-f85e09d0a466,6,4,1524975,0,0.5
2026-10-06T01:38:58.961000+00:00,,2026-10-06T01:38:58.961000+00:00,,4,Kalu Ganga,Magura,bb55883d-801a-4bbf-bb40-75772b463bf9,7.5,6,1524974,0,2.92
2026-10-06T01:38:38.588000+00:00,,2026-10-06T01:38:38.588000+00:00,,4,Gin Ganga,Thawalama,b63513ff-25ed-4ef9-82b6-e30f9f6a7b99,7.5,6,1524973,0,2.33
2026-10-06T01:38:12.120000+00:00,,2026-10-06T01:38:12.120000+00:00,,5,Mahaweli Ganga,Peradeniya,a7fa8fa6-005c-427d-9b8a-277b55d4c677,9,7,1524972,0,3.04
2026-10-06T01:37:31.745000+00:00,,2026-10-06T01:37:31.745000+00:00,,3.5,Gin Ganga,Baddegama,5cbca920-a0da-4037-9304-b55405103dbd,5,4,1524971,0,2.01
2026-10-06T01:37:09.801000+00:00,,2026-10-06T01:37:09.801000+00:00,,5,Nilwala Ganga,Panadugama,e9f5072a-8fcd-4c7f-953b-a22d13435e34,7.5,6,1524970,0,4.01
2026-10-06T01:36:06.100000+00:00,,2026-10-06T01:36:06.100000+00:00,,6.5,Kelani Ganga,Hanwella,961aaf14-e3e5-4772-9d0d-292fceff5595,9.5,7.5,1524969,0,4.21
2026-10-06T01:35:52.957000+00:00,,2026-10-06T01:35:52.957000+00:00,,3,Kalu Ganga,Putupaula,213a538e-260a-4b34-bde2-968aa9242bf7,5,4,1524968,0,0.8
2026-10-06T01:35:47.032000+00:00,,2026-10-06T01:35:47.032000+00:00,,5,Kumbukkan Oya,Nakkala,9767a895-c634-48fa-a966-e26b3dc8c090,7.5,6,1524967,0,0.88
2026-10-06T01:35:38.858000+00:00,,2026-10-06T01:35:38.858000+00:00,,4,Kirindi Oya,Thanamalwila,0a419ca7-cc26-4e27-881c-18e5b70b102c,5.5,5,1524966,0,0.43
2026-10-06T01:35:34.252000+00:00,,2026-10-06T01:35:34.252000+00:00,,4,Kelani Ganga,Nagalagam Street,00dc4e0a-d02e-49c7-9d3b-694c4d860172,7,5,1524965,,2.1
2026-10-06T01:35:30.679000+00:00,,2026-10-06T01:35:30.679000+00:00,,5.2,Kalu Ganga,Rathnapura,5aef6572-a97d-457d-9e7f-bed64e41afd3,9.5,7.5,1524964,0,1.73
2026-10-06T01:34:36.530000+00:00,,2026-10-06T01:34:36.530000+00:00,,4.8,Kelani Ganga,Deraniyagala,bd7ae10c-ce9a-4f7e-83b7-a1e1993c61be,7,5.8,1524963,0,0.95
2026-10-06T01:34:36.097000+00:00,,2026-10-06T01:34:36.097000+00:00,,3,Walawe Ganga,Moraketiya,78c49c9f-f474-4a8b-b135-cf49becbf03c,7,5,1524962,0,1.07
2026-10-06T01:34:24.357000+00:00,,2026-10-06T01:34:24.357000+00:00,,5.5,Maha Oya,Giriulla,7b73f65a-3cd8-46af-9305-37cd1ad456b1,7.5,6.5,1524961,0,1.89
2026-10-06T01:34:05.196000+00:00,,2026-10-06T01:34:05.196000+00:00,,4,Maduru Oya,Padiyathalawa,cab40713-6072-444f-9317-75ac7a1a5431,6,4.5,1524960,0,0.11
2026-10-06T01:34:02.392000+00:00,,2026-10-06T01:34:02.392000+00:00,,4.75,Deduru Oya,Moragaswewa,bd029758-e6c7-4996-af22-123579f2fe26,7,6,1524959,0,0.03
2026-10-06T01:33:41.072000+00:00,,2026-10-06T01:33:41.072000+00:00,,3.3,Aththanagalu Oya,Dunamale,a6abbd9d-2266-43ce-92c1-9614134c2c1e,5.5,4.4,1524958,0,2.59
2026-10-06T01:33:24.609000+00:00,,2026-10-06T01:33:24.609000+00:00,,15,Kelani Ganga,Glencourse,646772cf-898f-4281-807b-f597535cefc1,19,15.5,1524957,0,11.98
2026-10-06T01:33:21.605000+00:00,,2026-10-06T01:33:21.605000+00:00,,3,Kelani Ganga,Kithulgala,0f02d921-2e37-4382-834d-f3ed11ef10e9,6,4,1524956,0,2.18
2026-10-06T01:33:19.454000+00:00,,2026-10-06T01:33:19.454000+00:00,,3,Mahaweli Ganga,Thaldena,82d973b4-b1d6-4508-91b8-b464f079908b,5,4,1524955,0,0.22
2026-10-06T01:33:03.348000+00:00,,2026-10-06T01:33:03.348000+00:00,,6,Yan Oya,Horowpothana,0977aa0c-e00e-4c33-99b1-fa2c86f0356f,10.5,7.5,1524954,0,1.68
2026-10-06T01:33:00.298000+00:00,,2026-10-06T01:33:00.298000+00:00,,10,Kalu Ganga,Ellagawa,260603d2-a96f-4856-a418-fd086a46c805,12.2,10.7,1524953,0,6.14
2026-10-06T01:32:52.684000+00:00,,2026-10-06T01:32:52.684000+00:00,,1.5,Kelani Ganga,Norwood,d32e3c4b-e2ee-4abe-b1f2-c7bb8a7e3541,4.5,3,1524952,0,0.94
2026-10-06T01:32:52.667000+00:00,,2026-10-06T01:32:52.667000+00:00,,3,Kelani Ganga,Holombuwa,2435372c-ddf6-47c3-9e95-a6d0ff9ea60b,6,4,1524951,0,1
2026-10-06T01:32:44.410000+00:00,,2026-10-06T01:32:44.410000+00:00,,5,Kalu Ganga,Kalawellawa (Millakanda),2043b8ba-2fc8-4b90-b62c-864506abf2e8,8,6.5,1524950,0,3.75
2026-10-06T01:32:26.851000+00:00,,2026-10-06T01:32:26.851000+00:00,,4.5,Heda Oya,Siyambalanduwa,29535c47-d31c-46e6-bd10-99813b43ffeb,7,6,1524949,0,0.3
2026-10-06T01:32:11.685000+00:00,,2026-10-06T01:32:11.685000+00:00,,3.5,Mahaweli Ganga,Nawalapitiya,522fa040-43fe-47d5-894e-e628004b98b3,6,5,1524948,0,1.4
2026-10-06T01:32:09.087000+00:00,,2026-10-06T01:32:09.087000+00:00,,4,Menik Ganga,Katharagama,838e8b4d-97a6-41ce-a032-ce3c7096e8e7,6.5,4.6,1524947,0,-0.25
2026-10-06T01:32:07.335000+00:00,,2026-10-06T01:32:07.335000+00:00,,4.4,Kirindi Oya,Wellawaya,637e9f36-9f4a-4e85-89ec-e526c0e79620,5.9,5.4,1524946,0,0.98
2026-10-06T01:31:41.953000+00:00,,2026-10-06T01:31:41.953000+00:00,,5,Malwathu Oya,Thanthirimale,0ba6d8d8-33eb-42ee-981f-3fcdf2b992b6,7.8,6.8,1524945,0,0.84
2026-10-06T01:31:41.502000+00:00,,2026-10-06T01:31:41.502000+00:00,,4.84,Mee Oya,Galgamuwa,484b2b67-9b17-477f-87ab-72f7f5aa39d1,8,5.94,1524944,0,0.07
2026-10-06T01:31:39.555000+00:00,,2026-10-06T01:31:39.555000+00:00,,4,Ma Oya,Yaka Wewa,2fc17792-e9c9-4701-ba0f-2e06a1738d85,6,5,1524943,0,0.4
2026-10-06T01:31:36.807000+00:00,,2026-10-06T01:31:36.807000+00:00,,5,Mahaweli Ganga,Weraganthota,de10ebb3-138b-43a9-ab2d-3331bffa99a2,8,6,1524942,0,-3.22
2026-10-06T01:31:32.591000+00:00,,2026-10-06T01:31:32.591000+00:00,,3,Mahaweli Ganga,Manampitiya,25178da1-46dc-4e79-9b9b-afc03baa4bef,6,4.3,1524941,0,-0.05
2026-10-06T01:30:56.773000+00:00,,2026-10-06T01:30:56.773000+00:00,,,Gal Oya,Ampara,1be3e115-21e9-410b-89d5-05f8c05679f3,,,1524940,0,0
2026-10-06T01:30:51.630000+00:00,,2026-10-06T01:30:51.630000+00:00,,6.9,Kirindi Oya,Kuda Oya,17255fab-fb4a-4513-8959-4798432b93ef,8.8,8.4,1524939,0,1.08
2026-10-06T01:30:51.267000+00:00,,2026-10-06T01:30:51.267000+00:00,,4,Nilwala Ganga,Pitabeddara,ba5f3b8c-2dc9-40b8-bb99-d8d39658942e,6.5,5,1524938,0,1.16
2026-10-06T00:55:29.653000+00:00,,2026-10-06T00:55:29.653000+00:00,,4.84,Mee Oya,Galgamuwa,445e5351-c994-4c76-aa86-06e48a52c5d7,8,5.94,1524937,0,0.07
2026-10-06T00:48:04.707000+00:00,,2026-10-06T00:48:04.707000+00:00,,5,Nilwala Ganga,Panadugama,33955f85-0b8a-4cab-a81b-376e8a1556f8,7.5,6,1524936,0,4.05
2026-10-06T00:45:15.576000+00:00,,2026-10-06T00:45:15.576000+00:00,,6,Yan Oya,Horowpothana,50e6a8f5-aebc-49c1-bef2-2d75e500044f,10.5,7.5,1524935,0,1.68
2026-10-06T00:38:14.965000+00:00,,2026-10-06T00:38:14.965000+00:00,,3.5,Gin Ganga,Baddegama,1848635a-c74e-4c81-8871-b04c4f37c421,5,4,1524934,0,1.95
2026-10-06T00:37:11.434000+00:00,,2026-10-06T00:37:11.434000+00:00,,10,Kalu Ganga,Ellagawa,6d1c7df7-5691-45ce-b291-604c407deb5a,12.2,10.7,1524933,0,6.14
2026-10-06T00:37:10.466000+00:00,,2026-10-06T00:37:10.466000+00:00,,3,Kelani Ganga,Holombuwa,51fa8949-fcf4-43af-b266-7aa3aa8a3047,6,4,1524932,0,1.03
2026-10-06T00:36:58.703000+00:00,,2026-10-06T00:36:58.703000+00:00,,1.5,Kelani Ganga,Norwood,f10fee6c-a56b-4847-a699-3768b937962f,4.5,3,1524931,0,0.95
2026-10-06T00:36:54.498000+00:00,,2026-10-06T00:36:54.498000+00:00,,4,Kelani Ganga,Nagalagam Street,365c9979-9ed4-4dae-9881-9f6ef35c2351,7,5,1524930,,1.9
2026-10-06T00:36:45.103000+00:00,,2026-10-06T00:36:45.103000+00:00,,2.5,Nilwala Ganga,Urawa,37cd7054-5c44-4cd3-9305-52deaaba6544,6,4,1524929,0,0.56
2026-10-06T00:36:17.086000+00:00,,2026-10-06T00:36:17.086000+00:00,,6.9,Kirindi Oya,Kuda Oya,05ff9fc5-a71b-4334-8605-f1ccaaf0884b,8.8,8.4,1524928,0,1.08
2026-10-06T00:34:45.251000+00:00,,2026-10-06T00:34:45.251000+00:00,,5,Mahaweli Ganga,Peradeniya,5a86159c-622a-43a9-a2ba-9f3fe671daeb,9,7,1524927,0,3.04
2026-10-06T00:34:37.626000+00:00,,2026-10-06T00:34:37.626000+00:00,,4,Kirindi Oya,Thanamalwila,01d403f5-9f07-479c-acbb-8b96087881d7,5.5,5,1524926,0,0.45
2026-10-06T00:34:36.219000+00:00,,2026-10-06T00:34:36.219000+00:00,,4,Kalu Ganga,Magura,40687957-31f7-44a2-a076-7675d70956bf,7.5,6,1524925,0,2.99
2026-10-06T00:34:24.360000+00:00,,2026-10-06T00:34:24.360000+00:00,,3,Kelani Ganga,Kithulgala,d317b5da-53a4-46b9-8c8f-3f60d1ee2477,6,4,1524924,0,2.11
2026-10-06T00:34:17.678000+00:00,,2026-10-06T00:34:17.678000+00:00,,3,Mahaweli Ganga,Thaldena,86badabf-bef0-4a91-8ca4-953c17eea174,5,4,1524923,0,0.22
2026-10-06T00:34:10.378000+00:00,,2026-10-06T00:34:10.378000+00:00,,4,Menik Ganga,Katharagama,2e242559-0052-47f9-a812-88669d5a52d4,6.5,4.6,1524922,0,-0.25
2026-10-06T00:34:08.177000+00:00,,2026-10-06T00:34:08.177000+00:00,,5,Maha Oya,Badalgama,23befff9-6867-48b2-99f5-faca1d311133,9.6,6.2,1524921,0,3.16
2026-10-06T00:33:39.982000+00:00,,2026-10-06T00:33:39.982000+00:00,,4,Maduru Oya,Padiyathalawa,0d0be8fc-899c-4930-96a0-2aa05a70589b,6,4.5,1524920,0,0.11
2026-10-06T00:33:15.705000+00:00,,2026-10-06T00:33:15.705000+00:00,,4,Gin Ganga,Thawalama,65ea5ca0-70d2-4b2d-a0a2-5e141365e8de,7.5,6,1524919,0,2.5
2026-10-06T00:33:07.584000+00:00,,2026-10-06T00:33:07.584000+00:00,,4.8,Kelani Ganga,Deraniyagala,82666e2d-e3e4-443a-9900-17d3a63e158d,7,5.8,1524918,0,0.92
2026-10-06T00:33:05.509000+00:00,,2026-10-06T00:33:05.509000+00:00,,3,Kalu Ganga,Putupaula,5c20775c-36be-4c9b-a655-98e339981d50,5,4,1524917,0,0.81
2026-10-06T00:33:03.389000+00:00,,2026-10-06T00:33:03.389000+00:00,,5,Mahaweli Ganga,Weraganthota,563ff03e-7e2c-4bb1-b75c-7fb3d0d3661e,8,6,1524916,0,-3.18
2026-10-06T00:32:51.812000+00:00,,2026-10-06T00:32:51.812000+00:00,,15,Kelani Ganga,Glencourse,76f01960-5b70-48df-ac6d-cc7969ec6b64,19,15.5,1524915,0,12.11
2026-10-06T00:32:44.473000+00:00,,2026-10-06T00:32:44.473000+00:00,,4.4,Kirindi Oya,Wellawaya,76073b39-0329-49dc-b374-7877f3dac464,5.9,5.4,1524914,0,1
2026-10-06T00:32:35.698000+00:00,,2026-10-06T00:32:35.698000+00:00,,4.5,Heda Oya,Siyambalanduwa,8d1e7547-f489-4df3-a96f-a3a5aa54e391,7,6,1524913,0,0.3
2026-10-06T00:32:29.406000+00:00,,2026-10-06T00:32:29.406000+00:00,,5.5,Maha Oya,Giriulla,b1636e77-4afe-4d19-8ad5-4fbf19094e1c,7.5,6.5,1524912,0,1.95
2026-10-06T00:32:22.098000+00:00,,2026-10-06T00:32:22.098000+00:00,,4,Nilwala Ganga,Pitabeddara,3a6fdd5c-d0d5-4c8d-98c4-c5f7177b24b8,6.5,5,1524911,0,1.16
2026-10-06T00:32:09.587000+00:00,,2026-10-06T00:32:09.587000+00:00,,3.3,Aththanagalu Oya,Dunamale,6eec76d9-fb5f-4003-906b-7c359ef1f7b9,5.5,4.4,1524910,0,2.61
2026-10-06T00:31:54.240000+00:00,,2026-10-06T00:31:54.240000+00:00,,3,Walawe Ganga,Moraketiya,1fd4b2a3-37ac-4068-85be-26f65b7ff706,7,5,1524909,0,1.1
2026-10-06T00:31:41.686000+00:00,,2026-10-06T00:31:41.686000+00:00,,1.4,Nilwala Ganga,Thalgahagoda,7baedefb-2407-4b54-b2e1-546e1a22c185,2.8,1.7,1524908,0,0.76
2026-10-06T00:31:37.503000+00:00,,2026-10-06T00:31:37.503000+00:00,,4,Ma Oya,Yaka Wewa,ed6cd097-490e-4727-9fac-b22db4106669,6,5,1524907,0,0.4
2026-10-06T00:31:31.022000+00:00,,2026-10-06T00:31:31.022000+00:00,,3.5,Mahaweli Ganga,Nawalapitiya,3a85f53b-68d8-48fc-a8f3-14617c37fe63,6,5,1524906,0,1.41
2026-10-06T00:31:07.972000+00:00,,2026-10-06T00:31:07.972000+00:00,,6.5,Kelani Ganga,Hanwella,3b6bbe61-0574-4350-925d-2f79c0ac7d3d,9.5,7.5,1524905,0,4.32
2026-10-06T00:31:03.608000+00:00,,2026-10-06T00:31:03.608000+00:00,,4.75,Deduru Oya,Moragaswewa,b5cc5837-52e4-4a74-a6c8-d532734e051f,7,6,1524904,0,0.03
2026-10-06T00:30:55.742000+00:00,,2026-10-06T00:30:55.742000+00:00,,,Gal Oya,Ampara,21cb86c6-c3fd-4d84-bd28-746a3d77342d,,,1524903,0,0
2026-10-06T00:30:47.833000+00:00,,2026-10-06T00:30:47.833000+00:00,,3,Mahaweli Ganga,Manampitiya,66037551-6540-46b2-9bb0-fdce913cb9da,6,4.3,1524902,0,-0.02
2026-10-06T00:30:45.982000+00:00,,2026-10-06T00:30:45.982000+00:00,,5.2,Kalu Ganga,Rathnapura,81482cb0-d563-400c-9609-58b9b041ec08,9.5,7.5,1524901,0,1.76
2026-10-06T00:30:30.068000+00:00,,2026-10-06T00:30:30.068000+00:00,,5,Kalu Ganga,Kalawellawa (Millakanda),0b7a66f3-b651-41d3-a5d6-1f0e830552af,8,6.5,1524900,0,3.4
2026-10-06T00:30:15.978000+00:00,,2026-10-06T00:30:15.978000+00:00,,5,Kumbukkan Oya,Nakkala,6ff592f0-df9b-49de-970b-9246ef278ee9,7.5,6,1524899,0,0.9
2026-10-06T00:09:58.094000+00:00,,2026-10-06T00:09:58.094000+00:00,,4,Kelani Ganga,Nagalagam Street,26f0cee6-c12f-459b-8e35-e2808b254a22,7,5,1524898,,1.9
2026-10-05T23:54:15.844000+00:00,,2026-10-05T23:54:15.844000+00:00,,5.2,Kalu Ganga,Rathnapura,e6fabd2d-4a85-402b-9332-33d4cea042e8,9.5,7.5,1524897,0,1.79
2026-10-05T23:52:01.704000+00:00,,2026-10-05T23:52:01.704000+00:00,,3.5,Mahaweli Ganga,Nawalapitiya,7ed4bcd6-74ce-464d-98a8-cc278021cb44,6,5,1524896,0,1.44
2026-10-05T23:50:02.819000+00:00,,2026-10-05T23:50:02.819000+00:00,,2.5,Nilwala Ganga,Urawa,5e3c81d7-2a1a-4d84-b5df-07185d6212dc,6,4,1524895,0,0.57
2026-10-05T23:44:16.097000+00:00,,2026-10-05T23:44:16.097000+00:00,,3,Kelani Ganga,Holombuwa,a12b9b52-0f3f-4242-b8f5-fa10dc7d7e93,6,4,1524894,0,1.07
2026-10-05T23:43:04.598000+00:00,,2026-10-05T23:43:04.598000+00:00,,5,Nilwala Ganga,Panadugama,822fdd76-d495-4605-8213-9ab286a60e79,7.5,6,1524893,0,4.08
2026-10-05T23:43:03.173000+00:00,,2026-10-05T23:43:03.173000+00:00,,5,Nilwala Ganga,Panadugama,f7abe46a-f3ae-4e2e-9a84-bbcddad13e68,7.5,6,1524892,0,4.08
2026-10-05T23:41:45.929000+00:00,,2026-10-05T23:41:45.929000+00:00,,5,Kumbukkan Oya,Nakkala,b702a66e-ac2e-419f-acdd-4d781251fb77,7.5,6,1524891,0,0.95
2026-10-05T23:41:33.077000+00:00,,2026-10-05T23:41:33.077000+00:00,,4,Kirindi Oya,Thanamalwila,68e324c0-b2c8-4c1a-8dfc-5d8bb63db92f,5.5,5,1524890,0,0.5
2026-10-05T23:38:32.194000+00:00,,2026-10-05T23:38:32.194000+00:00,,4,Nilwala Ganga,Pitabeddara,8eacc50f-bf50-411c-9671-409969463e94,6.5,5,1524889,0,1.17
2026-10-05T23:38:31.078000+00:00,,2026-10-05T23:38:31.078000+00:00,,4,Nilwala Ganga,Pitabeddara,2de74b29-d41c-4090-8401-a218951256f4,6.5,5,1524888,0,1.18
2026-10-05T23:38:30.039000+00:00,,2026-10-05T23:38:30.039000+00:00,,4,Nilwala Ganga,Pitabeddara,c015f2c0-02ff-47d0-8bdb-d782108c1a61,6.5,5,1524887,0,1.22
2026-10-05T23:38:28.952000+00:00,,2026-10-05T23:38:28.952000+00:00,,4,Nilwala Ganga,Pitabeddara,d6ea1c80-39e6-466a-b2e2-fb4596ab8d46,6.5,5,1524886,0,1.24
2026-10-05T23:37:17.175000+00:00,,2026-10-05T23:37:17.175000+00:00,,3.5,Gin Ganga,Baddegama,aadd3864-d824-4050-ba4e-e3ded5458570,5,4,1524885,0,1.87
2026-10-05T23:37:14.169000+00:00,,2026-10-05T23:37:14.169000+00:00,,3,Kelani Ganga,Kithulgala,e7b4fc91-27f7-4fc9-b9da-2ff88741a5c1,6,4,1524884,0,2.17
2026-10-05T23:36:44.162000+00:00,,2026-10-05T23:36:44.162000+00:00,,4,Gin Ganga,Thawalama,e8c7d92e-a56f-42d0-99d3-8e7187c6f9db,7.5,6,1524883,0,2.68
2026-10-05T23:35:43.382000+00:00,,2026-10-05T23:35:43.382000+00:00,,5,Maha Oya,Badalgama,872dfc3f-35b5-4a92-95c2-df128fc4084c,9.6,6.2,1524882,0,3.14
2026-10-05T23:34:27.177000+00:00,,2026-10-05T23:34:27.177000+00:00,,4.8,Kelani Ganga,Deraniyagala,1f6afee7-6a0d-4e45-b99a-78879bbf03ef,7,5.8,1524881,0,0.97
2026-10-05T23:34:18.463000+00:00,,2026-10-05T23:34:18.463000+00:00,,4,Kalu Ganga,Magura,6e3732df-34ad-4af7-b11f-43fbc8b5c8fd,7.5,6,1524880,0,3.12
2026-10-05T23:34:04.266000+00:00,,2026-10-05T23:34:04.266000+00:00,,6.5,Kelani Ganga,Hanwella,ef460743-39c2-477b-b4c5-2b2c2a008faf,9.5,7.5,1524879,0,4.45
2026-10-05T23:33:55.826000+00:00,,2026-10-05T23:33:55.826000+00:00,,3,Kalu Ganga,Putupaula,7d04f9bc-786c-406d-884e-36e715578a0f,5,4,1524878,0,0.77
2026-10-05T23:33:53.436000+00:00,,2026-10-05T23:33:53.436000+00:00,,3,Mahaweli Ganga,Manampitiya,2d2ae2eb-d318-4213-8afe-3b416c0a97cd,6,4.3,1524877,0,-0.02
2026-10-05T23:33:48.665000+00:00,,2026-10-05T23:33:48.665000+00:00,,4.4,Kirindi Oya,Wellawaya,8566a897-7b33-45e1-802c-f8b411741c76,5.9,5.4,1524876,0,1
2026-10-05T23:33:35.223000+00:00,,2026-10-05T23:33:35.223000+00:00,,10,Kalu Ganga,Ellagawa,0ea761ff-ea8f-4d66-9d64-9b1a8f26cffa,12.2,10.7,1524875,0,6.1
2026-10-05T23:33:19.319000+00:00,,2026-10-05T23:33:19.319000+00:00,,3,Mahaweli Ganga,Thaldena,5e3c98e3-4000-4e58-94c0-4e9308224603,5,4,1524874,0,0.21
2026-10-05T23:33:09.902000+00:00,,2026-10-05T23:33:09.902000+00:00,,4,Maduru Oya,Padiyathalawa,f4a3fa56-7491-44b3-ba48-80a0ced5b0a7,6,4.5,1524873,0,0.11
2026-10-05T23:32:45.040000+00:00,,2026-10-05T23:32:45.040000+00:00,,5.5,Maha Oya,Giriulla,2132d5cd-2c57-4ab8-8170-e66ad2c17af6,7.5,6.5,1524872,0,2.03
2026-10-05T23:32:39.671000+00:00,,2026-10-05T23:32:39.671000+00:00,,4,Menik Ganga,Katharagama,a504ff93-f547-418c-9d12-f6dbd9e844bf,6.5,4.6,1524871,0,-0.26
2026-10-05T23:32:37.578000+00:00,,2026-10-05T23:32:37.578000+00:00,,4.75,Deduru Oya,Moragaswewa,f2c0b76d-1ffc-4fd8-b4ea-2cd904ac496a,7,6,1524870,0,0.02
2026-10-05T23:32:36.573000+00:00,,2026-10-05T23:32:36.573000+00:00,,1.5,Kelani Ganga,Norwood,738b2ca7-52ae-4a60-bfc3-0e063d58ef9f,4.5,3,1524869,0,0.96
2026-10-05T23:32:30.316000+00:00,,2026-10-05T23:32:30.316000+00:00,,3.3,Aththanagalu Oya,Dunamale,5a6f4f5a-e3b0-4e9f-a663-c43d2aa2e1dc,5.5,4.4,1524868,0,2.63
2026-10-05T23:32:25.165000+00:00,,2026-10-05T23:32:25.165000+00:00,,15,Kelani Ganga,Glencourse,1f8563ec-2cf7-4809-9549-97df0e9d767c,19,15.5,1524867,0,12.3
2026-10-05T23:32:04.082000+00:00,,2026-10-05T23:32:04.082000+00:00,,4.5,Heda Oya,Siyambalanduwa,84d1a336-a37f-40e9-ae5c-4ced22e0b6d9,7,6,1524866,0,0.3
2026-10-05T23:31:55.795000+00:00,,2026-10-05T23:31:55.795000+00:00,,6,Yan Oya,Horowpothana,d9b5334c-d8bc-4780-a11d-c4fe8a7d98e6,10.5,7.5,1524865,0,1.68
2026-10-05T23:31:40.087000+00:00,,2026-10-05T23:31:40.087000+00:00,,4,Ma Oya,Yaka Wewa,8276d134-39d3-40f4-b53c-7426762f95d7,6,5,1524864,0,0.4
2026-10-05T23:31:30.705000+00:00,,2026-10-05T23:31:30.705000+00:00,,5,Mahaweli Ganga,Peradeniya,dc530839-7967-4275-be9c-bfb89810e360,9,7,1524863,0,3.08
2026-10-05T23:31:27.427000+00:00,,2026-10-05T23:31:27.427000+00:00,,5,Kalu Ganga,Kalawellawa (Millakanda),0d107037-546e-40f4-9634-88994eecf5ec,8,6.5,1524862,0,3.2
2026-10-05T23:30:50.230000+00:00,,2026-10-05T23:30:50.230000+00:00,,,Gal Oya,Ampara,114b98ec-718e-404c-bd0b-8b1b05f2ffaa,,,1524861,0,0
2026-10-05T23:30:32.090000+00:00,,2026-10-05T23:30:32.090000+00:00,,3,Walawe Ganga,Moraketiya,0bb6eb05-d21c-48ec-a3f3-a2d6f185e1a3,7,5,1524860,0,1.05
2026-10-05T23:30:12.657000+00:00,,2026-10-05T23:30:12.657000+00:00,,1.4,Nilwala Ganga,Thalgahagoda,2ba3782e-7d18-40cc-a37b-5e8683289399,2.8,1.7,1524859,0,0.76
2026-10-05T23:10:11.946000+00:00,,2026-10-05T23:10:11.946000+00:00,,4,Kalu Ganga,Magura,07e15c20-901a-431b-b776-58a78e3fadf9,7.5,6,1524858,0,3.29
2026-10-05T23:06:50.675000+00:00,,2026-10-05T23:06:50.675000+00:00,,3.5,Mahaweli Ganga,Nawalapitiya,9f4e63a3-7609-4953-b1ef-d391b7ae45e3,6,5,1524857,0,1.46
2026-10-05T22:58:24.014000+00:00,,2026-10-05T22:58:24.014000+00:00,,4,Kirindi Oya,Thanamalwila,75238e61-28dc-49b9-a464-876e6c8542f6,5.5,5,1524856,0,0.5
2026-10-05T22:52:18.565000+00:00,,2026-10-05T22:52:18.565000+00:00,,4,Menik Ganga,Katharagama,2d57461b-809f-4d49-90f6-99d40c7ebb37,6.5,4.6,1524855,0,-0.26
2026-10-05T22:45:18.831000+00:00,,2026-10-05T22:45:18.831000+00:00,,6,Yan Oya,Horowpothana,e6aa6041-d086-4cb4-8968-be104e374011,10.5,7.5,1524854,0,1.68
2026-10-05T22:42:11.046000+00:00,,2026-10-05T22:42:11.046000+00:00,,5,Kalu Ganga,Kalawellawa (Millakanda),142b9772-af8e-4284-b178-e786511c4a99,8,6.5,1524853,0,3
2026-10-05T22:41:36.711000+00:00,,2026-10-05T22:41:36.711000+00:00,,1.4,Nilwala Ganga,Thalgahagoda,e8d97815-731e-48ca-904d-53bb0eaadfde,2.8,1.7,1524852,0,0.74
2026-10-05T22:39:14.014000+00:00,,2026-10-05T22:39:14.014000+00:00,,2.5,Nilwala Ganga,Urawa,9066dc89-66ef-4565-afd7-5a19619e5915,6,4,1524851,0,0.58
2026-10-05T22:38:07.306000+00:00,,2026-10-05T22:38:07.306000+00:00,,3.5,Gin Ganga,Baddegama,6e700256-9383-4f81-8a21-b74711a2ae8f,5,4,1524850,0,1.75
2026-10-05T22:37:22.356000+00:00,,2026-10-05T22:37:22.356000+00:00,,3,Kelani Ganga,Holombuwa,ba6b7ea0-1dbf-450b-98c5-672aebb55c85,6,4,1524849,0,1.12
2026-10-05T22:37:00.385000+00:00,,2026-10-05T22:37:00.385000+00:00,,5,Nilwala Ganga,Panadugama,ab710cb6-cd34-4d98-be29-27a531009d8f,7.5,6,1524848,0,3.99
2026-10-05T22:36:52.692000+00:00,,2026-10-05T22:36:52.692000+00:00,,4,Kalu Ganga,Magura,1116bd2c-405c-444c-8b69-cb585ed4079e,7.5,6,1524847,0,3.42
2026-10-05T22:36:32.756000+00:00,,2026-10-05T22:36:32.756000+00:00,,5.2,Kalu Ganga,Rathnapura,7603769a-d4dd-477d-8585-ffe975986257,9.5,7.5,1524846,0,1.81
2026-10-05T22:35:53.235000+00:00,,2026-10-05T22:35:53.235000+00:00,,4.5,Heda Oya,Siyambalanduwa,a281777f-bd68-49a0-b31a-f9fe5dc4c2e8,7,6,1524845,0,0.31
2026-10-05T22:35:33.804000+00:00,,2026-10-05T22:35:33.804000+00:00,,4.8,Kelani Ganga,Deraniyagala,7db7f62e-fa8f-4ffc-bb58-b51c40467f7c,7,5.8,1524844,0,1.06
2026-10-05T22:35:05.546000+00:00,,2026-10-05T22:35:05.546000+00:00,,3,Kelani Ganga,Kithulgala,c6251818-b17d-406a-b691-eaa8bc93ab11,6,4,1524843,0,2.13
2026-10-05T22:35:03.354000+00:00,,2026-10-05T22:35:03.354000+00:00,,5,Maha Oya,Badalgama,bef740f5-5351-45f3-a0e7-bccd202079e3,9.6,6.2,1524842,0,3.07
2026-10-05T22:34:54.296000+00:00,,2026-10-05T22:34:54.296000+00:00,,4.5,Heda Oya,Siyambalanduwa,78ae5d3a-6634-48ac-8458-73ff6ff7f242,7,6,1524841,0,0.31
2026-10-05T22:34:51.608000+00:00,,2026-10-05T22:34:51.608000+00:00,,6.9,Kirindi Oya,Kuda Oya,6672cd02-bf3d-46d7-bf08-6d3d984ea15c,8.8,8.4,1524840,0,1.08
2026-10-05T22:33:44.059000+00:00,,2026-10-05T22:33:44.059000+00:00,,3.3,Aththanagalu Oya,Dunamale,b4964ef0-60bc-4304-a076-be41ecdf98e4,5.5,4.4,1524839,0,2.65
2026-10-05T22:33:17.662000+00:00,,2026-10-05T22:33:17.662000+00:00,,5.5,Maha Oya,Giriulla,8b3c2441-cf7e-495a-b6c7-930c3169e3cb,7.5,6.5,1524838,0,2.07
2026-10-05T22:33:06.183000+00:00,,2026-10-05T22:33:06.183000+00:00,,6.5,Kelani Ganga,Hanwella,8d2a8afb-c1dd-42a0-8814-c322ccaef07a,9.5,7.5,1524837,0,4.42
2026-10-05T22:32:48.132000+00:00,,2026-10-05T22:32:48.132000+00:00,,1.5,Kelani Ganga,Norwood,4a512631-5d58-401c-99a8-492136933e04,4.5,3,1524836,0,0.98
2026-10-05T22:32:38.198000+00:00,,2026-10-05T22:32:38.198000+00:00,,4,Maduru Oya,Padiyathalawa,9f40f115-07bf-40e9-8b48-5332efa63a6d,6,4.5,1524835,0,0.11
2026-10-05T22:32:34.931000+00:00,,2026-10-05T22:32:34.931000+00:00,,4,Kelani Ganga,Nagalagam Street,06d47430-3011-40e2-9dc7-d6b6820672ec,7,5,1524834,,1.9
2026-10-05T22:32:23.323000+00:00,,2026-10-05T22:32:23.323000+00:00,,15,Kelani Ganga,Glencourse,8d3e4e87-d3f0-43a3-aa5f-1d94e053f1fd,19,15.5,1524833,0,12.52
2026-10-05T22:32:15.807000+00:00,,2026-10-05T22:32:15.807000+00:00,,3,Mahaweli Ganga,Manampitiya,5df4bae5-2cc4-42f6-8e35-7ac39ab7f8da,6,4.3,1524832,0,-0.03
2026-10-05T22:32:12.103000+00:00,,2026-10-05T22:32:12.103000+00:00,,10,Kalu Ganga,Ellagawa,b055b992-940d-4df0-9a41-2fd4d21f0a83,12.2,10.7,1524831,0,6.03
2026-10-05T22:32:11.863000+00:00,,2026-10-05T22:32:11.863000+00:00,,4,Gin Ganga,Thawalama,640a1ba2-8c88-47ef-9d50-27b244c166ce,7.5,6,1524830,0,2.75
2026-10-05T22:32:08.673000+00:00,,2026-10-05T22:32:08.673000+00:00,,4.4,Kirindi Oya,Wellawaya,4152881d-ba99-4e0b-8365-1641ad771691,5.9,5.4,1524829,0,1.02
2026-10-05T22:31:45.796000+00:00,,2026-10-05T22:31:45.796000+00:00,,4,Ma Oya,Yaka Wewa,d75ff02d-05f3-4470-8f95-f2e7e417c827,6,5,1524828,0,0.4
2026-10-05T22:31:07.586000+00:00,,2026-10-05T22:31:07.586000+00:00,,4.75,Deduru Oya,Moragaswewa,db7a1b04-86ab-4f89-8c49-9675495efc74,7,6,1524827,0,-0.01
2026-10-05T22:31:02.776000+00:00,,2026-10-05T22:31:02.776000+00:00,,5,Mahaweli Ganga,Peradeniya,14fac105-d86d-47cb-a06b-71740f2c72da,9,7,1524826,0,3.16
2026-10-05T22:30:57.795000+00:00,,2026-10-05T22:30:57.795000+00:00,,,Gal Oya,Ampara,7f0ce37d-30a1-488f-bae3-336ba94f4d36,,,1524825,0,0
2026-10-05T22:30:48.728000+00:00,,2026-10-05T22:30:48.728000+00:00,,3,Mahaweli Ganga,Thaldena,5bbba957-09e3-4427-be9c-8a3fc8d1ea59,5,4,1524824,0,0.22
2026-10-05T22:30:15.156000+00:00,,2026-10-05T22:30:15.156000+00:00,,3,Walawe Ganga,Moraketiya,bfb6e210-a19c-42f7-8950-c756fd450e8e,7,5,1524823,0,0.99
2026-10-05T22:30:14.238000+00:00,,2026-10-05T22:30:14.238000+00:00,,5,Kumbukkan Oya,Nakkala,8a85cf63-cc42-415d-bc9f-5e4aa6a77441,7.5,6,1524822,0,0.99
2026-10-05T22:20:32.063000+00:00,,2026-10-05T22:20:32.063000+00:00,,4,Kalu Ganga,Magura,8df1f13b-9433-4063-a399-914e70ce9b25,7.5,6,1524821,0,3.38
2026-10-05T22:18:02.001000+00:00,,2026-10-05T22:18:02.001000+00:00,,5.2,Kalu Ganga,Rathnapura,2f472568-5b21-4298-bd71-6b4ff0bc9ce4,9.5,7.5,1524820,0,1.81
2026-10-05T21:51:46.374000+00:00,,2026-10-05T21:51:46.374000+00:00,,1.4,Nilwala Ganga,Thalgahagoda,15d25103-d228-4901-b390-0e5d49657fdf,2.8,1.7,1524819,0,0.7
2026-10-05T21:46:44.220000+00:00,,2026-10-05T21:46:44.220000+00:00,,4,Kelani Ganga,Nagalagam Street,b836df7f-03a1-4397-b859-720a68d76221,7,5,1524818,,2.1
2026-10-05T21:45:56.328000+00:00,,2026-10-05T21:45:56.328000+00:00,,4.5,Heda Oya,Siyambalanduwa,6a789c58-d7e8-4fb3-8c20-285a770b45b3,7,6,1524817,0,0.31
2026-10-05T21:42:00.216000+00:00,,2026-10-05T21:42:00.216000+00:00,,3,Kelani Ganga,Holombuwa,13b56837-de85-4693-a5d0-454d01050529,6,4,1524816,0,1.15
2026-10-05T21:40:14.720000+00:00,,2026-10-05T21:40:14.720000+00:00,,2.5,Nilwala Ganga,Urawa,233f2442-4084-40c2-a509-c9c3dd952980,6,4,1524815,0,0.59
2026-10-05T21:39:18.983000+00:00,,2026-10-05T21:39:18.983000+00:00,,6.5,Kelani Ganga,Hanwella,894b49c6-c516-4fc7-ac57-c4cc05171c9f,9.5,7.5,1524814,0,4.4
2026-10-05T21:38:13.903000+00:00,,2026-10-05T21:38:13.903000+00:00,,3,Kelani Ganga,Kithulgala,206f541e-3149-48eb-a627-f82cdbdcf3a9,6,4,1524813,0,2.17
2026-10-05T21:37:07.259000+00:00,,2026-10-05T21:37:07.259000+00:00,,10,Kalu Ganga,Ellagawa,594a5e91-7df4-48a1-b017-7fad73d8fa82,12.2,10.7,1524812,0,5.98
2026-10-05T21:36:57.679000+00:00,,2026-10-05T21:36:57.679000+00:00,,3.5,Gin Ganga,Baddegama,0ec74b58-c8e5-4866-b603-a026299729b2,5,4,1524811,0,1.62
2026-10-05T21:36:19.587000+00:00,,2026-10-05T21:36:19.587000+00:00,,6.9,Kirindi Oya,Kuda Oya,01d175d5-7da7-4310-9300-a47743e23d0b,8.8,8.4,1524810,0,1.08
2026-10-05T21:36:07.519000+00:00,,2026-10-05T21:36:07.519000+00:00,,4,Kirindi Oya,Thanamalwila,84648df5-b7f7-4d76-b42a-bea9fed16203,5.5,5,1524809,0,0.5
2026-10-05T21:35:32.521000+00:00,,2026-10-05T21:35:32.521000+00:00,,5,Maha Oya,Badalgama,7f3a3357-393f-42f8-8f57-b20089499eee,9.6,6.2,1524808,0,2.98
2026-10-05T21:34:38.485000+00:00,,2026-10-05T21:34:38.485000+00:00,,3,Mahaweli Ganga,Thaldena,ad1e0404-b1f9-480c-bb0f-10abb16d12a7,5,4,1524807,0,0.24
2026-10-05T21:34:26.239000+00:00,,2026-10-05T21:34:26.239000+00:00,,4.8,Kelani Ganga,Deraniyagala,484abd23-d11c-49d2-97fe-cf07fc718868,7,5.8,1524806,0,1.09
2026-10-05T21:34:15.848000+00:00,,2026-10-05T21:34:15.848000+00:00,,5,Nilwala Ganga,Panadugama,b8875958-a041-4d17-8774-4fb3a654dfde,7.5,6,1524805,0,3.92
2026-10-05T21:33:50.431000+00:00,,2026-10-05T21:33:50.431000+00:00,,4,Menik Ganga,Katharagama,4b88bf8f-418c-46d3-922d-023f0023eccb,6.5,4.6,1524804,0,-0.27
2026-10-05T21:33:38.331000+00:00,,2026-10-05T21:33:38.331000+00:00,,5.5,Maha Oya,Giriulla,33d2fa26-bbe2-4ed5-82aa-1d161b1a73bd,7.5,6.5,1524803,0,2.13
2026-10-05T21:33:35.009000+00:00,,2026-10-05T21:33:35.009000+00:00,,15,Kelani Ganga,Glencourse,e5308ce6-373b-46f1-a999-9edddfd07682,19,15.5,1524802,0,12.73
2026-10-05T21:33:33.097000+00:00,,2026-10-05T21:33:33.097000+00:00,,3.3,Aththanagalu Oya,Dunamale,a33a40db-fa3a-48ca-9bfe-0590b67fed07,5.5,4.4,1524801,0,2.63
2026-10-05T21:33:32.595000+00:00,,2026-10-05T21:33:32.595000+00:00,,1.5,Kelani Ganga,Norwood,b31da372-efca-4758-832e-4da9514da3ce,4.5,3,1524800,0,0.99
2026-10-05T21:33:27.027000+00:00,,2026-10-05T21:33:27.027000+00:00,,4,Gin Ganga,Thawalama,8cf367e8-0519-419a-835f-e7215febddee,7.5,6,1524799,0,2.8
2026-10-05T21:32:59.911000+00:00,,2026-10-05T21:32:59.911000+00:00,,3,Mahaweli Ganga,Manampitiya,4be61b84-d90b-4f7a-bdb2-feaa2ba76a0f,6,4.3,1524798,0,-0.05
2026-10-05T21:32:51.597000+00:00,,2026-10-05T21:32:51.597000+00:00,,5,Mahaweli Ganga,Peradeniya,27295cd0-65bf-48c2-bcea-f262656b07e2,9,7,1524797,0,3.28
2026-10-05T21:32:34.341000+00:00,,2026-10-05T21:32:34.341000+00:00,,4.4,Kirindi Oya,Wellawaya,fbda200d-5566-4071-b4c3-cf2eb18a0222,5.9,5.4,1524796,0,1.05
2026-10-05T21:32:09.958000+00:00,,2026-10-05T21:32:09.958000+00:00,,4,Maduru Oya,Padiyathalawa,e852881f-6249-44bd-b0d5-674bb8a64268,6,4.5,1524795,0,0.11
2026-10-05T21:31:59.179000+00:00,,2026-10-05T21:31:59.179000+00:00,,4,Ma Oya,Yaka Wewa,d925adf9-22f2-4534-9ac6-797632606432,6,5,1524794,0,0.4
2026-10-05T21:31:08.974000+00:00,,2026-10-05T21:31:08.974000+00:00,,3.5,Mahaweli Ganga,Nawalapitiya,25cea593-1dcc-4258-8601-47e5121cf269,6,5,1524793,0,1.48
2026-10-05T21:31:00.304000+00:00,,2026-10-05T21:31:00.304000+00:00,,4.75,Deduru Oya,Moragaswewa,f00ee252-a2cc-4989-8f4c-2fbde933d5ab,7,6,1524792,0,-0.03
2026-10-05T21:30:49.781000+00:00,,2026-10-05T21:30:49.781000+00:00,,,Gal Oya,Ampara,019dc565-9bfa-4e3a-9ce7-296380e30341,,,1524791,0,0
2026-10-05T21:30:33.851000+00:00,,2026-10-05T21:30:33.851000+00:00,,6,Yan Oya,Horowpothana,c1d1fa15-1aae-4193-837a-ad9656edf7ba,10.5,7.5,1524790,0,1.68
2026-10-05T21:30:22.128000+00:00,,2026-10-05T21:30:22.128000+00:00,,5,Kumbukkan Oya,Nakkala,9cca831e-b511-4a73-9a05-c90df278c75d,7.5,6,1524789,0,1.04
2026-10-05T21:30:21.331000+00:00,,2026-10-05T21:30:21.331000+00:00,,3,Walawe Ganga,Moraketiya,a19745b1-a04b-4460-a497-1aef65cb0c51,7,5,1524788,0,0.98
2026-10-05T20:59:03.537000+00:00,,2026-10-05T20:59:03.537000+00:00,,4,Kalu Ganga,Magura,c8840a47-0ebe-41a6-9f55-dacd71452790,7.5,6,1524787,0,3.22
2026-10-05T20:54:03.986000+00:00,,2026-10-05T20:54:03.986000+00:00,,5.2,Kalu Ganga,Rathnapura,44dc794e-e0b1-4518-972b-bd8a5dcdb088,9.5,7.5,1524786,0,1.82
2026-10-05T20:50:24.173000+00:00,,2026-10-05T20:50:24.173000+00:00,,3.5,Gin Ganga,Baddegama,abadf64f-7732-4aa7-a05b-0fc90b867a28,5,4,1524785,0,1.51
2026-10-05T20:50:02.404000+00:00,,2026-10-05T20:50:02.404000+00:00,,1.4,Nilwala Ganga,Thalgahagoda,d6068e1f-1bc2-4b87-a358-d0280a3976af,2.8,1.7,1524784,0,0.68
2026-10-05T20:46:56.106000+00:00,,2026-10-05T20:46:56.106000+00:00,,4,Kelani Ganga,Nagalagam Street,136ada9f-0950-4f49-9b42-e45dbea5be54,7,5,1524783,,2.2
2026-10-05T20:43:23.866000+00:00,,2026-10-05T20:43:23.866000+00:00,,3,Kalu Ganga,Putupaula,8faa46a4-0e16-4a1e-9119-f24753bc0638,5,4,1524782,0,0.82
2026-10-05T20:42:43.992000+00:00,,2026-10-05T20:42:43.992000+00:00,,4,Kirindi Oya,Thanamalwila,7f9f4c79-4ea1-4854-a102-b0f2228f9dcc,5.5,5,1524781,0,0.52
2026-10-05T20:42:24.551000+00:00,,2026-10-05T20:42:24.551000+00:00,,4.8,Kelani Ganga,Deraniyagala,e60cd47c-91bc-4461-bd91-4676221ceb10,7,5.8,1524780,0,1.12
2026-10-05T20:40:58.803000+00:00,,2026-10-05T20:40:58.803000+00:00,,3.3,Aththanagalu Oya,Dunamale,a7c6d05f-d24b-45da-a68c-00ecd1edf7f0,5.5,4.4,1524779,10.7,2.6
2026-10-05T20:38:09.365000+00:00,,2026-10-05T20:38:09.365000+00:00,,3,Kelani Ganga,Holombuwa,6bed1bb5-a023-4ff4-9512-f0029cba609d,6,4,1524778,0,1.21
2026-10-05T20:36:38.942000+00:00,,2026-10-05T20:36:38.942000+00:00,,3,Kelani Ganga,Kithulgala,d7f46fdd-240e-491c-a7e9-e04638b919b0,6,4,1524777,0,2.18
2026-10-05T20:36:13.149000+00:00,,2026-10-05T20:36:13.149000+00:00,,5,Nilwala Ganga,Panadugama,6706ffc0-ebe5-4490-a42f-ac2a56b60f75,7.5,6,1524776,0,3.81
2026-10-05T20:35:55.978000+00:00,,2026-10-05T20:35:55.978000+00:00,,5,Maha Oya,Badalgama,5fa60f77-50b0-4f46-9dad-247963672551,9.6,6.2,1524775,0,2.83
2026-10-05T20:35:22.181000+00:00,,2026-10-05T20:35:22.181000+00:00,,10,Kalu Ganga,Ellagawa,93ddcbfe-53f3-48b8-a49c-3a668984a99f,12.2,10.7,1524774,0,5.9
2026-10-05T20:35:06.450000+00:00,,2026-10-05T20:35:06.450000+00:00,,4,Menik Ganga,Katharagama,e53deb90-f8e7-4374-b62e-43197f8c6dd8,6.5,4.6,1524773,0,-0.27
2026-10-05T20:33:42.170000+00:00,,2026-10-05T20:33:42.170000+00:00,,4,Gin Ganga,Thawalama,16f8f1d2-5a40-4db5-a2ff-f0e3aea17c70,7.5,6,1524772,0,2.91
2026-10-05T20:33:36.125000+00:00,,2026-10-05T20:33:36.125000+00:00,,3,Mahaweli Ganga,Manampitiya,d54f9595-574c-4f26-a1e3-99c4300525ed,6,4.3,1524771,0,-0.07
2026-10-05T20:32:55.400000+00:00,,2026-10-05T20:32:55.400000+00:00,,5.5,Maha Oya,Giriulla,5267719c-d359-4334-b8ce-1faff5638322,7.5,6.5,1524770,0,2.15
2026-10-05T20:32:38.156000+00:00,,2026-10-05T20:32:38.156000+00:00,,4.4,Kirindi Oya,Wellawaya,18d884f3-1763-4142-ae39-07078c6efde4,5.9,5.4,1524769,0,1.07
2026-10-05T20:32:38.102000+00:00,,2026-10-05T20:32:38.102000+00:00,,1.5,Kelani Ganga,Norwood,7e0ba34e-c672-40b2-972b-584355d87204,4.5,3,1524768,0,1
2026-10-05T20:32:30.322000+00:00,,2026-10-05T20:32:30.322000+00:00,,4.5,Heda Oya,Siyambalanduwa,ae30d538-84ba-42aa-b470-8fec34827e94,7,6,1524767,0,0.31
2026-10-05T20:32:28.741000+00:00,,2026-10-05T20:32:28.741000+00:00,,4.75,Deduru Oya,Moragaswewa,67d60d29-ddcf-4297-b8e8-857c95dc5c11,7,6,1524766,0,-0.04
2026-10-05T20:32:25.575000+00:00,,2026-10-05T20:32:25.575000+00:00,,6,Yan Oya,Horowpothana,2a8aa38b-5904-4112-b982-005070ceb271,10.5,7.5,1524765,0,1.68
2026-10-05T20:32:19.350000+00:00,,2026-10-05T20:32:19.350000+00:00,,5,Mahaweli Ganga,Peradeniya,5bc7010e-84d4-40d5-bb75-627673ae1945,9,7,1524764,0,3.49
2026-10-05T20:31:51.327000+00:00,,2026-10-05T20:31:51.327000+00:00,,3,Mahaweli Ganga,Thaldena,274d8b0e-43b5-4342-bfc0-60ddff6a4c98,5,4,1524763,0,0.29
2026-10-05T20:31:43.679000+00:00,,2026-10-05T20:31:43.679000+00:00,,4,Ma Oya,Yaka Wewa,1ba02f13-f5b4-413d-b806-75909d28f941,6,5,1524762,0,0.4
2026-10-05T20:31:34.434000+00:00,,2026-10-05T20:31:34.434000+00:00,,4,Maduru Oya,Padiyathalawa,6e1d5a0b-9d67-44c2-81ef-149ed838e185,6,4.5,1524761,0,0.11
2026-10-05T20:31:03.436000+00:00,,2026-10-05T20:31:03.436000+00:00,,3.5,Mahaweli Ganga,Nawalapitiya,29471ab8-5a82-4b43-a751-14333b845cb0,6,5,1524760,0,1.5
2026-10-05T20:30:59.918000+00:00,,2026-10-05T20:30:59.918000+00:00,,,Gal Oya,Ampara,a01b6a4b-7b55-4233-a49f-cc861902acb9,,,1524759,0,0
2026-10-05T20:30:32.989000+00:00,,2026-10-05T20:30:32.989000+00:00,,15,Kelani Ganga,Glencourse,3182016d-ab41-4417-a292-707c36e7d01f,19,15.5,1524758,0,13
2026-10-05T20:30:15.525000+00:00,,2026-10-05T20:30:15.525000+00:00,,3,Walawe Ganga,Moraketiya,8cf449aa-0b8e-432b-a334-97bb72fd11ec,7,5,1524757,0,0.98
2026-10-05T20:30:13.536000+00:00,,2026-10-05T20:30:13.536000+00:00,,5,Kumbukkan Oya,Nakkala,f5a316ec-6d1f-4292-bc7b-a02de3bbccea,7.5,6,1524756,0,1.09
2026-10-05T20:03:25.650000+00:00,,2026-10-05T20:03:25.650000+00:00,,4.5,Heda Oya,Siyambalanduwa,9dc968ff-1139-460e-bfa8-12ee21fd8bd8,7,6,1524755,0,0.31
2026-10-05T19:59:27.182000+00:00,,2026-10-05T19:59:27.182000+00:00,,6.9,Kirindi Oya,Kuda Oya,063c94c2-fd7f-43b9-99a5-2152a16c4515,8.8,8.4,1524754,0,1.08
2026-10-05T19:45:08.855000+00:00,,2026-10-05T19:45:08.855000+00:00,,5.2,Kalu Ganga,Rathnapura,bc38ebce-6510-4d65-adaa-6d7d959a6d8d,9.5,7.5,1524753,0,1.82
2026-10-05T19:42:50.635000+00:00,,2026-10-05T19:42:50.635000+00:00,,3,Kelani Ganga,Holombuwa,79b3e2c4-b404-4717-ac03-5e8234b8238c,6,4,1524752,0,1.3
2026-10-05T19:38:47.736000+00:00,,2026-10-05T19:38:47.736000+00:00,,6.5,Kelani Ganga,Hanwella,2adbda40-0616-44fd-adb9-a275c2a29add,9.5,7.5,1524751,0,4.24
2026-10-05T19:36:44.570000+00:00,,2026-10-05T19:36:44.570000+00:00,,3,Kelani Ganga,Kithulgala,5a30b24b-2809-45e6-bfca-eeb26b4a7203,6,4,1524750,0,2.2
2026-10-05T19:36:21.362000+00:00,,2026-10-05T19:36:21.362000+00:00,,4,Kelani Ganga,Nagalagam Street,3c6def86-65d0-4e4d-bb15-8c646ba92308,7,5,1524749,,2
2026-10-05T19:36:13.075000+00:00,,2026-10-05T19:36:13.075000+00:00,,4,Gin Ganga,Thawalama,d0b099a6-1806-4c41-9357-c309d0c1620c,7.5,6,1524748,0,3.04
2026-10-05T19:35:47.989000+00:00,,2026-10-05T19:35:47.989000+00:00,,2.5,Nilwala Ganga,Urawa,5463c8d0-15ca-47f3-9f04-adac1a03a7aa,6,4,1524747,0,0.6
2026-10-05T19:34:54.513000+00:00,,2026-10-05T19:34:54.513000+00:00,,5,Maha Oya,Badalgama,be83d4ec-67a5-48e0-9378-a133e2f0a152,9.6,6.2,1524746,0,2.74
2026-10-05T19:34:29.708000+00:00,,2026-10-05T19:34:29.708000+00:00,,3.5,Mahaweli Ganga,Nawalapitiya,03a9924e-d70a-4f83-b8bc-8cfd91728eeb,6,5,1524745,0,1.53
2026-10-05T19:34:23.713000+00:00,,2026-10-05T19:34:23.713000+00:00,,4.8,Kelani Ganga,Deraniyagala,0a75bd03-c3aa-4be3-867b-a9e0f6c0c479,7,5.8,1524744,0,1.15
2026-10-05T19:34:22.931000+00:00,,2026-10-05T19:34:22.931000+00:00,,3.5,Gin Ganga,Baddegama,e11649a1-870d-4968-8d9c-6353a072d5e7,5,4,1524743,0,1.46
2026-10-05T19:34:12.808000+00:00,,2026-10-05T19:34:12.808000+00:00,,5,Kumbukkan Oya,Nakkala,dc424939-74d0-42c3-a8c2-90c61e1e97ae,7.5,6,1524742,0,1.05
2026-10-05T19:34:01.975000+00:00,,2026-10-05T19:34:01.975000+00:00,,3.5,Mahaweli Ganga,Nawalapitiya,5e4e2227-c1d3-4b68-b5a4-df5f3d611bea,6,5,1524741,0,1.53
2026-10-05T19:33:40.953000+00:00,,2026-10-05T19:33:40.953000+00:00,,3.5,Mahaweli Ganga,Nawalapitiya,aa2dec33-ecd9-4f0d-acda-b8f329abcb4f,6,5,1524740,0,1.53
2026-10-05T19:33:28.610000+00:00,,2026-10-05T19:33:28.610000+00:00,,1.4,Nilwala Ganga,Thalgahagoda,cfc977a5-1f07-4837-af3a-0d490d394b19,2.8,1.7,1524739,0,0.66
2026-10-05T19:33:20.164000+00:00,,2026-10-05T19:33:20.164000+00:00,,3.5,Mahaweli Ganga,Nawalapitiya,d498a609-ca08-464c-93f2-3818dbbfa574,6,5,1524738,0,1.53
2026-10-05T19:33:18.834000+00:00,,2026-10-05T19:33:18.834000+00:00,,4.4,Kirindi Oya,Wellawaya,16ebc52f-1893-44e2-9493-f186d3e0ae30,5.9,5.4,1524737,0,1.05
2026-10-05T19:33:18.513000+00:00,,2026-10-05T19:33:18.513000+00:00,,5,Nilwala Ganga,Panadugama,41022bb4-bda0-4280-ad36-1432efdeafc8,7.5,6,1524736,0,3.75
2026-10-05T19:33:14.133000+00:00,,2026-10-05T19:33:14.133000+00:00,,4,Nilwala Ganga,Pitabeddara,b0aa50b7-6c9f-49e7-8bce-d020e1ba8c6d,6.5,5,1524735,0,1.26
2026-10-05T19:33:03.014000+00:00,,2026-10-05T19:33:03.014000+00:00,,3.3,Aththanagalu Oya,Dunamale,2b1428e7-ced7-4647-9b8f-cea25499d656,5.5,4.4,1524734,0,2.54
2026-10-05T19:32:37.749000+00:00,,2026-10-05T19:32:37.749000+00:00,,1.5,Kelani Ganga,Norwood,08ef07fe-3a3d-4625-b3ea-cf27bc19a670,4.5,3,1524733,0,1.01
2026-10-05T19:32:34.122000+00:00,,2026-10-05T19:32:34.122000+00:00,,5.5,Maha Oya,Giriulla,be6d7a33-db92-4cab-b178-df8ae857158e,7.5,6.5,1524732,0,2.15
2026-10-05T19:32:22.863000+00:00,,2026-10-05T19:32:22.863000+00:00,,15,Kelani Ganga,Glencourse,87475d82-68ab-4c5d-a4b5-a734a9c9c291,19,15.5,1524731,0,13.06
2026-10-05T19:32:21.100000+00:00,,2026-10-05T19:32:21.100000+00:00,,,Gal Oya,Ampara,67edc14e-bfe0-408f-82c4-e54e6fd92a86,,,1524730,0,0
2026-10-05T19:32:00.157000+00:00,,2026-10-05T19:32:00.157000+00:00,,3,Mahaweli Ganga,Manampitiya,cb194aad-751a-48e9-96b5-6f6c10b529e4,6,4.3,1524729,0,-0.1
2026-10-05T19:31:58.457000+00:00,,2026-10-05T19:31:58.457000+00:00,,3,Mahaweli Ganga,Thaldena,19d6a737-3eb7-44f7-b8a3-678e973a8d94,5,4,1524728,0,0.23
2026-10-05T19:31:53.949000+00:00,,2026-10-05T19:31:53.949000+00:00,,10,Kalu Ganga,Ellagawa,d73eb375-13ee-4fdf-a220-4d5d75f502da,12.2,10.7,1524727,0,5.8
2026-10-05T19:31:38.545000+00:00,,2026-10-05T19:31:38.545000+00:00,,4,Ma Oya,Yaka Wewa,5ce7174a-be39-4799-a2f3-5e536eedf823,6,5,1524726,0,0.4
2026-10-05T19:31:14.610000+00:00,,2026-10-05T19:31:14.610000+00:00,,4,Maduru Oya,Padiyathalawa,b740b0bc-2a4a-45bc-ab7c-0d3de35bece0,6,4.5,1524725,0,0.11
2026-10-05T19:31:11.541000+00:00,,2026-10-05T19:31:11.541000+00:00,,4.75,Deduru Oya,Moragaswewa,02f18c31-e81d-4208-9501-90810b1a5941,7,6,1524724,0,-0.04
2026-10-05T19:30:53.044000+00:00,,2026-10-05T19:30:53.044000+00:00,,6,Yan Oya,Horowpothana,83e00b7a-7119-4398-b408-ca7ff53a1d5e,10.5,7.5,1524723,0,1.68
2026-10-05T19:30:33.069000+00:00,,2026-10-05T19:30:33.069000+00:00,,5,Mahaweli Ganga,Peradeniya,f498aca4-1f7c-4ddd-ae98-6c2357381e30,9,7,1524722,0,3.61
2026-10-05T19:30:14.315000+00:00,,2026-10-05T19:30:14.315000+00:00,,3,Walawe Ganga,Moraketiya,baa18e30-b7f3-48db-9f83-e0a22d944640,7,5,1524721,0,0.97
2026-10-05T19:25:32.766000+00:00,,2026-10-05T19:25:32.766000+00:00,,4,Maduru Oya,Padiyathalawa,9ef83732-2d87-4253-b691-8d23e9b3591f,6,4.5,1524720,0,0.11
2026-10-05T18:48:02.318000+00:00,,2026-10-05T18:48:02.318000+00:00,,5.2,Kalu Ganga,Rathnapura,1ab24580-3b0c-4b84-a0fe-6615dc8be386,9.5,7.5,1524719,0,1.83
2026-10-05T18:46:23.687000+00:00,,2026-10-05T18:46:23.687000+00:00,,6,Yan Oya,Horowpothana,e75c6320-f1af-46ff-aa13-0f2991787673,10.5,7.5,1524718,0,1.68
2026-10-05T18:41:20.800000+00:00,,2026-10-05T18:41:20.800000+00:00,,4,Kalu Ganga,Magura,887d2cd7-88ff-4ab5-a3c5-931bc2ecf74b,7.5,6,1524717,0,2.95
2026-10-05T18:38:52.411000+00:00,,2026-10-05T18:38:52.411000+00:00,,10,Kalu Ganga,Ellagawa,4422e643-955d-415c-bb87-1ef40a30f09b,12.2,10.7,1524716,0,5.7
2026-10-05T18:38:29.374000+00:00,,2026-10-05T18:38:29.374000+00:00,,3.5,Gin Ganga,Baddegama,edeeb280-9138-4df4-82fb-09a480c9a0c2,5,4,1524715,0,1.41
2026-10-05T18:38:27.962000+00:00,,2026-10-05T18:38:27.962000+00:00,,5,Nilwala Ganga,Panadugama,07a62ae7-a816-46e6-a307-831911b2ab83,7.5,6,1524714,0,3.62
2026-10-05T18:38:20.559000+00:00,,2026-10-05T18:38:20.559000+00:00,,4,Nilwala Ganga,Pitabeddara,8f6e1d52-0eff-4ae4-b27a-0916427de684,6.5,5,1524713,0,1.28
2026-10-05T18:37:05.250000+00:00,,2026-10-05T18:37:05.250000+00:00,,3,Kelani Ganga,Kithulgala,840bf614-4ed6-4685-b21e-c9b2675afd4c,6,4,1524712,0,2.07
2026-10-05T18:36:56.547000+00:00,,2026-10-05T18:36:56.547000+00:00,,3,Kelani Ganga,Holombuwa,192a096f-cc99-4d81-be7b-f51375f12124,6,4,1524711,0,1.44
2026-10-05T18:36:56.230000+00:00,,2026-10-05T18:36:56.230000+00:00,,1.5,Kelani Ganga,Norwood,dcbdb804-a5e6-4903-baa2-8482b52f6549,4.5,3,1524710,0,1.03
2026-10-05T18:36:41.530000+00:00,,2026-10-05T18:36:41.530000+00:00,,3,Kalu Ganga,Putupaula,008cb8c2-102c-465a-b2bd-03cb8f0278c8,5,4,1524709,0,0.91
2026-10-05T18:36:38.713000+00:00,,2026-10-05T18:36:38.713000+00:00,,6.5,Kelani Ganga,Hanwella,a7311054-9600-4ed2-8199-7bfeb9212ba8,9.5,7.5,1524708,0,4.03
2026-10-05T18:36:30.823000+00:00,,2026-10-05T18:36:30.823000+00:00,,1.4,Nilwala Ganga,Thalgahagoda,33bf94e0-951b-4a55-98be-0a991ed1a580,2.8,1.7,1524707,0,0.64
2026-10-05T18:36:17.057000+00:00,,2026-10-05T18:36:17.057000+00:00,,4,Kirindi Oya,Thanamalwila,04cf16da-17d5-4ccc-9c3c-b39e340ea242,5.5,5,1524706,0,0.56
2026-10-05T18:36:12.559000+00:00,,2026-10-05T18:36:12.559000+00:00,,5,Mahaweli Ganga,Peradeniya,7c5c0ab0-dba7-4ec5-a8e9-a495c2dd24d5,9,7,1524705,0,3.87
2026-10-05T18:35:17.022000+00:00,,2026-10-05T18:35:17.022000+00:00,,5,Maha Oya,Badalgama,fc1d5106-e94e-474e-b52f-585f2884a7a6,9.6,6.2,1524704,0,2.72
2026-10-05T18:34:30.473000+00:00,,2026-10-05T18:34:30.473000+00:00,,4,Menik Ganga,Katharagama,d6444303-60f8-46a1-b3f9-40bb0117e19f,6.5,4.6,1524703,0,-0.27
2026-10-05T18:34:22.361000+00:00,,2026-10-05T18:34:22.361000+00:00,,4.8,Kelani Ganga,Deraniyagala,26870828-b252-4a5c-a50c-5cdbebf30d1c,7,5.8,1524702,0,1.18
2026-10-05T18:34:02.873000+00:00,,2026-10-05T18:34:02.873000+00:00,,3.3,Aththanagalu Oya,Dunamale,8e01eb5d-6c3b-42b9-b9cf-fb748d061ecb,5.5,4.4,1524701,0,2.46
2026-10-05T18:33:50.655000+00:00,,2026-10-05T18:33:50.655000+00:00,,3,Mahaweli Ganga,Thaldena,b3554c73-4e55-4d32-bcf8-7f0f7dd27864,5,4,1524700,0,0.28
2026-10-05T18:33:44.875000+00:00,,2026-10-05T18:33:44.875000+00:00,,4,Gin Ganga,Thawalama,e68ae76a-0186-4c02-9e4a-8ec72a670ae5,7.5,6,1524699,0,3.26
2026-10-05T18:33:28.158000+00:00,,2026-10-05T18:33:28.158000+00:00,,4,Kelani Ganga,Nagalagam Street,eb29dda1-816f-44bb-b4c0-757fc25c720f,7,5,1524698,,2
2026-10-05T18:33:18.653000+00:00,,2026-10-05T18:33:18.653000+00:00,,3,Mahaweli Ganga,Manampitiya,ac1a1677-6b89-4d41-9f69-124084fda674,6,4.3,1524697,0,-0.12
2026-10-05T18:33:04.399000+00:00,,2026-10-05T18:33:04.399000+00:00,,15,Kelani Ganga,Glencourse,47cee96e-9c63-45f3-964f-3b8c874722e2,19,15.5,1524696,0,13.13
2026-10-05T18:32:52.019000+00:00,,2026-10-05T18:32:52.019000+00:00,,4.4,Kirindi Oya,Wellawaya,aae6ccb5-bd9b-47aa-85b9-1228f44530dd,5.9,5.4,1524695,0,0.98
2026-10-05T18:32:41.411000+00:00,,2026-10-05T18:32:41.411000+00:00,,5.5,Maha Oya,Giriulla,ce7d582b-9833-49f8-9a32-e4d06b1d7067,7.5,6.5,1524694,0,2.1
2026-10-05T18:32:23.680000+00:00,,2026-10-05T18:32:23.680000+00:00,,4,Ma Oya,Yaka Wewa,e30edbf1-cb9a-40e5-8c8f-482ac8d7b9da,6,5,1524693,0,0.4
2026-10-05T18:32:04.487000+00:00,,2026-10-05T18:32:04.487000+00:00,,4.5,Heda Oya,Siyambalanduwa,1e6a9585-a775-405c-bbe6-09b78d2e6775,7,6,1524692,0,0.31
2026-10-05T18:31:49.212000+00:00,,2026-10-05T18:31:49.212000+00:00,,5,Kumbukkan Oya,Nakkala,da397519-26a0-4ebf-9992-47cefe9d126a,7.5,6,1524691,0,0.64
2026-10-05T18:31:24.390000+00:00,,2026-10-05T18:31:24.390000+00:00,,,Gal Oya,Ampara,8939fa4b-7bb3-4f88-bb38-48fac57775e8,,,1524690,0,0
2026-10-05T18:30:55.821000+00:00,,2026-10-05T18:30:55.821000+00:00,,4.75,Deduru Oya,Moragaswewa,75213a7d-984f-404b-b77a-b68a1558cc30,7,6,1524689,0,-0.05
2026-10-05T18:30:26.025000+00:00,,2026-10-05T18:30:26.025000+00:00,,3,Walawe Ganga,Moraketiya,27a6a9b2-a090-432d-a3b8-98fc5ff2a5c4,7,5,1524688,0,0.97
2026-10-05T17:45:16.933000+00:00,,2026-10-05T17:45:16.933000+00:00,,4,Kalu Ganga,Magura,e039570d-dcdd-4738-948a-838d4d1a69b9,7.5,6,1524687,0,2.59
2026-10-05T17:42:09.742000+00:00,,2026-10-05T17:42:09.742000+00:00,,3,Mahaweli Ganga,Thaldena,d80c3b81-43b2-4dc6-ace1-95412fb6e809,5,4,1524686,0,0.3
2026-10-05T17:42:03.047000+00:00,,2026-10-05T17:42:03.047000+00:00,,3,Kelani Ganga,Holombuwa,18de9467-d4fd-4806-bab3-9b603fad4e74,6,4,1524685,0,1.61
2026-10-05T17:41:00.999000+00:00,,2026-10-05T17:41:00.999000+00:00,,3,Kalu Ganga,Putupaula,e758b40c-273e-46b4-aa41-4181e3dcb647,5,4,1524684,0,0.88
2026-10-05T17:40:38.825000+00:00,,2026-10-05T17:40:38.825000+00:00,,4,Nilwala Ganga,Pitabeddara,26f35fea-c363-4b99-a123-9c85c2a2bc1d,6.5,5,1524683,0,1.3
2026-10-05T17:38:48.335000+00:00,,2026-10-05T17:38:48.335000+00:00,,1.4,Nilwala Ganga,Thalgahagoda,e06c9397-78b6-401d-8204-8545ef0c5cff,2.8,1.7,1524682,0,0.59
2026-10-05T17:37:43.371000+00:00,,2026-10-05T17:37:43.371000+00:00,,3,Walawe Ganga,Moraketiya,3dd729ce-08e6-4866-9a8f-e5c08dbbd949,7,5,1524681,0,0.96
2026-10-05T17:37:09.130000+00:00,,2026-10-05T17:37:09.130000+00:00,,3,Kelani Ganga,Kithulgala,8f038f7a-6d16-439c-8a3d-1cbb74a2f579,6,4,1524680,0,2.05
2026-10-05T17:36:36.045000+00:00,,2026-10-05T17:36:36.045000+00:00,,5,Maha Oya,Badalgama,a1bd60dc-3481-4650-9b04-907b0274ac68,9.6,6.2,1524679,0,2.72
2026-10-05T17:36:30.815000+00:00,,2026-10-05T17:36:30.815000+00:00,,6.9,Kirindi Oya,Kuda Oya,9d3c15b3-2792-433c-9b12-d278204d28a7,8.8,8.4,1524678,0,1.08
2026-10-05T17:35:31.386000+00:00,,2026-10-05T17:35:31.386000+00:00,,4,Gin Ganga,Thawalama,e02a3e20-4716-42fb-8d81-015efdc4e0b2,7.5,6,1524677,0,3.45
2026-10-05T17:34:59.506000+00:00,,2026-10-05T17:34:59.506000+00:00,,2.5,Nilwala Ganga,Urawa,95060e08-d8c0-4a3f-adfb-992e664fb1ff,6,4,1524676,0,0.62
2026-10-05T17:34:54.839000+00:00,,2026-10-05T17:34:54.839000+00:00,,4,Menik Ganga,Katharagama,b31a837f-fff8-4956-9439-7f7a14c93691,6.5,4.6,1524675,0,-0.27
2026-10-05T17:34:39.335000+00:00,,2026-10-05T17:34:39.335000+00:00,,15,Kelani Ganga,Glencourse,4baa4e20-621e-4a7b-9ef1-4ed49265801b,19,15.5,1524674,0,13.09
2026-10-05T17:34:32.129000+00:00,,2026-10-05T17:34:32.129000+00:00,,5.2,Kalu Ganga,Rathnapura,5e17f825-ef39-4f3a-8f6e-d01f108f130b,9.5,7.5,1524673,0,1.87
2026-10-05T17:34:22.106000+00:00,,2026-10-05T17:34:22.106000+00:00,,3.5,Gin Ganga,Baddegama,ad3885d5-4360-4b55-bb2f-05642c73086f,5,4,1524672,0,1.4
2026-10-05T17:34:19.339000+00:00,,2026-10-05T17:34:19.339000+00:00,,4,Kirindi Oya,Thanamalwila,9dd5f692-044b-481d-b820-27331ca34238,5.5,5,1524671,0,0.57
2026-10-05T17:34:05.113000+00:00,,2026-10-05T17:34:05.113000+00:00,,5,Nilwala Ganga,Panadugama,32cc98b6-400f-4cc9-8f68-372e81e1f2e6,7.5,6,1524670,0,3.55
2026-10-05T17:34:02.926000+00:00,,2026-10-05T17:34:02.926000+00:00,,3.3,Aththanagalu Oya,Dunamale,febf72cd-d360-45be-808b-9bba791e00a1,5.5,4.4,1524669,0,2.3
2026-10-05T17:33:34.526000+00:00,,2026-10-05T17:33:34.526000+00:00,,6,Yan Oya,Horowpothana,c871e48d-0f13-4381-b475-44648dfdc9b3,10.5,7.5,1524668,0,1.68
2026-10-05T17:33:32.076000+00:00,,2026-10-05T17:33:32.076000+00:00,,4.8,Kelani Ganga,Deraniyagala,96e590e7-ed17-473c-9a21-83e110e1ba80,7,5.8,1524667,0,1.52
2026-10-05T17:33:26.712000+00:00,,2026-10-05T17:33:26.712000+00:00,,3,Mahaweli Ganga,Manampitiya,d214554a-548a-47c2-b001-837142edbffa,6,4.3,1524666,0,-0.15
2026-10-05T17:32:52.721000+00:00,,2026-10-05T17:32:52.721000+00:00,,4.4,Kirindi Oya,Wellawaya,5f28860e-7012-44ac-bc22-5d96ddf2d7c7,5.9,5.4,1524665,0,0.98
2026-10-05T17:32:42.901000+00:00,,2026-10-05T17:32:42.901000+00:00,,1.5,Kelani Ganga,Norwood,c9ad1017-9f0b-491c-b5d2-24bed70128bf,4.5,3,1524664,0,1.07
2026-10-05T17:32:25.408000+00:00,,2026-10-05T17:32:25.408000+00:00,,10,Kalu Ganga,Ellagawa,479c5c78-99f4-466e-ab0e-4965baeba794,12.2,10.7,1524663,0,5.49
2026-10-05T17:32:18.618000+00:00,,2026-10-05T17:32:18.618000+00:00,,6.5,Kelani Ganga,Hanwella,e35d9d1e-de6f-479b-a26e-f6f620bb72cd,9.5,7.5,1524662,0,3.79
2026-10-05T17:32:08.467000+00:00,,2026-10-05T17:32:08.467000+00:00,,4.75,Deduru Oya,Moragaswewa,3ecf175a-b4da-481d-8020-bc527372ac95,7,6,1524661,0,-0.05
2026-10-05T17:32:03.459000+00:00,,2026-10-05T17:32:03.459000+00:00,,5.5,Maha Oya,Giriulla,3533a0da-d1f4-495f-83c4-858b8cc68825,7.5,6.5,1524660,0,1.93
2026-10-05T17:31:49.267000+00:00,,2026-10-05T17:31:49.267000+00:00,,,Gal Oya,Ampara,861e965f-b5fc-4d46-8b7c-ed1f2e2bfaa9,,,1524659,0,0
2026-10-05T17:31:32.860000+00:00,,2026-10-05T17:31:32.860000+00:00,,5,Mahaweli Ganga,Peradeniya,f4c0ab94-ddb6-4dbf-befa-0ebc26049a2e,9,7,1524658,0,3.82
2026-10-05T17:31:27.108000+00:00,,2026-10-05T17:31:27.108000+00:00,,4,Ma Oya,Yaka Wewa,8fe248c0-f1eb-4344-988c-0594126ee4bb,6,5,1524657,0,0.4
2026-10-05T17:31:03.115000+00:00,,2026-10-05T17:31:03.115000+00:00,,4.5,Heda Oya,Siyambalanduwa,4697657c-39f5-4433-a0bd-df01d905823d,7,6,1524656,0,0.31
2026-10-05T17:30:59.163000+00:00,,2026-10-05T17:30:59.163000+00:00,,4,Maduru Oya,Padiyathalawa,f93c808a-720e-4b56-9f93-4eb65c8aebc8,6,4.5,1524655,0,0.06
2026-10-05T17:30:45.258000+00:00,,2026-10-05T17:30:45.258000+00:00,,5,Kumbukkan Oya,Nakkala,8148b982-90a0-44aa-861e-1667e3d962fc,7.5,6,1524654,0,0.64
2026-10-05T17:30:15.705000+00:00,,2026-10-05T17:30:15.705000+00:00,,3,Walawe Ganga,Moraketiya,dbedf694-0466-465e-9f05-beabb89c6702,7,5,1524653,0,0.96
2026-10-05T17:13:59.774000+00:00,,2026-10-05T17:13:59.774000+00:00,,1.4,Nilwala Ganga,Thalgahagoda,00ab1f6c-641d-4395-b21e-91213c02ec4f,2.8,1.7,1524652,0,0.54
2026-10-05T16:42:47.295000+00:00,,2026-10-05T16:42:47.295000+00:00,,4,Nilwala Ganga,Pitabeddara,05197d11-34c8-4596-9e0e-eecaa9f0c709,6.5,5,1524651,0,1.28
2026-10-05T16:41:36.170000+00:00,,2026-10-05T16:41:36.170000+00:00,,4,Kalu Ganga,Magura,1336837c-a7a7-4abe-9224-2c965134bb64,7.5,6,1524650,0,2.12
2026-10-05T16:40:43.382000+00:00,,2026-10-05T16:40:43.382000+00:00,,5.5,Maha Oya,Giriulla,a091853d-4a89-4324-9969-03b75cff91ee,7.5,6.5,1524649,0,1.73
2026-10-05T16:40:01.551000+00:00,,2026-10-05T16:40:01.551000+00:00,,5.2,Kalu Ganga,Rathnapura,3b05d792-2e3e-45c6-866d-b5bf6d53cf3e,9.5,7.5,1524648,0,1.91
2026-10-05T16:37:41.076000+00:00,,2026-10-05T16:37:41.076000+00:00,,5,Nilwala Ganga,Panadugama,1c581375-a513-404e-bcaa-6d2f4fd3382d,7.5,6,1524647,0,3.53
2026-10-05T16:37:35.279000+00:00,,2026-10-05T16:37:35.279000+00:00,,3,Kalu Ganga,Putupaula,89dccef9-ec6e-4fba-90ec-235bf40640a5,5,4,1524646,0,0.85
2026-10-05T16:37:13.124000+00:00,,2026-10-05T16:37:13.124000+00:00,,3.5,Gin Ganga,Baddegama,f9f18e78-eb5e-4ab5-a321-660dd78da55a,5,4,1524645,0,1.42
2026-10-05T16:36:51.529000+00:00,,2026-10-05T16:36:51.529000+00:00,,3,Kelani Ganga,Holombuwa,d7ad066f-0b7c-46b2-83ea-ba61d97b2158,6,4,1524644,0,1.9
2026-10-05T16:36:34.236000+00:00,,2026-10-05T16:36:34.236000+00:00,,5,Mahaweli Ganga,Peradeniya,4a2a2fba-c30c-43f0-8702-0436ddc563b0,9,7,1524643,0.3,3.78
2026-10-05T16:36:18.564000+00:00,,2026-10-05T16:36:18.564000+00:00,,3,Kelani Ganga,Kithulgala,85c23ffb-79a2-4c3f-a240-bab7bb5e8c36,6,4,1524642,0,2.07
2026-10-05T16:36:13.358000+00:00,,2026-10-05T16:36:13.358000+00:00,,3,Mahaweli Ganga,Thaldena,6541925f-8979-4041-8a9c-07fe0c2da3cb,5,4,1524641,0,0.32
2026-10-05T16:36:00.367000+00:00,,2026-10-05T16:36:00.367000+00:00,,5,Maha Oya,Badalgama,7f2d81d1-4676-40f1-838b-f07dec6390a4,9.6,6.2,1524640,0,2.72
2026-10-05T16:35:48.212000+00:00,,2026-10-05T16:35:48.212000+00:00,,4,Maduru Oya,Padiyathalawa,f7350f59-a6d1-482f-9342-64e1cf9ae522,6,4.5,1524639,0,0.11
2026-10-05T16:35:30.521000+00:00,,2026-10-05T16:35:30.521000+00:00,,6.9,Kirindi Oya,Kuda Oya,3d856487-d294-46a9-bf3e-b7ac338a4c55,8.8,8.4,1524638,0,1.09
2026-10-05T16:35:22.006000+00:00,,2026-10-05T16:35:22.006000+00:00,,3.3,Aththanagalu Oya,Dunamale,e5d62acb-1df8-4f4b-9e41-d58e44b114eb,5.5,4.4,1524637,0,2.14
2026-10-05T16:34:47.753000+00:00,,2026-10-05T16:34:47.753000+00:00,,4,Kelani Ganga,Nagalagam Street,82296bf4-dd5f-4adc-a19c-c72fd27ca688,7,5,1524636,,1.8
2026-10-05T16:34:47.375000+00:00,,2026-10-05T16:34:47.375000+00:00,,5,Kalu Ganga,Kalawellawa (Millakanda),15f18019-6afd-42d1-86d9-440c1ca6d7d3,8,6.5,1524635,0,2.5
2026-10-05T16:34:03.170000+00:00,,2026-10-05T16:34:03.170000+00:00,,4.8,Kelani Ganga,Deraniyagala,5d47aded-c1a9-4a22-9fd2-bec549f84911,7,5.8,1524634,0,1.75
2026-10-05T16:33:54.573000+00:00,,2026-10-05T16:33:54.573000+00:00,,3,Mahaweli Ganga,Manampitiya,bdcd90e3-115b-4261-bb24-cc05dd0470cc,6,4.3,1524633,0,-0.16
2026-10-05T16:33:42.376000+00:00,,2026-10-05T16:33:42.376000+00:00,,4.4,Kirindi Oya,Wellawaya,b437ae57-3128-49bf-b7bf-367833366485,5.9,5.4,1524632,0,0.96
2026-10-05T16:33:23.046000+00:00,,2026-10-05T16:33:23.046000+00:00,,4.75,Deduru Oya,Moragaswewa,20c62fa7-daaf-41fd-9528-7d62770b7c21,7,6,1524631,0,-0.05
2026-10-05T16:33:11.681000+00:00,,2026-10-05T16:33:11.681000+00:00,,15,Kelani Ganga,Glencourse,9cb7c593-c7b3-4faa-ab16-e0081994d35d,19,15.5,1524630,0,12.91
2026-10-05T16:33:00.026000+00:00,,2026-10-05T16:33:00.026000+00:00,,4,Gin Ganga,Thawalama,4361871f-8675-4198-a55d-df1ba75eb291,7.5,6,1524629,0,3.2
2026-10-05T16:32:47.372000+00:00,,2026-10-05T16:32:47.372000+00:00,,2.5,Nilwala Ganga,Urawa,15c5acfc-fc84-4302-9763-de4eaf72923e,6,4,1524628,0,0.63
2026-10-05T16:32:46.590000+00:00,,2026-10-05T16:32:46.590000+00:00,,4,Kirindi Oya,Thanamalwila,0ced2d12-bbd7-40e8-98a7-a49ec422d978,5.5,5,1524627,0,0.59
2026-10-05T16:32:31.403000+00:00,,2026-10-05T16:32:31.403000+00:00,,1.5,Kelani Ganga,Norwood,f9fede90-bd8c-4d90-9b8a-eb6bf7fbe880,4.5,3,1524626,0,1.08
2026-10-05T16:32:28.804000+00:00,,2026-10-05T16:32:28.804000+00:00,,4,Menik Ganga,Katharagama,5734525b-7b69-4141-8239-04ac3d4f057b,6.5,4.6,1524625,0,-0.27
2026-10-05T16:32:11.953000+00:00,,2026-10-05T16:32:11.953000+00:00,,6.5,Kelani Ganga,Hanwella,1f8fda24-80c9-4048-ba2e-aae336cbe7fd,9.5,7.5,1524624,0,3.44
2026-10-05T16:32:10.422000+00:00,,2026-10-05T16:32:10.422000+00:00,,10,Kalu Ganga,Ellagawa,9849ae53-5e35-4fdf-bcfd-56bbfe469de4,12.2,10.7,1524623,0,5.5
2026-10-05T16:31:23.432000+00:00,,2026-10-05T16:31:23.432000+00:00,,4,Ma Oya,Yaka Wewa,1636bade-5d73-4a0a-afa8-ffce8775bf24,6,5,1524622,0,0.4
2026-10-05T16:31:22.492000+00:00,,2026-10-05T16:31:22.492000+00:00,,,Gal Oya,Ampara,2a755436-bd0a-4483-ab92-61bd276d314d,,,1524621,0,0
2026-10-05T16:31:01.686000+00:00,,2026-10-05T16:31:01.686000+00:00,,4.5,Heda Oya,Siyambalanduwa,4048906f-54ed-4ec0-9740-cec67039d61f,7,6,1524620,0,0.31
2026-10-05T16:30:54.558000+00:00,,2026-10-05T16:30:54.558000+00:00,,6,Yan Oya,Horowpothana,ece52d8a-8033-4e18-992c-48a350433af7,10.5,7.5,1524619,0,1.68
2026-10-05T16:30:37.125000+00:00,,2026-10-05T16:30:37.125000+00:00,,3,Walawe Ganga,Moraketiya,7d0f50f3-1c48-4042-a9ac-960274f39930,7,5,1524618,0,0.97
2026-10-05T16:30:23.145000+00:00,,2026-10-05T16:30:23.145000+00:00,,1.4,Nilwala Ganga,Thalgahagoda,5c24bb4b-53f1-4f1e-b5fc-87c03990027d,2.8,1.7,1524617,0,0.54
2026-10-05T15:49:08.994000+00:00,,2026-10-05T15:49:08.994000+00:00,,5,Nilwala Ganga,Panadugama,b90050bd-adc5-4e20-8a15-482433dc8907,7.5,6,1524616,0,3.5
2026-10-05T15:46:06.144000+00:00,,2026-10-05T15:46:06.144000+00:00,,5,Kumbukkan Oya,Nakkala,4df09c2b-394f-4b8f-8530-5ee1b6e4043c,7.5,6,1524615,0,0.66
2026-10-05T15:45:06.011000+00:00,,2026-10-05T15:45:06.011000+00:00,,5.5,Maha Oya,Giriulla,31b65fd3-0199-4018-81cb-70673f3b9c39,7.5,6.5,1524614,1.7,1.58
2026-10-05T15:39:24.058000+00:00,,2026-10-05T15:39:24.058000+00:00,,4,Maduru Oya,Padiyathalawa,a90fdee3-25a8-47d1-8aae-14db6538f670,6,4.5,1524613,0,0.11
2026-10-05T15:38:40.449000+00:00,,2026-10-05T15:38:40.449000+00:00,,3,Kelani Ganga,Holombuwa,47485a23-9353-4342-8211-b906682e34bb,6,4,1524612,0,2.22
2026-10-05T15:38:11.105000+00:00,,2026-10-05T15:38:11.105000+00:00,,,Gal Oya,Ampara,3636a3fc-a903-4f44-9fe2-c48abdf0ed83,,,1524611,0,0
2026-10-05T15:38:00.003000+00:00,,2026-10-05T15:38:00.003000+00:00,,3,Kalu Ganga,Putupaula,505dfe21-361b-4dfb-a1ca-81cc14c27e0e,5,4,1524610,0,0.81
2026-10-05T15:37:37.728000+00:00,,2026-10-05T15:37:37.728000+00:00,,4,Nilwala Ganga,Pitabeddara,8351a74d-b16e-4546-8970-d5d9a67bfeec,6.5,5,1524609,0,1.26
2026-10-05T15:37:16.753000+00:00,,2026-10-05T15:37:16.753000+00:00,,4,Kirindi Oya,Thanamalwila,aa050036-d154-4b0b-aee6-78b85852a7bf,5.5,5,1524608,0,0.59
2026-10-05T15:36:40.547000+00:00,,2026-10-05T15:36:40.547000+00:00,,5.2,Kalu Ganga,Rathnapura,2d610e8f-0c2b-4582-bf3a-f36a9de0de41,9.5,7.5,1524607,0,1.96
2026-10-05T15:36:20.147000+00:00,,2026-10-05T15:36:20.147000+00:00,,2.5,Nilwala Ganga,Urawa,9739cfe8-9c6d-4429-8a62-90e6588189a8,6,4,1524606,0,0.63
2026-10-05T15:36:17.843000+00:00,,2026-10-05T15:36:17.843000+00:00,,4,Menik Ganga,Katharagama,5db782f6-42d4-474b-b8b3-dc133a9cac4b,6.5,4.6,1524605,0,-0.27
2026-10-05T15:36:01.961000+00:00,,2026-10-05T15:36:01.961000+00:00,,4.8,Kelani Ganga,Deraniyagala,08163337-67e2-43c5-bb5c-3dcb4cd4e658,7,5.8,1524604,0,2.13
2026-10-05T15:35:31.552000+00:00,,2026-10-05T15:35:31.552000+00:00,,1.5,Kelani Ganga,Norwood,cbb6bb20-c2b4-4e1f-8b2d-e81fecfdab2a,4.5,3,1524603,0,1.1
2026-10-05T15:35:28.032000+00:00,,2026-10-05T15:35:28.032000+00:00,,5,Maha Oya,Badalgama,2b68d2f6-f4e0-4b66-83cc-099ea75b3df6,9.6,6.2,1524602,0,2.73
2026-10-05T15:34:59.877000+00:00,,2026-10-05T15:34:59.877000+00:00,,15,Kelani Ganga,Glencourse,f7233650-fb1d-4696-9cd0-73566d08540b,19,15.5,1524601,0,12.6
2026-10-05T15:34:33.267000+00:00,,2026-10-05T15:34:33.267000+00:00,,3,Kelani Ganga,Kithulgala,8e54039e-97e2-4679-9506-47eca2859318,6,4,1524600,0,2.1
2026-10-05T15:34:16.786000+00:00,,2026-10-05T15:34:16.786000+00:00,,10,Kalu Ganga,Ellagawa,21123608-93b2-427a-b8ff-20774ba2e25e,12.2,10.7,1524599,0,5.55
2026-10-05T15:34:02.038000+00:00,,2026-10-05T15:34:02.038000+00:00,,3.3,Aththanagalu Oya,Dunamale,097d3a91-2f82-4620-bd3f-42503f86fc0a,5.5,4.4,1524598,3.2,2
2026-10-05T15:33:22.095000+00:00,,2026-10-05T15:33:22.095000+00:00,,3,Mahaweli Ganga,Manampitiya,df89674e-6e01-44fc-8868-69b097a1a601,6,4.3,1524597,0,-0.17
2026-10-05T15:33:20.225000+00:00,,2026-10-05T15:33:20.225000+00:00,,3,Mahaweli Ganga,Thaldena,841d485b-5c60-4667-8882-29674eaad8fa,5,4,1524596,0,0.33
2026-10-05T15:33:00.343000+00:00,,2026-10-05T15:33:00.343000+00:00,,4,Gin Ganga,Thawalama,726c2a12-2e93-462d-947d-59c35264a848,7.5,6,1524595,0,2.86
2026-10-05T15:32:54.280000+00:00,,2026-10-05T15:32:54.280000+00:00,,3.5,Gin Ganga,Baddegama,b19c2efc-85ae-4d1e-8061-c56ccf3e3dce,5,4,1524594,0,1.45
2026-10-05T15:32:50.905000+00:00,,2026-10-05T15:32:50.905000+00:00,,3.5,Mahaweli Ganga,Nawalapitiya,623a8a13-1c2c-4d28-8972-b6697486be02,6,5,1524593,0,1.66
2026-10-05T15:32:34.683000+00:00,,2026-10-05T15:32:34.683000+00:00,,5,Mahaweli Ganga,Peradeniya,f5e52b1f-d0bc-46eb-8ce0-46576129ddb3,9,7,1524592,2,3.75
2026-10-05T15:32:26.368000+00:00,,2026-10-05T15:32:26.368000+00:00,,4.4,Kirindi Oya,Wellawaya,795fa04d-477a-4558-8177-cf2cfa29b4ee,5.9,5.4,1524591,0,0.94
2026-10-05T15:32:09.988000+00:00,,2026-10-05T15:32:09.988000+00:00,,6.5,Kelani Ganga,Hanwella,2e1a37c1-9512-4f24-84e0-41ffbfac86cc,9.5,7.5,1524590,0,3.14
2026-10-05T15:32:08.760000+00:00,,2026-10-05T15:32:08.760000+00:00,,5,Kalu Ganga,Kalawellawa (Millakanda),37e9c021-82bf-4e85-8496-0b514179ff7b,8,6.5,1524589,0,2.55
2026-10-05T15:31:44.808000+00:00,,2026-10-05T15:31:44.808000+00:00,,5.5,Maha Oya,Giriulla,cc651735-3e4c-449b-b102-4d98bea569c1,7.5,6.5,1524588,0,1.58
2026-10-05T15:31:42.863000+00:00,,2026-10-05T15:31:42.863000+00:00,,4,Kelani Ganga,Nagalagam Street,3ca8bafa-48cd-41a0-bb95-eac544280372,7,5,1524587,,1.7
2026-10-05T15:31:39.966000+00:00,,2026-10-05T15:31:39.966000+00:00,,4,Ma Oya,Yaka Wewa,41b7e990-c846-4d53-91c5-07630ebd8f23,6,5,1524586,0,0.4
2026-10-05T15:31:34.582000+00:00,,2026-10-05T15:31:34.582000+00:00,,4,Kalu Ganga,Magura,2b15b1d5-6488-4591-91b9-d4d4a56658c8,7.5,6,1524585,0,1.9
2026-10-05T15:31:31.009000+00:00,,2026-10-05T15:31:31.009000+00:00,,6,Yan Oya,Horowpothana,7cd4ddb7-9485-44ec-b271-0b0f094d2a23,10.5,7.5,1524584,0,1.68
2026-10-05T15:31:25.675000+00:00,,2026-10-05T15:31:25.675000+00:00,,1.4,Nilwala Ganga,Thalgahagoda,8a6082fa-5cd0-4a62-a1d2-533d4bda990b,2.8,1.7,1524583,0,0.54
2026-10-05T15:30:43.509000+00:00,,2026-10-05T15:30:43.509000+00:00,,3,Walawe Ganga,Moraketiya,3efd8dfc-49fc-4285-a13a-ac388e257a4a,7,5,1524582,0,0.9
2026-10-05T15:30:10.719000+00:00,,2026-10-05T15:30:10.719000+00:00,,4.5,Heda Oya,Siyambalanduwa,5c9a2d03-ba4c-4223-9176-924c3cd5aad4,7,6,1524581,0,0.31
2026-10-05T14:57:17.623000+00:00,,2026-10-05T14:57:17.623000+00:00,,4.75,Deduru Oya,Moragaswewa,8edd3d8d-c9fc-4970-b089-ad37273ad88f,7,6,1524580,0,0.06
2026-10-05T14:43:25.157000+00:00,,2026-10-05T14:43:25.157000+00:00,,5,Kalu Ganga,Kalawellawa (Millakanda),eeff089a-7106-450f-8073-f234f4e40387,8,6.5,1524579,0,2.57
2026-10-05T14:41:49.892000+00:00,,2026-10-05T14:41:49.892000+00:00,,4,Maduru Oya,Padiyathalawa,cd6a89a7-26d7-4fef-9c0c-77ba3599e840,6,4.5,1524578,0,0.1
2026-10-05T14:40:33.029000+00:00,,2026-10-05T14:40:33.029000+00:00,,6.9,Kirindi Oya,Kuda Oya,a1366a75-6459-4599-ab26-78169c95dde4,8.8,8.4,1524577,0,1.09
2026-10-05T14:40:05.307000+00:00,,2026-10-05T14:40:05.307000+00:00,,2.5,Nilwala Ganga,Urawa,38bcefc6-1477-41d5-8f7b-634cf60ab3f7,6,4,1524576,0,0.6
2026-10-05T14:39:31.271000+00:00,,2026-10-05T14:39:31.271000+00:00,,5,Nilwala Ganga,Panadugama,cf030000-c2e4-41b1-a0ca-ffab4c384e04,7.5,6,1524575,0,3.48
2026-10-05T14:38:48.690000+00:00,,2026-10-05T14:38:48.690000+00:00,,4,Nilwala Ganga,Pitabeddara,fc394d89-fd26-4a79-a3f2-7954cdfece62,6.5,5,1524574,0,1.2
2026-10-05T14:38:37.911000+00:00,,2026-10-05T14:38:37.911000+00:00,,3,Mahaweli Ganga,Thaldena,0dba1522-9242-4029-94c5-c04d5716a560,5,4,1524573,0,0.32
2026-10-05T14:38:19.318000+00:00,,2026-10-05T14:38:19.318000+00:00,,3.5,Gin Ganga,Baddegama,66b7e1e5-27b6-4ede-9e73-05ec83da1445,5,4,1524572,0,1.47
2026-10-05T14:37:51.603000+00:00,,2026-10-05T14:37:51.603000+00:00,,3,Kelani Ganga,Kithulgala,9f7fc7ac-ec5c-4dc5-a16f-f9b3bc8c0907,6,4,1524571,1,2.15
2026-10-05T14:37:39.751000+00:00,,2026-10-05T14:37:39.751000+00:00,,1.4,Nilwala Ganga,Thalgahagoda,bc3d34b3-b399-4123-8412-7074e6a2d779,2.8,1.7,1524570,0,0.54
2026-10-05T14:37:39.519000+00:00,,2026-10-05T14:37:39.519000+00:00,,3,Kelani Ganga,Holombuwa,b809e0a5-4c96-4f67-a383-5c81e1a44539,6,4,1524569,0.6,2.28
2026-10-05T14:37:25.100000+00:00,,2026-10-05T14:37:25.100000+00:00,,15,Kelani Ganga,Glencourse,a1c3a8f4-2f26-4a51-b953-a9b65279f4ff,19,15.5,1524568,1.5,12.04
2026-10-05T14:37:03.692000+00:00,,2026-10-05T14:37:03.692000+00:00,,4.75,Deduru Oya,Moragaswewa,7da4bfbf-f518-45b7-aade-d75e0e7e3e72,7,6,1524567,0,-0.06
2026-10-05T14:36:14.823000+00:00,,2026-10-05T14:36:14.823000+00:00,,5,Maha Oya,Badalgama,531438bf-9f56-4948-97cd-12f4b8852972,9.6,6.2,1524566,0,2.75
2026-10-05T14:35:56.920000+00:00,,2026-10-05T14:35:56.920000+00:00,,5.2,Kalu Ganga,Rathnapura,f2b590bd-cdbe-498f-a966-74730bf02a7c,9.5,7.5,1524565,0,1.97
2026-10-05T14:35:50.443000+00:00,,2026-10-05T14:35:50.443000+00:00,,5,Mahaweli Ganga,Peradeniya,8160c2a7-5884-4b7b-8fea-bbc3265dad9d,9,7,1524564,0,3.65
2026-10-05T14:35:38.656000+00:00,,2026-10-05T14:35:38.656000+00:00,,1.5,Kelani Ganga,Norwood,39808e0c-eaa1-4e66-840f-a013d0cd6b41,4.5,3,1524563,0,1.13
2026-10-05T14:34:54.969000+00:00,,2026-10-05T14:34:54.969000+00:00,,4,Menik Ganga,Katharagama,58f568f7-ed10-49fa-95ea-b58aa37cc1c4,6.5,4.6,1524562,0,-0.27
2026-10-05T14:34:50.170000+00:00,,2026-10-05T14:34:50.170000+00:00,,4,Kalu Ganga,Magura,0a08c825-c2da-48ab-9893-43e15db2aaa2,7.5,6,1524561,0,1.79
2026-10-05T14:34:40.027000+00:00,,2026-10-05T14:34:40.027000+00:00,,3,Mahaweli Ganga,Manampitiya,cd7075fa-f681-4b0d-ba6c-b0fd0414d5a8,6,4.3,1524560,0,-0.17
2026-10-05T14:34:17.652000+00:00,,2026-10-05T14:34:17.652000+00:00,,4,Gin Ganga,Thawalama,ddab6069-4d09-4959-9dbd-e53ba034bfc4,7.5,6,1524559,0,2.55
2026-10-05T14:33:54.100000+00:00,,2026-10-05T14:33:54.100000+00:00,,4.8,Kelani Ganga,Deraniyagala,dcbc7b6c-95cd-470c-a9b6-cb3a3fb16b2a,7,5.8,1524558,0,2.5
2026-10-05T14:33:44.832000+00:00,,2026-10-05T14:33:44.832000+00:00,,6,Yan Oya,Horowpothana,b0a444c0-b1c5-499d-805d-47e88bb09a09,10.5,7.5,1524557,0,1.68
2026-10-05T14:33:12.098000+00:00,,2026-10-05T14:33:12.098000+00:00,,6.5,Kelani Ganga,Hanwella,12ba84f2-2a38-4f2a-b004-152a1ad8a7cc,9.5,7.5,1524556,2,2.93
2026-10-05T14:33:03.538000+00:00,,2026-10-05T14:33:03.538000+00:00,,4.4,Kirindi Oya,Wellawaya,90879eb2-dc18-4306-b00c-8652bda991c2,5.9,5.4,1524555,0,0.94
2026-10-05T14:32:55.628000+00:00,,2026-10-05T14:32:55.628000+00:00,,4,Kelani Ganga,Nagalagam Street,9dcefd83-2953-4069-8951-d13f725f313a,7,5,1524554,,1.6
2026-10-05T14:32:51.256000+00:00,,2026-10-05T14:32:51.256000+00:00,,4,Kirindi Oya,Thanamalwila,5e73f2ab-bc98-4fd1-9d81-94ca70ccc75a,5.5,5,1524553,0,0.58
2026-10-05T14:32:20.633000+00:00,,2026-10-05T14:32:20.633000+00:00,,3,Kalu Ganga,Putupaula,81060221-f77a-4c05-a4c9-f9543126333e,5,4,1524552,0,0.78
2026-10-05T14:32:19.312000+00:00,,2026-10-05T14:32:19.312000+00:00,,3.3,Aththanagalu Oya,Dunamale,908e251c-57e0-45ad-ac89-04d92e916826,5.5,4.4,1524551,0,1.94
2026-10-05T14:32:10.024000+00:00,,2026-10-05T14:32:10.024000+00:00,,5.5,Maha Oya,Giriulla,c9679b95-a988-43ff-9bef-a46d9ac1f01d,7.5,6.5,1524550,0.3,1.53
2026-10-05T14:32:00.815000+00:00,,2026-10-05T14:32:00.815000+00:00,,10,Kalu Ganga,Ellagawa,868be87a-ec30-4c6a-9b4b-f00ab49a3d0f,12.2,10.7,1524549,1,5.58
2026-10-05T14:31:42.118000+00:00,,2026-10-05T14:31:42.118000+00:00,,4,Ma Oya,Yaka Wewa,7c869036-c400-4a2f-87e7-6426422c3703,6,5,1524548,0,0.4
2026-10-05T14:31:30.972000+00:00,,2026-10-05T14:31:30.972000+00:00,,4.5,Heda Oya,Siyambalanduwa,75a606e6-68e6-4974-a1db-f67d07e6d642,7,6,1524547,0,0.31
2026-10-05T14:30:59.125000+00:00,,2026-10-05T14:30:59.125000+00:00,,3,Walawe Ganga,Moraketiya,10d70db9-a4b6-4bc4-b862-df8329a9252c,7,5,1524546,0,0.85
2026-10-05T14:30:54.531000+00:00,,2026-10-05T14:30:54.531000+00:00,,3.5,Mahaweli Ganga,Nawalapitiya,1d6959eb-6777-45f9-975a-9ae933af3f9e,6,5,1524545,0,1.73
2026-10-05T14:30:51.978000+00:00,,2026-10-05T14:30:51.978000+00:00,,,Gal Oya,Ampara,98b6029b-17f5-45eb-83e9-c6be4aba80db,,,1524544,0,0
2026-10-05T14:30:51.024000+00:00,,2026-10-05T14:30:51.024000+00:00,,5,Kumbukkan Oya,Nakkala,4565ddc8-4da8-4f3c-afce-7ec54b0e40a6,7.5,6,1524543,0,0.66
2026-10-05T13:50:59.669000+00:00,,2026-10-05T13:50:59.669000+00:00,,6,Yan Oya,Horowpothana,03312910-4afa-49d9-85f0-611f9813ab04,10.5,7.5,1524542,0,1.68
2026-10-05T13:50:57.786000+00:00,,2026-10-05T13:50:57.786000+00:00,,5,Kalu Ganga,Kalawellawa (Millakanda),b970a765-2c4b-4b45-842d-cf38990aff8a,8,6.5,1524541,0,2.61
2026-10-05T13:48:10.950000+00:00,,2026-10-05T13:48:10.950000+00:00,,3.5,Gin Ganga,Baddegama,c0e6bf55-e09b-4aea-a2b2-47388664e349,5,4,1524540,1.8,1.5
2026-10-05T13:45:37.374000+00:00,,2026-10-05T13:45:37.374000+00:00,,5,Nilwala Ganga,Panadugama,99294d16-7964-4bf7-9488-93a4eb54f243,7.5,6,1524539,0,3.46
2026-10-05T13:45:20.968000+00:00,,2026-10-05T13:45:20.968000+00:00,,2.5,Nilwala Ganga,Urawa,db0f9d0a-fe67-4875-8d45-c84c622a7999,6,4,1524538,0,0.57
2026-10-05T13:41:46.806000+00:00,,2026-10-05T13:41:46.806000+00:00,,4,Nilwala Ganga,Pitabeddara,6630bb04-872d-4e9b-af42-0bc22896408e,6.5,5,1524537,0,1.17
2026-10-05T13:41:45.801000+00:00,,2026-10-05T13:41:45.801000+00:00,,10,Kalu Ganga,Ellagawa,27d5d944-ecbe-434e-8ec4-b4e6bda8e895,12.2,10.7,1524536,1,5.62
2026-10-05T13:41:01.120000+00:00,,2026-10-05T13:41:01.120000+00:00,,4,Maduru Oya,Padiyathalawa,c15b2f73-3d7c-40fb-9c07-8b6db49d819b,6,4.5,1524535,6.1,0.1
2026-10-05T13:38:09.213000+00:00,,2026-10-05T13:38:09.213000+00:00,,5,Maha Oya,Badalgama,3970e177-35b4-4582-95d6-87d9690b4c44,9.6,6.2,1524534,4.3,2.81
2026-10-05T13:36:22.258000+00:00,,2026-10-05T13:36:22.258000+00:00,,3.3,Aththanagalu Oya,Dunamale,53851c21-aadf-493b-bb92-3a77a4e12703,5.5,4.4,1524533,1.4,1.88
2026-10-05T13:35:57.536000+00:00,,2026-10-05T13:35:57.536000+00:00,,4.5,Heda Oya,Siyambalanduwa,dfb45bcd-e921-4ad2-a10e-f239b0bfb19d,7,6,1524532,0,0.3
2026-10-05T13:35:51.987000+00:00,,2026-10-05T13:35:51.987000+00:00,,3,Kelani Ganga,Holombuwa,0dc19b0e-f88e-4d3a-bed2-1f3f36636773,6,4,1524531,0.6,1.87
2026-10-05T13:35:48.924000+00:00,,2026-10-05T13:35:48.924000+00:00,,4,Kelani Ganga,Nagalagam Street,4708f900-a8ee-4955-96d8-889b1c178a2f,7,5,1524530,,1.5
2026-10-05T13:35:27.792000+00:00,,2026-10-05T13:35:27.792000+00:00,,5.2,Kalu Ganga,Rathnapura,5cf1df7b-6225-404f-a9bd-0389c104dc95,9.5,7.5,1524529,0,1.92
2026-10-05T13:35:27.264000+00:00,,2026-10-05T13:35:27.264000+00:00,,5.5,Maha Oya,Giriulla,1304992e-1996-4113-86fa-a14853123f73,7.5,6.5,1524528,0.3,1.5
2026-10-05T13:35:23.691000+00:00,,2026-10-05T13:35:23.691000+00:00,,15,Kelani Ganga,Glencourse,2984bfb2-4e43-4595-93bb-6b27dc549165,19,15.5,1524527,1.5,11.45
2026-10-05T13:35:09.231000+00:00,,2026-10-05T13:35:09.231000+00:00,,5,Mahaweli Ganga,Peradeniya,badd1ed0-1e76-498f-9f74-900b32ae7b6e,9,7,1524526,0,3.5
2026-10-05T13:35:08.933000+00:00,,2026-10-05T13:35:08.933000+00:00,,3,Mahaweli Ganga,Thaldena,46e5747b-75b3-4b0a-b6d8-9f13cc35486a,5,4,1524525,0,0.28
2026-10-05T13:34:43.322000+00:00,,2026-10-05T13:34:43.322000+00:00,,4.4,Kirindi Oya,Wellawaya,f952a6a9-3933-4361-9c3e-0fdcb1ddccba,5.9,5.4,1524524,0,0.94
2026-10-05T13:34:00.956000+00:00,,2026-10-05T13:34:00.956000+00:00,,4.8,Kelani Ganga,Deraniyagala,f9b411aa-fc8b-449b-91b2-6000fdce1791,7,5.8,1524523,0,2.18
2026-10-05T13:33:32.256000+00:00,,2026-10-05T13:33:32.256000+00:00,,1.5,Kelani Ganga,Norwood,7236b14a-c53d-4191-9e55-f12b0b31dedc,4.5,3,1524522,0,1.18
2026-10-05T13:33:18.229000+00:00,,2026-10-05T13:33:18.229000+00:00,,3,Kelani Ganga,Kithulgala,a70cde5f-0eab-4d8d-a53f-8fe5285c7216,6,4,1524521,0,2.41
2026-10-05T13:33:11.472000+00:00,,2026-10-05T13:33:11.472000+00:00,,4,Kalu Ganga,Magura,9f5194c1-1709-48ad-957f-874a88fdfbf5,7.5,6,1524520,1.8,1.69
2026-10-05T13:33:08.156000+00:00,,2026-10-05T13:33:08.156000+00:00,,3,Kalu Ganga,Putupaula,9964c22f-34fd-406c-bb41-eb7173bb07cb,5,4,1524519,0,0.76
2026-10-05T13:33:00.090000+00:00,,2026-10-05T13:33:00.090000+00:00,,4.75,Deduru Oya,Moragaswewa,eaec771b-c2b7-440b-94ed-2ab8fac576ea,7,6,1524518,0,-0.07
2026-10-05T13:32:32.868000+00:00,,2026-10-05T13:32:32.868000+00:00,,3,Walawe Ganga,Moraketiya,1081ae31-8430-43c7-a113-c66a96ec96c7,7,5,1524517,0,0.85
2026-10-05T13:32:30.265000+00:00,,2026-10-05T13:32:30.265000+00:00,,4,Kirindi Oya,Thanamalwila,5b6b6d72-6bd5-4ee0-b5b9-d9c823b56664,5.5,5,1524516,0,0.53
2026-10-05T13:32:20.859000+00:00,,2026-10-05T13:32:20.859000+00:00,,4,Menik Ganga,Katharagama,5763a9cf-6693-4aba-a920-4e61e0cb2b46,6.5,4.6,1524515,0,-0.27
2026-10-05T13:32:20.465000+00:00,,2026-10-05T13:32:20.465000+00:00,,6.5,Kelani Ganga,Hanwella,0394c60a-158f-4762-bdca-dc4598f5f522,9.5,7.5,1524514,0,2.85
2026-10-05T13:32:12.993000+00:00,,2026-10-05T13:32:12.993000+00:00,,5,Kumbukkan Oya,Nakkala,91eae9e3-5f0a-48d4-b7d1-9fff79a688f7,7.5,6,1524513,0,0.68
2026-10-05T13:32:08.092000+00:00,,2026-10-05T13:32:08.092000+00:00,,4,Gin Ganga,Thawalama,497eafb2-213b-4f4c-9b59-efe0ca672475,7.5,6,1524512,4.5,1.96
2026-10-05T13:31:53.932000+00:00,,2026-10-05T13:31:53.932000+00:00,,3,Mahaweli Ganga,Manampitiya,4188d3b7-3924-4dda-8e79-f9ff8ca4df00,6,4.3,1524511,0,-0.17
2026-10-05T13:31:48.977000+00:00,,2026-10-05T13:31:48.977000+00:00,,1.4,Nilwala Ganga,Thalgahagoda,3bb8aa4b-d3ae-4b95-9935-a6b136006382,2.8,1.7,1524510,1.2,0.54
2026-10-05T13:31:40.039000+00:00,,2026-10-05T13:31:40.039000+00:00,,,Gal Oya,Ampara,ddfad43b-f7aa-4676-96df-58db1c315204,,,1524509,0,0
2026-10-05T13:31:24.968000+00:00,,2026-10-05T13:31:24.968000+00:00,,4,Ma Oya,Yaka Wewa,1403e8be-265b-4588-bdab-01add04ba518,6,5,1524508,0,0.4
2026-10-05T13:31:12.147000+00:00,,2026-10-05T13:31:12.147000+00:00,,6.9,Kirindi Oya,Kuda Oya,ad805cd4-78fb-455b-8b91-a66dc02f7381,8.8,8.4,1524507,0,1.09
2026-10-05T13:30:42.363000+00:00,,2026-10-05T13:30:42.363000+00:00,,3.5,Mahaweli Ganga,Nawalapitiya,1b722505-f7a6-4d2e-8461-a7500b0e73bf,6,5,1524506,0,1.87
2026-10-05T13:00:09.704000+00:00,,2026-10-05T13:00:09.704000+00:00,,5,Nilwala Ganga,Panadugama,7a887e4c-d90a-4eb4-9c72-d5a92714fa5a,7.5,6,1524505,0,3.43
2026-10-05T12:43:17.299000+00:00,,2026-10-05T12:43:17.299000+00:00,,3.3,Aththanagalu Oya,Dunamale,a8928eeb-541c-4d8a-9dc4-3152e15cfd51,5.5,4.4,1524504,41.1,1.9
2026-10-05T12:42:19.121000+00:00,,2026-10-05T12:42:19.121000+00:00,,5,Nilwala Ganga,Panadugama,a50f18fd-2ef8-4792-8532-30c6e0584146,7.5,6,1524503,0,3.43
2026-10-05T12:41:57.321000+00:00,,2026-10-05T12:41:57.321000+00:00,,4,Gin Ganga,Thawalama,eb6f9c8d-2b5c-4bc5-95fd-cff510227da3,7.5,6,1524502,1.1,1.76
2026-10-05T12:39:09.712000+00:00,,2026-10-05T12:39:09.712000+00:00,,4,Nilwala Ganga,Pitabeddara,bc7f050c-5c43-4d0f-b152-f6fa1280f706,6.5,5,1524501,0,1.13
2026-10-05T12:37:06.350000+00:00,,2026-10-05T12:37:06.350000+00:00,,6.9,Kirindi Oya,Kuda Oya,bb243d51-39ea-4480-aba3-10c2f85c53ac,8.8,8.4,1524500,0,1.09
2026-10-05T12:36:34.341000+00:00,,2026-10-05T12:36:34.341000+00:00,,5,Maha Oya,Badalgama,c0bd70d5-799b-4059-bb39-832872492893,9.6,6.2,1524499,0,2.85
2026-10-05T12:36:10.855000+00:00,,2026-10-05T12:36:10.855000+00:00,,3,Kelani Ganga,Holombuwa,b739a323-0059-4c22-9a44-5db3cd43ea3c,6,4,1524498,1.4,1
2026-10-05T12:36:06.135000+00:00,,2026-10-05T12:36:06.135000+00:00,,1.5,Kelani Ganga,Norwood,b2feaabf-82df-4d08-b774-8fc855872d34,4.5,3,1524497,0,1.2
2026-10-05T12:35:43.661000+00:00,,2026-10-05T12:35:43.661000+00:00,,6,Yan Oya,Horowpothana,d4e4188d-237a-4ec1-bd37-0a5171d1af1d,10.5,7.5,1524496,0,1.68
2026-10-05T12:35:28.042000+00:00,,2026-10-05T12:35:28.042000+00:00,,4.75,Deduru Oya,Moragaswewa,0934b692-988d-4a1e-85ce-0bcf185e1084,7,6,1524495,0,-0.07
2026-10-05T12:35:09.488000+00:00,,2026-10-05T12:35:09.488000+00:00,,4.8,Kelani Ganga,Deraniyagala,cffec6f2-a6eb-44bf-871c-811b951f3ecc,7,5.8,1524494,5,2.16
2026-10-05T12:35:03.554000+00:00,,2026-10-05T12:35:03.554000+00:00,,4,Kirindi Oya,Thanamalwila,b45da99e-d1e0-48f8-8a0c-832614f7f4af,5.5,5,1524493,0,0.49
2026-10-05T12:34:58.505000+00:00,,2026-10-05T12:34:58.505000+00:00,,4,Kalu Ganga,Magura,b3f292e0-a1ff-4226-9d4c-77ea95756fd8,7.5,6,1524492,0,1.66
2026-10-05T12:34:47.291000+00:00,,2026-10-05T12:34:47.291000+00:00,,10,Kalu Ganga,Ellagawa,42891d71-871b-4365-a3be-a77118a4f2a8,12.2,10.7,1524491,0,5.7
2026-10-05T12:34:25.453000+00:00,,2026-10-05T12:34:25.453000+00:00,,2.5,Nilwala Ganga,Urawa,ec842279-f29e-4d2d-aab6-53743ac67f13,6,4,1524490,0,0.54
2026-10-05T12:34:08.629000+00:00,,2026-10-05T12:34:08.629000+00:00,,4.75,Deduru Oya,Moragaswewa,9bc70106-463d-4c51-b44d-45febc4410e8,7,6,1524489,0,-0.07
2026-10-05T12:34:08.411000+00:00,,2026-10-05T12:34:08.411000+00:00,,4.84,Mee Oya,Galgamuwa,ddba44df-3147-4730-9bd3-b91faa1f2cb3,8,5.94,1524488,0,0.09
2026-10-05T12:33:54.258000+00:00,,2026-10-05T12:33:54.258000+00:00,,5.2,Kalu Ganga,Rathnapura,e6b72b04-25bc-4628-b12c-cd9469f5483d,9.5,7.5,1524487,0,1.75
2026-10-05T12:33:39.857000+00:00,,2026-10-05T12:33:39.857000+00:00,,5.5,Maha Oya,Giriulla,878b5644-af74-4d6b-8ab9-9c447c78161b,7.5,6.5,1524486,1.1,1.52
2026-10-05T12:33:21.589000+00:00,,2026-10-05T12:33:21.589000+00:00,,5,Malwathu Oya,Thanthirimale,bbe1a873-0b1a-4c9b-aacc-3e50c9f230b3,7.8,6.8,1524485,0,0.8
2026-10-05T12:33:20.081000+00:00,,2026-10-05T12:33:20.081000+00:00,,3.5,Gin Ganga,Baddegama,58a2e652-0a2c-4728-a040-dc8166f24c9e,5,4,1524484,0,1.53
2026-10-05T12:33:17.465000+00:00,,2026-10-05T12:33:17.465000+00:00,,15,Kelani Ganga,Glencourse,9636e5f8-f108-4fa1-b8dd-8bc7e40b881b,19,15.5,1524483,70.8,11.1
2026-10-05T12:33:15.820000+00:00,,2026-10-05T12:33:15.820000+00:00,,1.4,Nilwala Ganga,Thalgahagoda,a7928cc6-9869-4d3a-bd8a-accc17e29448,2.8,1.7,1524482,1.5,0.55
2026-10-05T12:33:11.675000+00:00,,2026-10-05T12:33:11.675000+00:00,,5,Kalu Ganga,Kalawellawa (Millakanda),7f40cb09-7413-4e1d-ad25-75f1d5b756d5,8,6.5,1524481,0,2.69
2026-10-05T12:33:04.057000+00:00,,2026-10-05T12:33:04.057000+00:00,,3,Kelani Ganga,Kithulgala,0a33bd2c-e650-4569-b558-263543cac0f1,6,4,1524480,0,2.29
2026-10-05T12:32:56.898000+00:00,,2026-10-05T12:32:56.898000+00:00,,3,Mahaweli Ganga,Manampitiya,755c27e5-c6be-4842-a771-4095d5f7b788,6,4.3,1524479,0,-0.16
2026-10-05T12:32:38.214000+00:00,,2026-10-05T12:32:38.214000+00:00,,4,Kelani Ganga,Nagalagam Street,df61a440-0810-46d0-98c4-76d75db720e7,7,5,1524478,,1.5
2026-10-05T12:32:33.579000+00:00,,2026-10-05T12:32:33.579000+00:00,,3.5,Mahaweli Ganga,Nawalapitiya,bccf6011-66fc-4440-a18e-94a18e2ee64b,6,5,1524477,0,2.15
2026-10-05T12:32:12.137000+00:00,,2026-10-05T12:32:12.137000+00:00,,4,Menik Ganga,Katharagama,465d8616-d991-4973-a597-22da0ec8572d,6.5,4.6,1524476,0,-0.27
2026-10-05T12:31:59.820000+00:00,,2026-10-05T12:31:59.820000+00:00,,3,Mahaweli Ganga,Thaldena,6d8ea688-40a8-4de7-8cc6-7d528d78a2f5,5,4,1524475,7.3,0.26
2026-10-05T12:31:51.949000+00:00,,2026-10-05T12:31:51.949000+00:00,,4,Maduru Oya,Padiyathalawa,17a84d51-0109-40b6-ae61-1d5f927023b5,6,4.5,1524474,1.2,0.1
2026-10-05T12:31:48.717000+00:00,,2026-10-05T12:31:48.717000+00:00,,6.5,Kelani Ganga,Hanwella,afabb01c-a03f-458a-b0d7-b448782f2632,9.5,7.5,1524473,0,2.84
2026-10-05T12:31:40.597000+00:00,,2026-10-05T12:31:40.597000+00:00,,4,Ma Oya,Yaka Wewa,a39d91c7-f40f-4f90-b134-e16751b62723,6,5,1524472,0,0.4
2026-10-05T12:31:36.961000+00:00,,2026-10-05T12:31:36.961000+00:00,,5,Mahaweli Ganga,Peradeniya,5daf362b-b3dc-4915-9c70-46890760429c,9,7,1524471,0,3.19
2026-10-05T12:31:36.101000+00:00,,2026-10-05T12:31:36.101000+00:00,,5,Kumbukkan Oya,Nakkala,a26d99d6-9efb-404b-8cb2-a0e7f30184c3,7.5,6,1524470,0,0.68
2026-10-05T12:31:08.714000+00:00,,2026-10-05T12:31:08.714000+00:00,,5,Mahaweli Ganga,Weraganthota,1014b58c-4df5-4010-b751-42d1f5cb090c,8,6,1524469,0,-3.44
2026-10-05T12:31:07.788000+00:00,,2026-10-05T12:31:07.788000+00:00,,3,Walawe Ganga,Moraketiya,1a8b4282-7d31-425a-bee3-8be71dd3bedb,7,5,1524468,0,0.82
2026-10-05T12:30:48.899000+00:00,,2026-10-05T12:30:48.899000+00:00,,,Gal Oya,Ampara,6c492cc2-40d2-4937-a1b3-4edb6a23a149,,,1524467,0,0
2026-10-05T12:30:41.548000+00:00,,2026-10-05T12:30:41.548000+00:00,,3,Kalu Ganga,Putupaula,0ee479fa-e6cf-4cdf-9acf-0c2b6e530a79,5,4,1524466,0,0.76
2026-10-05T12:30:08.431000+00:00,,2026-10-05T12:30:08.431000+00:00,,4.5,Heda Oya,Siyambalanduwa,22a26578-8871-4df1-ab19-1ffb53685d3e,7,6,1524465,0,0.3
2026-10-05T11:41:24.024000+00:00,,2026-10-05T11:41:24.024000+00:00,,4,Kalu Ganga,Magura,e54bccde-a392-4d36-bc95-bb1bafef3488,7.5,6,1524464,0,1.62
2026-10-05T11:40:03.937000+00:00,,2026-10-05T11:40:03.937000+00:00,,1.4,Nilwala Ganga,Thalgahagoda,5acfa437-e27b-4061-a8c0-615291f47080,2.8,1.7,1524463,0,0.56
2026-10-05T11:38:03.811000+00:00,,2026-10-05T11:38:03.811000+00:00,,3,Kelani Ganga,Kithulgala,3422f51e-2b16-493b-a11a-5a8ce162233b,6,4,1524462,28,2.41
2026-10-05T11:37:47.944000+00:00,,2026-10-05T11:37:47.944000+00:00,,3,Kelani Ganga,Holombuwa,6113dd59-8fa7-4a62-abe1-e5225066c1dc,6,4,1524461,11.8,0.76
2026-10-05T11:37:39.668000+00:00,,2026-10-05T11:37:39.668000+00:00,,2.5,Nilwala Ganga,Urawa,1e08fa1c-b5bd-404f-8a16-9cf4d4473f87,6,4,1524460,0,0.48
2026-10-05T11:37:36.199000+00:00,,2026-10-05T11:37:36.199000+00:00,,4.8,Kelani Ganga,Deraniyagala,59a43f90-8a00-4ee1-a8e2-dec034f7ee6a,7,5.8,1524459,80.5,1.05
2026-10-05T11:36:47.657000+00:00,,2026-10-05T11:36:47.657000+00:00,,4,Maduru Oya,Padiyathalawa,ba600439-bc3f-406a-8ceb-d4f84d36db4b,6,4.5,1524458,0,0.1
2026-10-05T11:36:44.903000+00:00,,2026-10-05T11:36:44.903000+00:00,,5.2,Kalu Ganga,Rathnapura,05f3da40-059f-4eeb-8cbe-71c290ac2604,9.5,7.5,1524457,2.5,1.68
2026-10-05T11:35:30.728000+00:00,,2026-10-05T11:35:30.728000+00:00,,15,Kelani Ganga,Glencourse,69e0e7b8-bcd8-4e5e-89ed-5fdedd0767da,19,15.5,1524456,42.8,10.83
2026-10-05T11:35:27.648000+00:00,,2026-10-05T11:35:27.648000+00:00,,5,Maha Oya,Badalgama,997217ae-cc8e-4e3a-bc30-d506f285a2dc,9.6,6.2,1524455,0,2.87
2026-10-05T11:35:14.450000+00:00,,2026-10-05T11:35:14.450000+00:00,,5,Mahaweli Ganga,Peradeniya,69375b42-8e17-45a9-9cdc-1e98b38b43ee,9,7,1524454,0,2.61
2026-10-05T11:35:10.562000+00:00,,2026-10-05T11:35:10.562000+00:00,,3.5,Mahaweli Ganga,Nawalapitiya,5cf96681-6a61-452a-9dec-9a90d95ddf6a,6,5,1524453,1.7,2.29
2026-10-05T11:34:48.521000+00:00,,2026-10-05T11:34:48.521000+00:00,,4.84,Mee Oya,Galgamuwa,6b0ef10c-35ad-4271-87c7-094bcf0077c4,8,5.94,1524452,0,0.09
2026-10-05T11:34:28.595000+00:00,,2026-10-05T11:34:28.595000+00:00,,5,Kumbukkan Oya,Nakkala,76a951cd-3f13-4f80-b7d8-8201f7f05d8e,7.5,6,1524451,0,0.68
2026-10-05T11:34:24.175000+00:00,,2026-10-05T11:34:24.175000+00:00,,3.5,Gin Ganga,Baddegama,4a0afb0a-b09b-4334-9761-b9141526f076,5,4,1524450,0,1.56
2026-10-05T11:34:21.131000+00:00,,2026-10-05T11:34:21.131000+00:00,,3,Kalu Ganga,Putupaula,fe267ef4-e0c4-4fe8-a8bd-97a38fed10be,5,4,1524449,0,0.79
2026-10-05T11:34:19.729000+00:00,,2026-10-05T11:34:19.729000+00:00,,1.5,Kelani Ganga,Norwood,145fd1d6-56d0-4041-94c4-e3df4d915e32,4.5,3,1524448,0,1.25
2026-10-05T11:34:16.110000+00:00,,2026-10-05T11:34:16.110000+00:00,,5.5,Maha Oya,Giriulla,b7afecbe-d4f9-46e5-9089-92e379243dc4,7.5,6.5,1524447,0,1.54
2026-10-05T11:34:10.362000+00:00,,2026-10-05T11:34:10.362000+00:00,,4,Kelani Ganga,Nagalagam Street,f21d34cf-84a3-4125-81f6-512c2226774c,7,5,1524446,,1.6
2026-10-05T11:34:02.907000+00:00,,2026-10-05T11:34:02.907000+00:00,,4,Gin Ganga,Thawalama,759223a9-2937-4ae1-9607-bb04be72155f,7.5,6,1524445,0,1.75
2026-10-05T11:33:58.157000+00:00,,2026-10-05T11:33:58.157000+00:00,,4,Menik Ganga,Katharagama,6eda628c-27c2-4bb0-be8e-0d299da0d419,6.5,4.6,1524444,0,-0.27
2026-10-05T11:33:45.894000+00:00,,2026-10-05T11:33:45.894000+00:00,,10,Kalu Ganga,Ellagawa,9e82b706-55b5-4e80-92ac-ebd98be48b72,12.2,10.7,1524443,0,5.75
2026-10-05T11:33:35.723000+00:00,,2026-10-05T11:33:35.723000+00:00,,4,Kirindi Oya,Thanamalwila,61b04824-4af8-4635-8fd1-dbcb20fe6562,5.5,5,1524442,0,0.46
2026-10-05T11:33:18.725000+00:00,,2026-10-05T11:33:18.725000+00:00,,6,Yan Oya,Horowpothana,3823645f-823d-4938-94f4-3d481407a2f1,10.5,7.5,1524441,0,1.68
2026-10-05T11:33:04.699000+00:00,,2026-10-05T11:33:04.699000+00:00,,4.4,Kirindi Oya,Wellawaya,3bf3d497-df9a-428a-b5ad-55329c587091,5.9,5.4,1524440,0,0.95
2026-10-05T11:33:02.626000+00:00,,2026-10-05T11:33:02.626000+00:00,,3,Mahaweli Ganga,Thaldena,0290350f-52e9-478c-9ddb-ebb5ef2301a6,5,4,1524439,1.3,0.17
2026-10-05T11:32:53.807000+00:00,,2026-10-05T11:32:53.807000+00:00,,6.5,Kelani Ganga,Hanwella,3ab3aa55-37e4-4d14-9786-168dedb0e410,9.5,7.5,1524438,0,2.92
2026-10-05T11:32:31.347000+00:00,,2026-10-05T11:32:31.347000+00:00,,5,Kalu Ganga,Kalawellawa (Millakanda),6b833397-7285-4e88-a965-a49f3e405068,8,6.5,1524437,0,2.72
2026-10-05T11:32:17.837000+00:00,,2026-10-05T11:32:17.837000+00:00,,3.3,Aththanagalu Oya,Dunamale,432f54d5-917a-433e-98b6-46d98a308825,5.5,4.4,1524436,0,1.94
2026-10-05T11:31:44.098000+00:00,,2026-10-05T11:31:44.098000+00:00,,4,Nilwala Ganga,Pitabeddara,0eba51f3-5e10-4605-b277-5deafc5fe0d1,6.5,5,1524435,0,1.09
2026-10-05T11:31:28.865000+00:00,,2026-10-05T11:31:28.865000+00:00,,3,Mahaweli Ganga,Manampitiya,1bdbb6dc-27e0-41a1-a4b5-faf0eab4b710,6,4.3,1524434,0,-0.15
2026-10-05T11:31:09.848000+00:00,,2026-10-05T11:31:09.848000+00:00,,4,Ma Oya,Yaka Wewa,f63491d7-6f26-4461-91f8-65f45cbfdb39,6,5,1524433,0,0.4
2026-10-05T11:31:06.008000+00:00,,2026-10-05T11:31:06.008000+00:00,,5,Malwathu Oya,Thanthirimale,3381078c-da82-4c58-89d8-71dc398e8dc1,7.8,6.8,1524432,0,0.8
2026-10-05T11:31:00.238000+00:00,,2026-10-05T11:31:00.238000+00:00,,4.75,Deduru Oya,Moragaswewa,a3514e9b-a100-44b9-97a7-a75687b4b9cb,7,6,1524431,0,-0.07
2026-10-05T11:30:41.772000+00:00,,2026-10-05T11:30:41.772000+00:00,,3,Walawe Ganga,Moraketiya,8093430b-a175-494b-a4b3-26099de33534,7,5,1524430,0,0.83
2026-10-05T11:30:36.408000+00:00,,2026-10-05T11:30:36.408000+00:00,,,Gal Oya,Ampara,91369d91-42de-4938-9ad2-591708e584e7,,,1524429,0,0
2026-10-05T11:30:29.594000+00:00,,2026-10-05T11:30:29.594000+00:00,,5,Mahaweli Ganga,Weraganthota,e2f183ce-6567-446d-954e-36096ecc2af7,8,6,1524428,0,-3.43
2026-10-05T11:30:08.907000+00:00,,2026-10-05T11:30:08.907000+00:00,,4.5,Heda Oya,Siyambalanduwa,c807a063-659c-463e-95fc-69e614e77acc,7,6,1524427,0,0.3
2026-10-05T11:30:08.376000+00:00,,2026-10-05T11:30:08.376000+00:00,,6.9,Kirindi Oya,Kuda Oya,1c4f022d-05e4-4aa7-a6a3-2002f984cc2f,8.8,8.4,1524426,0,1.09
2026-10-05T10:56:53.872000+00:00,,2026-10-05T10:56:53.872000+00:00,,5,Nilwala Ganga,Panadugama,51c6e9d5-f0b7-4925-a2dc-8d5a91c80839,7.5,6,1524425,0,3.48
2026-10-05T10:56:31.645000+00:00,,2026-10-05T10:56:31.645000+00:00,,4,Kalu Ganga,Magura,6acb5f51-0970-4a0b-9380-96263d74540d,7.5,6,1524424,0,1.6
2026-10-05T10:45:07.204000+00:00,,2026-10-05T10:45:07.204000+00:00,,2.5,Nilwala Ganga,Urawa,433c549e-4476-4ad8-8f20-37c589a8a569,6,4,1524423,0,0.42
2026-10-05T10:41:42.842000+00:00,,2026-10-05T10:41:42.842000+00:00,,5,Maha Oya,Badalgama,c438a18d-9900-404f-b985-7610a7c62c19,9.6,6.2,1524422,0,2.9
2026-10-05T10:41:31.032000+00:00,,2026-10-05T10:41:31.032000+00:00,,1.4,Nilwala Ganga,Thalgahagoda,3643f296-6a8d-4053-b617-ef4bdd60f646,2.8,1.7,1524421,0,0.6
2026-10-05T10:38:43.315000+00:00,,2026-10-05T10:38:43.315000+00:00,,3,Walawe Ganga,Moraketiya,4526c193-0a5b-4f7b-aae1-0db1f28b506e,7,5,1524420,0,0.84
2026-10-05T10:38:42.626000+00:00,,2026-10-05T10:38:42.626000+00:00,,5,Mahaweli Ganga,Peradeniya,c896f5e1-ecd1-42a3-8bd9-86f9227f9d44,9,7,1524419,0.4,2.3
2026-10-05T10:38:30.046000+00:00,,2026-10-05T10:38:30.046000+00:00,,4,Maduru Oya,Padiyathalawa,7a824598-1866-4b67-b758-aad987cfae9a,6,4.5,1524418,0,0.1
2026-10-05T10:37:19.827000+00:00,,2026-10-05T10:37:19.827000+00:00,,3.5,Gin Ganga,Baddegama,037e4f03-ebcc-4ee1-8b7a-ec5058acef84,5,4,1524417,0,1.58
2026-10-05T10:37:15.458000+00:00,,2026-10-05T10:37:15.458000+00:00,,15,Kelani Ganga,Glencourse,39b81f04-5f68-436d-ac05-d72c14f464e1,19,15.5,1524416,0,10.91
2026-10-05T10:36:57.142000+00:00,,2026-10-05T10:36:57.142000+00:00,,3,Mahaweli Ganga,Manampitiya,b46692f8-1e2e-4195-a2e3-95a3a785be8c,6,4.3,1524415,0,-0.15
2026-10-05T10:36:41.716000+00:00,,2026-10-05T10:36:41.716000+00:00,,3,Kelani Ganga,Holombuwa,1f4fde41-cbdc-4df2-ab34-d662cdfc3454,6,4,1524414,0,0.76
2026-10-05T10:36:13.239000+00:00,,2026-10-05T10:36:13.239000+00:00,,3,Kelani Ganga,Kithulgala,50faffa5-f6db-4bb2-b058-32074328b543,6,4,1524413,12.7,1.76
2026-10-05T10:35:05.868000+00:00,,2026-10-05T10:35:05.868000+00:00,,3.5,Mahaweli Ganga,Nawalapitiya,0e2f7cab-0f64-43da-87a9-4286fb46590b,6,5,1524412,52.2,2.02
2026-10-05T10:34:45.385000+00:00,,2026-10-05T10:34:45.385000+00:00,,4,Nilwala Ganga,Pitabeddara,2736fcb5-a7ac-4261-a25a-b2ae9505e048,6.5,5,1524411,0,1.07
2026-10-05T10:34:25.950000+00:00,,2026-10-05T10:34:25.950000+00:00,,4,Gin Ganga,Thawalama,3e3f7e65-d97e-4245-b23e-60ea5517ec90,7.5,6,1524410,0,1.75
2026-10-05T10:34:22.076000+00:00,,2026-10-05T10:34:22.076000+00:00,,10,Kalu Ganga,Ellagawa,37c68a39-96ca-4032-b639-19a82cd6ff8e,12.2,10.7,1524409,0,5.84
2026-10-05T10:34:03.260000+00:00,,2026-10-05T10:34:03.260000+00:00,,4,Kirindi Oya,Thanamalwila,52e5875e-3da8-45e0-a088-94e8849d73bf,5.5,5,1524408,9.7,0.42
2026-10-05T10:33:41.668000+00:00,,2026-10-05T10:33:41.668000+00:00,,4.84,Mee Oya,Galgamuwa,19f95e39-2394-4ce3-a665-174733b8aab5,8,5.94,1524407,0,0.09
2026-10-05T10:33:37.644000+00:00,,2026-10-05T10:33:37.644000+00:00,,4,Kelani Ganga,Nagalagam Street,b7b51c7a-129b-4a06-a8e5-7a2308ce9a90,7,5,1524406,,1.8
2026-10-05T10:33:29.644000+00:00,,2026-10-05T10:33:29.644000+00:00,,5.5,Maha Oya,Giriulla,a6458188-9b6f-42bb-817f-88d915562953,7.5,6.5,1524405,0,1.58
2026-10-05T10:33:29.285000+00:00,,2026-10-05T10:33:29.285000+00:00,,5.2,Kalu Ganga,Rathnapura,20f654fa-a2c2-4917-b869-6b838cfbcda8,9.5,7.5,1524404,1.5,1.62
2026-10-05T10:33:24.822000+00:00,,2026-10-05T10:33:24.822000+00:00,,6.5,Kelani Ganga,Hanwella,c12bef6a-73f4-486d-904d-9e50c77c7acf,9.5,7.5,1524403,0,3
2026-10-05T10:33:15.657000+00:00,,2026-10-05T10:33:15.657000+00:00,,3,Kalu Ganga,Putupaula,f596ce3a-c335-463f-8712-8970a85d875a,5,4,1524402,0,0.83
2026-10-05T10:33:10.380000+00:00,,2026-10-05T10:33:10.380000+00:00,,4.8,Kelani Ganga,Deraniyagala,39c77cc4-7f69-455c-b5e1-6d42d5848ce6,7,5.8,1524401,0,0.71
2026-10-05T10:33:08.975000+00:00,,2026-10-05T10:33:08.975000+00:00,,1.5,Kelani Ganga,Norwood,0b1fc61b-9275-4f72-b227-99558ebfeffd,4.5,3,1524400,7.8,1.31
2026-10-05T10:32:56.673000+00:00,,2026-10-05T10:32:56.673000+00:00,,4,Menik Ganga,Katharagama,9571973f-7dab-4a7d-9e42-b59076970703,6.5,4.6,1524399,0,-0.27
2026-10-05T10:32:35.189000+00:00,,2026-10-05T10:32:35.189000+00:00,,4.4,Kirindi Oya,Wellawaya,eb40089a-67b7-4e70-b4e5-801f743e45e4,5.9,5.4,1524398,0,0.96
2026-10-05T10:32:28.871000+00:00,,2026-10-05T10:32:28.871000+00:00,,5,Kalu Ganga,Kalawellawa (Millakanda),a82c0e5f-77fd-45f2-987b-b33dd29f6f11,8,6.5,1524397,0,2.78
2026-10-05T10:32:16.267000+00:00,,2026-10-05T10:32:16.267000+00:00,,3.3,Aththanagalu Oya,Dunamale,a67b82ae-21b3-4ac3-a4f5-a282bc0038ea,5.5,4.4,1524396,0,2
2026-10-05T10:32:10.024000+00:00,,2026-10-05T10:32:10.024000+00:00,,3,Mahaweli Ganga,Thaldena,48a1133c-a3e4-43e9-a381-5dd8fa11d908,5,4,1524395,0.8,0.23
2026-10-05T10:32:04.526000+00:00,,2026-10-05T10:32:04.526000+00:00,,5,Mahaweli Ganga,Weraganthota,b570cd19-61ed-4adb-96c3-534298585bb3,8,6,1524394,0,-3.42
2026-10-05T10:32:03.686000+00:00,,2026-10-05T10:32:03.686000+00:00,,6.9,Kirindi Oya,Kuda Oya,ebb85a3c-fcf4-4cac-a297-15d2a2cb9b0d,8.8,8.4,1524393,0,1.09
2026-10-05T10:31:50.012000+00:00,,2026-10-05T10:31:50.012000+00:00,,5,Kumbukkan Oya,Nakkala,cac58e05-cc5c-4bc7-b887-6c480cb36fb3,7.5,6,1524392,0,0.7
2026-10-05T10:31:47.824000+00:00,,2026-10-05T10:31:47.824000+00:00,,,Gal Oya,Ampara,7fc78077-c380-4a69-ab1b-33e3762eabe5,,,1524391,0,0
2026-10-05T10:31:43.749000+00:00,,2026-10-05T10:31:43.749000+00:00,,6,Yan Oya,Horowpothana,b2f68db2-30b2-49ae-b381-4c03ceb45c28,10.5,7.5,1524390,0,1.68
2026-10-05T10:31:42.015000+00:00,,2026-10-05T10:31:42.015000+00:00,,4.75,Deduru Oya,Moragaswewa,26f6a2ab-aec2-4350-990c-422f44334f8d,7,6,1524389,0,-0.07
2026-10-05T10:31:13.975000+00:00,,2026-10-05T10:31:13.975000+00:00,,4,Ma Oya,Yaka Wewa,6a0ba8a4-461f-4c6c-b623-7e5fd32df698,6,5,1524388,0,0.4
2026-10-05T10:31:07.171000+00:00,,2026-10-05T10:31:07.171000+00:00,,5,Malwathu Oya,Thanthirimale,b85733e2-743e-42b0-8987-f0f900e66bc2,7.8,6.8,1524387,0,0.8
2026-10-05T10:30:12.169000+00:00,,2026-10-05T10:30:12.169000+00:00,,4.5,Heda Oya,Siyambalanduwa,595b8f7f-c85a-4062-9bd5-3d58d590e635,7,6,1524386,0,0.3
2026-10-05T09:39:22.734000+00:00,,2026-10-05T09:39:22.734000+00:00,,5,Nilwala Ganga,Panadugama,83fa00b0-1846-446b-a614-ee9e21376511,7.5,6,1524385,0,3.51
2026-10-05T09:38:36.246000+00:00,,2026-10-05T09:38:36.246000+00:00,,3,Kelani Ganga,Kithulgala,a883be45-d7df-4168-8172-57997169e5f6,6,4,1524384,0,1.92
2026-10-05T09:38:31.975000+00:00,,2026-10-05T09:38:31.975000+00:00,,4.5,Heda Oya,Siyambalanduwa,6706f3a2-07a8-4f23-85f1-24020bf7debf,7,6,1524383,0,0.3
2026-10-05T09:38:28.880000+00:00,,2026-10-05T09:38:28.880000+00:00,,4,Kalu Ganga,Magura,a2d85461-fe88-4264-87b1-cb6449790322,7.5,6,1524382,0,1.61
2026-10-05T09:38:23.849000+00:00,,2026-10-05T09:38:23.849000+00:00,,3.5,Gin Ganga,Baddegama,65194401-aa3a-4767-9fdb-0989f09af97e,5,4,1524381,0,1.6
2026-10-05T09:37:39.259000+00:00,,2026-10-05T09:37:39.259000+00:00,,4,Gin Ganga,Thawalama,24d71a5c-456a-42a1-8a42-fc6b19eb9303,7.5,6,1524380,0,1.75
2026-10-05T09:36:59.929000+00:00,,2026-10-05T09:36:59.929000+00:00,,5,Mahaweli Ganga,Peradeniya,e8f21a30-0449-4f49-b5ec-d1c8f6e8a77c,9,7,1524379,3.8,2.05
2026-10-05T09:36:50.237000+00:00,,2026-10-05T09:36:50.237000+00:00,,3,Kelani Ganga,Holombuwa,44b11f82-e604-4d49-8a36-f4ba0a2d12c8,6,4,1524378,0,0.79
2026-10-05T09:36:38.614000+00:00,,2026-10-05T09:36:38.614000+00:00,,15,Kelani Ganga,Glencourse,c9977d1e-8882-47b0-b05b-56461e2ae940,19,15.5,1524377,5.6,11
2026-10-05T09:36:25.870000+00:00,,2026-10-05T09:36:25.870000+00:00,,1.4,Nilwala Ganga,Thalgahagoda,097698e3-b2d0-4c71-b6ac-8e31d1b7a741,2.8,1.7,1524376,0,0.6
2026-10-05T09:36:10.849000+00:00,,2026-10-05T09:36:10.849000+00:00,,4,Kelani Ganga,Nagalagam Street,1cc13aee-f95c-4c6c-a7b1-04fc6a8b11f1,7,5,1524375,,1.9
2026-10-05T09:35:53.954000+00:00,,2026-10-05T09:35:53.954000+00:00,,5,Maha Oya,Badalgama,7ce6eb43-e8c0-4f1c-9f92-bd1d44d134d0,9.6,6.2,1524374,3.1,2.94
2026-10-05T09:35:34.649000+00:00,,2026-10-05T09:35:34.649000+00:00,,10,Kalu Ganga,Ellagawa,380194ae-eb01-4fa3-8d4d-93b1de327730,12.2,10.7,1524373,0,5.91
2026-10-05T09:35:31.409000+00:00,,2026-10-05T09:35:31.409000+00:00,,3.5,Mahaweli Ganga,Nawalapitiya,34f645b5-1f35-4b38-b533-16b59c8eabec,6,5,1524372,0,1.36
2026-10-05T09:34:49.474000+00:00,,2026-10-05T09:34:49.474000+00:00,,5.2,Kalu Ganga,Rathnapura,a102251b-4003-4823-a79a-f3e7e5f9e087,9.5,7.5,1524371,9.7,1.58
2026-10-05T09:34:39.902000+00:00,,2026-10-05T09:34:39.902000+00:00,,4,Kirindi Oya,Thanamalwila,22b31ef7-7b74-4b2c-b8df-034a5588be5c,5.5,5,1524370,21.2,0.36
2026-10-05T09:34:16.631000+00:00,,2026-10-05T09:34:16.631000+00:00,,4.84,Mee Oya,Galgamuwa,7e713f0f-6a40-49e4-a7a8-da292cd881e9,8,5.94,1524369,0,0.08
2026-10-05T09:34:14.728000+00:00,,2026-10-05T09:34:14.728000+00:00,,5,Kalu Ganga,Kalawellawa (Millakanda),d440c09d-36ce-485f-b05b-1341f59ee884,8,6.5,1524368,0,2.84
2026-10-05T09:34:10.058000+00:00,,2026-10-05T09:34:10.058000+00:00,,2.5,Nilwala Ganga,Urawa,6acc0bf9-6145-4ccb-b497-6ef518dc95aa,6,4,1524367,0,0.39
2026-10-05T09:34:03.267000+00:00,,2026-10-05T09:34:03.267000+00:00,,4.8,Kelani Ganga,Deraniyagala,74996098-e9ab-4174-ba5a-358704ac44e1,7,5.8,1524366,0,0.74
2026-10-05T09:33:44.530000+00:00,,2026-10-05T09:33:44.530000+00:00,,4,Nilwala Ganga,Pitabeddara,a0359142-fd73-4405-89bb-80fc3b4af37b,6.5,5,1524365,26.2,1.04
2026-10-05T09:33:33.895000+00:00,,2026-10-05T09:33:33.895000+00:00,,4.4,Kirindi Oya,Wellawaya,7e80e5ea-303d-4089-bef9-e9115df8148d,5.9,5.4,1524364,15.9,0.98
2026-10-05T09:33:30.790000+00:00,,2026-10-05T09:33:30.790000+00:00,,5.5,Maha Oya,Giriulla,3f00c17f-a411-404e-94fd-313ac5aa3e69,7.5,6.5,1524363,0,1.61
2026-10-05T09:33:05.755000+00:00,,2026-10-05T09:33:05.755000+00:00,,4.75,Deduru Oya,Moragaswewa,2e2484fb-b4af-4ee7-82df-d9bee0b9dfc3,7,6,1524362,0,-0.06
2026-10-05T09:32:56.009000+00:00,,2026-10-05T09:32:56.009000+00:00,,6.5,Kelani Ganga,Hanwella,00cc71a8-e705-467b-8b9e-f09ac7369942,9.5,7.5,1524361,0,3.13
2026-10-05T09:32:24.620000+00:00,,2026-10-05T09:32:24.620000+00:00,,3.3,Aththanagalu Oya,Dunamale,6991e538-a228-4287-af21-a43bbf5ae144,5.5,4.4,1524360,0,2.06
2026-10-05T09:32:24.589000+00:00,,2026-10-05T09:32:24.589000+00:00,,1.5,Kelani Ganga,Norwood,0bb83835-f021-450e-bfbb-2bc4ecb0b263,4.5,3,1524359,0,1.34
2026-10-05T09:32:20.387000+00:00,,2026-10-05T09:32:20.387000+00:00,,4,Menik Ganga,Katharagama,7cd914e4-c8fa-4395-ba83-4dc0252f0fc4,6.5,4.6,1524358,0,-0.27
2026-10-05T09:32:20.277000+00:00,,2026-10-05T09:32:20.277000+00:00,,3,Kalu Ganga,Putupaula,2bfe845f-cd35-403d-8629-4eec085c2a92,5,4,1524357,0,0.88
2026-10-05T09:32:14.919000+00:00,,2026-10-05T09:32:14.919000+00:00,,3,Mahaweli Ganga,Manampitiya,1d278a6c-f2a9-4417-88cd-fdaea0d2b0ae,6,4.3,1524356,0,-0.15
2026-10-05T09:32:09.811000+00:00,,2026-10-05T09:32:09.811000+00:00,,3,Walawe Ganga,Moraketiya,05d23b58-e2ca-4b2b-9dc4-230a368508d0,7,5,1524355,0,0.86
2026-10-05T09:32:08.744000+00:00,,2026-10-05T09:32:08.744000+00:00,,6.9,Kirindi Oya,Kuda Oya,240761a8-a967-4c0f-a5d9-6ab214167fa3,8.8,8.4,1524354,0,1.09
2026-10-05T09:31:30.878000+00:00,,2026-10-05T09:31:30.878000+00:00,,3,Mahaweli Ganga,Thaldena,1356ab5c-d96d-43c4-b873-1f35c815c4d5,5,4,1524353,0,0.25
2026-10-05T09:31:30.421000+00:00,,2026-10-05T09:31:30.421000+00:00,,5,Mahaweli Ganga,Weraganthota,9bef4614-9062-4ec2-9527-ab85e9c3eb07,8,6,1524352,0,-3.41
2026-10-05T09:31:30.235000+00:00,,2026-10-05T09:31:30.235000+00:00,,,Gal Oya,Ampara,6481720f-8308-4dab-b7fc-a35678b1be25,,,1524351,0,0
2026-10-05T09:31:28.341000+00:00,,2026-10-05T09:31:28.341000+00:00,,5,Malwathu Oya,Thanthirimale,7f0f48b5-9043-4e8f-b798-02a3f7842189,7.8,6.8,1524350,0,0.8
2026-10-05T09:31:21.457000+00:00,,2026-10-05T09:31:21.457000+00:00,,4,Ma Oya,Yaka Wewa,a092100c-fd05-4513-b9d8-be7ee31c0cc0,6,5,1524349,2.8,0.4
2026-10-05T09:30:49.459000+00:00,,2026-10-05T09:30:49.459000+00:00,,6,Yan Oya,Horowpothana,79062a86-1491-4d96-8c9a-44f9241a82f2,10.5,7.5,1524348,0,1.68
2026-10-05T09:30:29.051000+00:00,,2026-10-05T09:30:29.051000+00:00,,5,Kumbukkan Oya,Nakkala,cd1a7859-c486-46a4-99bc-364a744f4dda,7.5,6,1524347,0,0.7
2026-10-05T08:56:05.318000+00:00,,2026-10-05T08:56:05.318000+00:00,,5,Nilwala Ganga,Panadugama,2a9779de-4fd0-44b7-b596-a22d48caafaa,7.5,6,1524346,0,3.54
2026-10-05T08:47:41.829000+00:00,,2026-10-05T08:47:41.829000+00:00,,2.5,Nilwala Ganga,Urawa,e2fc7f1a-ded7-41c4-9f17-e25d0dd722e8,6,4,1524345,0,0.38
2026-10-05T08:38:19.200000+00:00,,2026-10-05T08:38:19.200000+00:00,,4,Kalu Ganga,Magura,5dddbdcf-8bd9-46ee-be21-bbac20b3922f,7.5,6,1524344,0,1.64
2026-10-05T08:36:42.878000+00:00,,2026-10-05T08:36:42.878000+00:00,,3,Kelani Ganga,Holombuwa,c3eff49a-aa5b-421a-9f6e-14ac1e48a91e,6,4,1524343,0,0.81
2026-10-05T08:36:37.516000+00:00,,2026-10-05T08:36:37.516000+00:00,,4.75,Deduru Oya,Moragaswewa,1fcad8af-cc14-477a-b8e1-7a4514f63961,7,6,1524342,0,-0.06
2026-10-05T08:36:31.074000+00:00,,2026-10-05T08:36:31.074000+00:00,,3.5,Gin Ganga,Baddegama,1fcc45f5-b731-43b6-8e02-f72e4c0817ab,5,4,1524341,0,1.62
2026-10-05T08:36:16.194000+00:00,,2026-10-05T08:36:16.194000+00:00,,4,Nilwala Ganga,Pitabeddara,7a356d25-61f9-42fb-9242-608606bbaad0,6.5,5,1524340,4.7,0.99
2026-10-05T08:36:10.033000+00:00,,2026-10-05T08:36:10.033000+00:00,,3,Kelani Ganga,Kithulgala,3aed10e8-f369-4ce3-a8b6-62b8a473d5fe,6,4,1524339,0,1.92
2026-10-05T08:35:55.796000+00:00,,2026-10-05T08:35:55.796000+00:00,,6.9,Kirindi Oya,Kuda Oya,b27a2763-6998-41cb-8539-c1b37c9cc6ac,8.8,8.4,1524338,0,1.09
2026-10-05T08:35:46.973000+00:00,,2026-10-05T08:35:46.973000+00:00,,4,Kelani Ganga,Nagalagam Street,af9f87d3-08c8-4390-b0d7-cd24184875b4,7,5,1524337,,2
2026-10-05T08:35:35.351000+00:00,,2026-10-05T08:35:35.351000+00:00,,5,Maha Oya,Badalgama,897c322d-ae63-4d1a-bf85-686f3d70c6eb,9.6,6.2,1524336,0.3,2.98
2026-10-05T08:35:25.703000+00:00,,2026-10-05T08:35:25.703000+00:00,,5,Mahaweli Ganga,Peradeniya,593b68bd-a281-4b25-81c7-d6365c58934a,9,7,1524335,0,2
2026-10-05T08:35:24.318000+00:00,,2026-10-05T08:35:24.318000+00:00,,3,Walawe Ganga,Moraketiya,fdb416cf-c390-4c49-9168-54dc8c792f43,7,5,1524334,0,0.88
2026-10-05T08:35:18.623000+00:00,,2026-10-05T08:35:18.623000+00:00,,15,Kelani Ganga,Glencourse,55b72e2f-48d7-433e-8f7d-35e7469bd6b3,19,15.5,1524333,0,11.08
2026-10-05T08:35:03.912000+00:00,,2026-10-05T08:35:03.912000+00:00,,10,Kalu Ganga,Ellagawa,01cd2bc0-800d-437e-afe7-9f8aa82e33db,12.2,10.7,1524332,0,5.98
2026-10-05T08:34:57.290000+00:00,,2026-10-05T08:34:57.290000+00:00,,5.2,Kalu Ganga,Rathnapura,ff589976-ebb5-45b6-aa16-e0fc22ac954f,9.5,7.5,1524331,0,1.58
2026-10-05T08:34:56.427000+00:00,,2026-10-05T08:34:56.427000+00:00,,4.4,Kirindi Oya,Wellawaya,1a2b2c2c-af7e-47f1-b33d-92224fb4d5d0,5.9,5.4,1524330,0,1.01
2026-10-05T08:34:45.775000+00:00,,2026-10-05T08:34:45.775000+00:00,,4,Maduru Oya,Padiyathalawa,3c8f9832-0df3-43a8-a5b5-430a22c8f0b2,6,4.5,1524329,0,0.1
2026-10-05T08:34:27.318000+00:00,,2026-10-05T08:34:27.318000+00:00,,4,Gin Ganga,Thawalama,8118ee18-833c-4b81-a5d8-9bf3d120179b,7.5,6,1524328,0,1.77
2026-10-05T08:34:24.577000+00:00,,2026-10-05T08:34:24.577000+00:00,,1.5,Kelani Ganga,Norwood,6b9f98c0-14af-479d-a0e3-5e8c7706fdbd,4.5,3,1524327,0,0.9
2026-10-05T08:33:53.609000+00:00,,2026-10-05T08:33:53.609000+00:00,,4,Menik Ganga,Katharagama,ccdb8517-05f0-4f5c-a5ff-34d13a7528e4,6.5,4.6,1524326,0,-0.27
2026-10-05T08:33:35.072000+00:00,,2026-10-05T08:33:35.072000+00:00,,6.5,Kelani Ganga,Hanwella,6ae073f7-fc28-416c-8e12-8902d9a04105,9.5,7.5,1524325,0,3.22
2026-10-05T08:33:32.918000+00:00,,2026-10-05T08:33:32.918000+00:00,,3,Mahaweli Ganga,Thaldena,f0d2aaa3-52a8-48fb-ae6b-91be7ebcce0d,5,4,1524324,0,0.25
2026-10-05T08:33:26.741000+00:00,,2026-10-05T08:33:26.741000+00:00,,4.84,Mee Oya,Galgamuwa,bf08e7c9-afa9-4b32-82cd-ee9f5da34407,8,5.94,1524323,0,0.08
2026-10-05T08:33:18.653000+00:00,,2026-10-05T08:33:18.653000+00:00,,1.4,Nilwala Ganga,Thalgahagoda,65164dbc-7d2e-412d-84a0-490459f48270,2.8,1.7,1524322,0,0.61
2026-10-05T08:32:58.352000+00:00,,2026-10-05T08:32:58.352000+00:00,,4.8,Kelani Ganga,Deraniyagala,5a890ddc-0b7f-4148-a219-c596fd5c7067,7,5.8,1524321,0,0.77
2026-10-05T08:32:28.519000+00:00,,2026-10-05T08:32:28.519000+00:00,,3.5,Mahaweli Ganga,Nawalapitiya,e014cb8b-9461-43aa-b726-c49dc8df1b7e,6,5,1524320,0,1.37
2026-10-05T08:32:15.549000+00:00,,2026-10-05T08:32:15.549000+00:00,,5,Kalu Ganga,Kalawellawa (Millakanda),af408f80-4fc0-480e-a31d-e1b961e335d7,8,6.5,1524319,0,2.91
2026-10-05T08:32:09.336000+00:00,,2026-10-05T08:32:09.336000+00:00,,5.5,Maha Oya,Giriulla,f15ec9fd-97ca-4550-8ccb-5376158117ae,7.5,6.5,1524318,0,1.66
2026-10-05T08:32:09.317000+00:00,,2026-10-05T08:32:09.317000+00:00,,3.3,Aththanagalu Oya,Dunamale,d6b5ea89-4904-49b7-9333-089a5d32289b,5.5,4.4,1524317,0,2.16
2026-10-05T08:31:53.361000+00:00,,2026-10-05T08:31:53.361000+00:00,,3,Kalu Ganga,Putupaula,e717452a-a05f-49a1-bb2d-f5222151a507,5,4,1524316,0,0.92
2026-10-05T08:31:50.406000+00:00,,2026-10-05T08:31:50.406000+00:00,,,Gal Oya,Ampara,97abebdd-7b7f-4d2a-8ac1-315726b48abc,,,1524315,0,0
2026-10-05T08:31:42.899000+00:00,,2026-10-05T08:31:42.899000+00:00,,4,Ma Oya,Yaka Wewa,c6af2ca5-3369-402d-9419-0f1c08f91aec,6,5,1524314,0,0.4
2026-10-05T08:31:16.051000+00:00,,2026-10-05T08:31:16.051000+00:00,,5,Mahaweli Ganga,Weraganthota,bc58e60d-4520-4bf7-897a-fa4dac739638,8,6,1524313,0,-3.41
2026-10-05T08:31:00.934000+00:00,,2026-10-05T08:31:00.934000+00:00,,5,Kumbukkan Oya,Nakkala,c1c32a45-7261-4a97-9a20-a6b5953df4b0,7.5,6,1524312,0,0.72
2026-10-05T08:30:53.283000+00:00,,2026-10-05T08:30:53.283000+00:00,,3,Mahaweli Ganga,Manampitiya,73796c01-0a06-40a6-ad1c-1e36d17d9c47,6,4.3,1524311,0,-0.14
2026-10-05T08:30:51.867000+00:00,,2026-10-05T08:30:51.867000+00:00,,4,Kirindi Oya,Thanamalwila,250b9cc4-b1c9-4463-9e51-c341138f0f37,5.5,5,1524310,0,0.31
2026-10-05T08:30:46.042000+00:00,,2026-10-05T08:30:46.042000+00:00,,6,Yan Oya,Horowpothana,345f0618-0310-436a-855c-e38bdfc3fc24,10.5,7.5,1524309,0,1.68
2026-10-05T08:30:35.734000+00:00,,2026-10-05T08:30:35.734000+00:00,,5,Malwathu Oya,Thanthirimale,05fc6f40-6bbd-4200-92a2-afa045fe9830,7.8,6.8,1524308,0,0.8
2026-10-05T08:30:11.385000+00:00,,2026-10-05T08:30:11.385000+00:00,,4.5,Heda Oya,Siyambalanduwa,d731adcf-1d8c-4981-927d-8bee94070ea3,7,6,1524307,0,0.3
2026-10-05T08:13:34.090000+00:00,,2026-10-05T08:13:34.090000+00:00,,4.75,Deduru Oya,Moragaswewa,881b8f8d-9872-46c1-b0c1-ec07fc8d075f,7,6,1524306,0,-0.05
2026-10-05T08:05:29.251000+00:00,,2026-10-05T08:05:29.251000+00:00,,5,Nilwala Ganga,Panadugama,17eda751-8ee2-411b-8238-fb43c85b4b81,7.5,6,1524305,0,3.57
2026-10-05T07:53:50.931000+00:00,,2026-10-05T07:53:50.931000+00:00,,4,Nilwala Ganga,Pitabeddara,95e6f562-9b7d-4f61-b3d9-6e634519c0de,6.5,5,1524304,0,0.99
2026-10-05T07:45:04.698000+00:00,,2026-10-05T07:45:04.698000+00:00,,4,Maduru Oya,Padiyathalawa,38c0497a-bdd9-4a32-b643-da9f9a8a8988,6,4.5,1524303,0,0.1
2026-10-05T07:40:29.975000+00:00,,2026-10-05T07:40:29.975000+00:00,,5,Nilwala Ganga,Panadugama,bc11246a-915d-4c7f-84ae-9150365f3315,7.5,6,1524302,0,3.57
2026-10-05T07:37:36.526000+00:00,,2026-10-05T07:37:36.526000+00:00,,6.9,Kirindi Oya,Kuda Oya,8d11c8a0-7061-4b6e-892f-799743ea0cc5,8.8,8.4,1524301,0,1.1
2026-10-05T07:37:30.919000+00:00,,2026-10-05T07:37:30.919000+00:00,,5,Maha Oya,Badalgama,f4385373-aaed-41f2-a2b6-a8efd80cb892,9.6,6.2,1524300,0,3.02
2026-10-05T07:37:26.033000+00:00,,2026-10-05T07:37:26.033000+00:00,,3,Kelani Ganga,Holombuwa,9d14ebf1-6ddb-48ed-b7e4-2897278480b0,6,4,1524299,0,0.82
2026-10-05T07:36:46.623000+00:00,,2026-10-05T07:36:46.623000+00:00,,2.5,Nilwala Ganga,Urawa,872f9b36-8db8-4088-9ae0-f00afabb0a58,6,4,1524298,0,0.38
2026-10-05T07:36:43.984000+00:00,,2026-10-05T07:36:43.984000+00:00,,4.75,Deduru Oya,Moragaswewa,44f42cb2-0a6f-4d97-8a0b-217423869031,7,6,1524297,0,-0.05
2026-10-05T07:36:13.132000+00:00,,2026-10-05T07:36:13.132000+00:00,,4,Kelani Ganga,Nagalagam Street,d80b99ed-af24-4859-a0f0-51551b357635,7,5,1524296,,2.15
2026-10-05T07:36:03.301000+00:00,,2026-10-05T07:36:03.301000+00:00,,4,Gin Ganga,Thawalama,ee1d0bca-6f97-4910-a3ac-9d35dc75867c,7.5,6,1524295,0,1.82
2026-10-05T07:35:50.449000+00:00,,2026-10-05T07:35:50.449000+00:00,,4,Kalu Ganga,Magura,ed03d7a7-8476-4038-9ba6-15f01f4cc674,7.5,6,1524294,0,1.67
2026-10-05T07:35:09.590000+00:00,,2026-10-05T07:35:09.590000+00:00,,15,Kelani Ganga,Glencourse,ac2efa27-e09a-48b7-b79b-6d0f35c80ed1,19,15.5,1524293,0,11.16
2026-10-05T07:34:58.049000+00:00,,2026-10-05T07:34:58.049000+00:00,,1.5,Kelani Ganga,Norwood,10096cbd-129d-47da-aed7-9161ecf23f60,4.5,3,1524292,1,0.88
2026-10-05T07:34:42.758000+00:00,,2026-10-05T07:34:42.758000+00:00,,10,Kalu Ganga,Ellagawa,37a31f26-a189-4235-8eca-ed07f3e9391b,12.2,10.7,1524291,0,6.06
2026-10-05T07:34:33.351000+00:00,,2026-10-05T07:34:33.351000+00:00,,1.4,Nilwala Ganga,Thalgahagoda,5b279cf2-f842-40b5-ae7c-dc5e9059be17,2.8,1.7,1524290,0,0.63
2026-10-05T07:34:09.728000+00:00,,2026-10-05T07:34:09.728000+00:00,,3,Mahaweli Ganga,Thaldena,a9dce125-72a9-458d-8a78-ad0d4527d0b4,5,4,1524289,0,0.25
2026-10-05T07:33:59.662000+00:00,,2026-10-05T07:33:59.662000+00:00,,4.8,Kelani Ganga,Deraniyagala,556a41c9-d9f4-44a5-b19c-9e8fcfc3d6de,7,5.8,1524288,0,0.76
2026-10-05T07:33:35.764000+00:00,,2026-10-05T07:33:35.764000+00:00,,3,Walawe Ganga,Moraketiya,e9d0a9d6-3671-4b36-98a2-5fb7fd5abfc3,7,5,1524287,0,0.89
2026-10-05T07:33:25.584000+00:00,,2026-10-05T07:33:25.584000+00:00,,4,Menik Ganga,Katharagama,aab6de2d-7109-4c34-b0dd-b0a953a25d95,6.5,4.6,1524286,0,-0.26
2026-10-05T07:33:22.738000+00:00,,2026-10-05T07:33:22.738000+00:00,,5,Mahaweli Ganga,Peradeniya,03d58f30-de31-4574-a6ba-1d7f0e74e386,9,7,1524285,0,2.15
2026-10-05T07:33:20.065000+00:00,,2026-10-05T07:33:20.065000+00:00,,3.5,Mahaweli Ganga,Nawalapitiya,5caa993d-936f-4d0b-b188-26f553c62270,6,5,1524284,0,1.37
2026-10-05T07:33:08.001000+00:00,,2026-10-05T07:33:08.001000+00:00,,5.5,Maha Oya,Giriulla,ae840115-a27c-4ae8-8b16-c42b2cd04e88,7.5,6.5,1524283,0,1.7
2026-10-05T07:33:06.148000+00:00,,2026-10-05T07:33:06.148000+00:00,,6.5,Kelani Ganga,Hanwella,4d3f1a7b-fcc5-48f7-aef8-392d52c648dd,9.5,7.5,1524282,0,3.32
2026-10-05T07:32:54.729000+00:00,,2026-10-05T07:32:54.729000+00:00,,5,Malwathu Oya,Thanthirimale,142d2f4e-c4c7-480d-8c3a-d935ab9f53f7,7.8,6.8,1524281,0,0.79
2026-10-05T07:32:34.554000+00:00,,2026-10-05T07:32:34.554000+00:00,,5,Kalu Ganga,Kalawellawa (Millakanda),928f0df2-bc20-4758-8833-f76af8fe7a03,8,6.5,1524280,0,3
2026-10-05T07:32:32.934000+00:00,,2026-10-05T07:32:32.934000+00:00,,5.2,Kalu Ganga,Rathnapura,7d1bfc5d-051f-40c0-b6bb-24461c134561,9.5,7.5,1524279,0,1.6
2026-10-05T07:32:29.509000+00:00,,2026-10-05T07:32:29.509000+00:00,,3.5,Gin Ganga,Baddegama,8f084807-4b6c-4d08-9b4e-a356b39c5ede,5,4,1524278,0,1.64
2026-10-05T07:32:29.259000+00:00,,2026-10-05T07:32:29.259000+00:00,,4,Kirindi Oya,Thanamalwila,cb61b742-3cb9-427b-812a-282f79e69a4e,5.5,5,1524277,0,0.23
2026-10-05T07:32:25.848000+00:00,,2026-10-05T07:32:25.848000+00:00,,3.3,Aththanagalu Oya,Dunamale,c69f0cb2-df28-4f48-9aba-0a7c6be5acbd,5.5,4.4,1524276,0,2.27
2026-10-05T07:32:14.481000+00:00,,2026-10-05T07:32:14.481000+00:00,,4.84,Mee Oya,Galgamuwa,bb5d7bec-b682-4242-bacb-7f979ee3af6b,8,5.94,1524275,0,0.08
2026-10-05T07:32:12.475000+00:00,,2026-10-05T07:32:12.475000+00:00,,3,Mahaweli Ganga,Manampitiya,09445bae-a710-41fb-9cec-5851dbef0619,6,4.3,1524274,0,-0.12
2026-10-05T07:31:51.577000+00:00,,2026-10-05T07:31:51.577000+00:00,,5,Kumbukkan Oya,Nakkala,aa3a3d1e-8d80-41b3-8a3a-2655e976416e,7.5,6,1524273,0,0.74
2026-10-05T07:31:42.606000+00:00,,2026-10-05T07:31:42.606000+00:00,,3,Kalu Ganga,Putupaula,46c2a072-8cdd-42a7-9cf5-17e13823bfde,5,4,1524272,0,0.94
2026-10-05T07:31:36.364000+00:00,,2026-10-05T07:31:36.364000+00:00,,4.4,Kirindi Oya,Wellawaya,20547beb-5916-4f45-8d9c-8493ea383783,5.9,5.4,1524271,0,1.04
2026-10-05T07:31:33.202000+00:00,,2026-10-05T07:31:33.202000+00:00,,4.5,Heda Oya,Siyambalanduwa,6177bf65-35a3-49f6-9601-089620e6b446,7,6,1524270,0,0.31
2026-10-05T07:31:27.942000+00:00,,2026-10-05T07:31:27.942000+00:00,,3,Kelani Ganga,Kithulgala,6d46b7a1-24d8-4477-bba7-74fd5a62e69a,6,4,1524269,0,1.92
2026-10-05T07:31:20.115000+00:00,,2026-10-05T07:31:20.115000+00:00,,4,Ma Oya,Yaka Wewa,9f8aedf9-7735-4db2-91f3-9d2100b3f442,6,5,1524268,0,0.4
2026-10-05T07:31:15.262000+00:00,,2026-10-05T07:31:15.262000+00:00,,5,Mahaweli Ganga,Weraganthota,5088da2c-9d9f-4ce9-bad6-1ebfb8455b59,8,6,1524267,0,-3.4
2026-10-05T07:31:01.619000+00:00,,2026-10-05T07:31:01.619000+00:00,,,Gal Oya,Ampara,8640f04c-132b-4103-9f6a-bd8114ee7255,,,1524266,0,0
2026-10-05T07:30:43.372000+00:00,,2026-10-05T07:30:43.372000+00:00,,6,Yan Oya,Horowpothana,42440e2b-acb4-4b4c-9592-3599dac3d41c,10.5,7.5,1524265,0,1.68
2026-10-05T06:45:48.631000+00:00,,2026-10-05T06:45:48.631000+00:00,,3,Kelani Ganga,Holombuwa,e80b20b7-48a8-461c-beb9-c242d69f8fcd,6,4,1524264,0,0.81
2026-10-05T06:45:00.982000+00:00,,2026-10-05T06:45:00.982000+00:00,,2.5,Nilwala Ganga,Urawa,199413d4-5b21-4b0e-b939-5919930b579f,6,4,1524263,0,0.38
2026-10-05T06:41:32.936000+00:00,,2026-10-05T06:41:32.936000+00:00,,4,Gin Ganga,Thawalama,d942e2b9-550a-48d0-ab25-d647969c402c,7.5,6,1524262,0,1.86
2026-10-05T06:38:06.557000+00:00,,2026-10-05T06:38:06.557000+00:00,,5,Nilwala Ganga,Panadugama,3e3a5a61-3f31-4033-a84e-6b166ac9594b,7.5,6,1524261,0,3.6
2026-10-05T06:37:20.189000+00:00,,2026-10-05T06:37:20.189000+00:00,,3.5,Gin Ganga,Baddegama,51b0a479-4d33-4ae3-a020-1ea3b9bc416c,5,4,1524260,0,1.65
2026-10-05T06:36:53.694000+00:00,,2026-10-05T06:36:53.694000+00:00,,15,Kelani Ganga,Glencourse,0c35fbdb-7938-4a94-a51a-1f3adb9ff36b,19,15.5,1524259,0,11.24
2026-10-05T06:36:45.740000+00:00,,2026-10-05T06:36:45.740000+00:00,,2.5,Nilwala Ganga,Urawa,cbbd3d5a-e797-495e-a87c-73f81bf76b1d,6,4,1524258,0,0.38
2026-10-05T06:36:43.490000+00:00,,2026-10-05T06:36:43.490000+00:00,,3,Mahaweli Ganga,Thaldena,898a412b-67e8-476d-8f1e-e46edf845358,5,4,1524257,0,0.22
2026-10-05T06:36:16.396000+00:00,,2026-10-05T06:36:16.396000+00:00,,4,Kirindi Oya,Thanamalwila,acf0beb3-3bc0-48a4-b15c-1a5988a2db09,5.5,5,1524256,0,0.24
2026-10-05T06:35:52.951000+00:00,,2026-10-05T06:35:52.951000+00:00,,4,Kalu Ganga,Magura,80b06130-af62-4a43-999e-97ed764c9d0d,7.5,6,1524255,0,1.71
2026-10-05T06:35:11.026000+00:00,,2026-10-05T06:35:11.026000+00:00,,5,Kalu Ganga,Kalawellawa (Millakanda),7e9b69df-a09b-4cb4-99ff-69cb2bf3349b,8,6.5,1524254,0,3.09
2026-10-05T06:35:00.553000+00:00,,2026-10-05T06:35:00.553000+00:00,,4,Kelani Ganga,Nagalagam Street,bccdb06e-2a6c-4e05-8ec2-0094b6030341,7,5,1524253,,2.3
2026-10-05T06:34:40.642000+00:00,,2026-10-05T06:34:40.642000+00:00,,5,Mahaweli Ganga,Peradeniya,14fb6b13-5053-4ade-adf2-3d8f1b544ea7,9,7,1524252,0,2.3
2026-10-05T06:34:30.585000+00:00,,2026-10-05T06:34:30.585000+00:00,,5.2,Kalu Ganga,Rathnapura,ee6ae1a3-1778-4549-bc6e-e80a73db71a5,9.5,7.5,1524251,0,1.67
2026-10-05T06:34:21.716000+00:00,,2026-10-05T06:34:21.716000+00:00,,5,Maha Oya,Badalgama,a85e3eec-da8d-4b19-a08d-4917172f9649,9.6,6.2,1524250,0,3.07
2026-10-05T06:34:19.052000+00:00,,2026-10-05T06:34:19.052000+00:00,,3,Kalu Ganga,Putupaula,33f9248c-f6cd-4633-848d-0d4238115dac,5,4,1524248,0,0.95
2026-10-05T06:34:19.041000+00:00,,2026-10-05T06:34:19.041000+00:00,,1.5,Kelani Ganga,Norwood,16c96f41-c613-4552-8169-901913600001,4.5,3,1524249,0,0.88
2026-10-05T06:34:09.253000+00:00,,2026-10-05T06:34:09.253000+00:00,,4.84,Mee Oya,Galgamuwa,ae0b505e-edb4-4a0d-a5c6-48391709be44,8,5.94,1524247,0,0.07
2026-10-05T06:34:02.410000+00:00,,2026-10-05T06:34:02.410000+00:00,,4,Maduru Oya,Padiyathalawa,0e91569a-a886-464c-b068-9324d5ce3d0c,6,4.5,1524246,0,0.1
2026-10-05T06:33:48.605000+00:00,,2026-10-05T06:33:48.605000+00:00,,4.4,Kirindi Oya,Wellawaya,6a03c3fd-e692-4d22-96c5-5ea75fbb82ba,5.9,5.4,1524245,0,1.06
2026-10-05T06:33:31.082000+00:00,,2026-10-05T06:33:31.082000+00:00,,5.5,Maha Oya,Giriulla,de88d764-3e61-4666-bfd8-30101ca83b76,7.5,6.5,1524244,0,1.75
2026-10-05T06:33:27.610000+00:00,,2026-10-05T06:33:27.610000+00:00,,1.4,Nilwala Ganga,Thalgahagoda,1935b481-facf-4ccb-a68b-45b7ce0bd2e4,2.8,1.7,1524243,0,0.65
2026-10-05T06:33:20.307000+00:00,,2026-10-05T06:33:20.307000+00:00,,10,Kalu Ganga,Ellagawa,ecce754b-6f5b-4287-ac40-46199f001ea5,12.2,10.7,1524242,0,6.1
2026-10-05T06:33:14.880000+00:00,,2026-10-05T06:33:14.880000+00:00,,4,Menik Ganga,Katharagama,63be1cea-dd16-4816-b7fb-0e4ac2e6ff34,6.5,4.6,1524241,0,-0.26
2026-10-05T06:33:11.677000+00:00,,2026-10-05T06:33:11.677000+00:00,,3.5,Mahaweli Ganga,Nawalapitiya,cd102beb-a5ce-49c5-9d51-fa73823970a2,6,5,1524240,0,1.38
2026-10-05T06:32:53.622000+00:00,,2026-10-05T06:32:53.622000+00:00,,3,Mahaweli Ganga,Manampitiya,2d064b37-1de9-4c58-89c2-a6c71ece419c,6,4.3,1524239,0,-0.1
2026-10-05T06:32:53.343000+00:00,,2026-10-05T06:32:53.343000+00:00,,3,Walawe Ganga,Moraketiya,f6201e49-b51e-436e-b703-2ac49330a916,7,5,1524238,0,0.9
2026-10-05T06:32:44.120000+00:00,,2026-10-05T06:32:44.120000+00:00,,4.8,Kelani Ganga,Deraniyagala,41b85810-3d84-41b2-ac72-d818800642fb,7,5.8,1524237,0,0.78
2026-10-05T06:32:32.387000+00:00,,2026-10-05T06:32:32.387000+00:00,,4.75,Deduru Oya,Moragaswewa,94154161-25bf-4355-9ddd-d89ba221cff8,7,6,1524236,0,-0.04
2026-10-05T06:32:30.855000+00:00,,2026-10-05T06:32:30.855000+00:00,,4,Nilwala Ganga,Pitabeddara,b8b218a9-3d03-42a6-92ae-0684d76faeca,6.5,5,1524235,0,1
2026-10-05T06:32:17.937000+00:00,,2026-10-05T06:32:17.937000+00:00,,6.5,Kelani Ganga,Hanwella,6ac39cf8-83b5-4e15-9513-f99d80fd5a06,9.5,7.5,1524234,0,3.42
2026-10-05T06:31:58.546000+00:00,,2026-10-05T06:31:58.546000+00:00,,3.3,Aththanagalu Oya,Dunamale,c1a74591-fda2-433e-b0d0-f384011c85cf,5.5,4.4,1524233,0,2.35
2026-10-05T06:31:39.799000+00:00,,2026-10-05T06:31:39.799000+00:00,,4.5,Heda Oya,Siyambalanduwa,1f77120a-43d2-4db2-ada9-e2e5bf356a3d,7,6,1524232,0,0.31
2026-10-05T06:31:36.002000+00:00,,2026-10-05T06:31:36.002000+00:00,,3,Kelani Ganga,Kithulgala,002341ba-6275-4342-a2f3-f4f197896683,6,4,1524231,0,1.93
2026-10-05T06:31:33.767000+00:00,,2026-10-05T06:31:33.767000+00:00,,5,Mahaweli Ganga,Weraganthota,f62b83bc-dfdb-472c-b818-18a1eb5550f2,8,6,1524230,0,-3.4
2026-10-05T06:31:33.629000+00:00,,2026-10-05T06:31:33.629000+00:00,,5,Kumbukkan Oya,Nakkala,61776650-6bdb-435d-b6e8-39437a7ed6ba,7.5,6,1524229,0,0.76
2026-10-05T06:31:16.128000+00:00,,2026-10-05T06:31:16.128000+00:00,,4,Ma Oya,Yaka Wewa,b47742b1-8004-42fb-b898-b70caf6185f6,6,5,1524228,0,0.4
2026-10-05T06:31:15.965000+00:00,,2026-10-05T06:31:15.965000+00:00,,6,Yan Oya,Horowpothana,9be193e9-7053-4af0-957c-b145877450b8,10.5,7.5,1524227,0,1.69
2026-10-05T06:31:09.881000+00:00,,2026-10-05T06:31:09.881000+00:00,,6.9,Kirindi Oya,Kuda Oya,45426891-2fac-45e5-8a41-9919584ecd6c,8.8,8.4,1524226,0,1.1
2026-10-05T06:30:54.291000+00:00,,2026-10-05T06:30:54.291000+00:00,,,Gal Oya,Ampara,50009869-3d64-4da5-ad0b-8a6577ade8c1,,,1524225,0,0
2026-10-05T06:30:34.593000+00:00,,2026-10-05T06:30:34.593000+00:00,,5,Malwathu Oya,Thanthirimale,06751963-d9f6-4e86-995c-793b90695fa7,7.8,6.8,1524224,0,0.79
2026-10-05T06:10:51.471000+00:00,,2026-10-05T06:10:51.471000+00:00,,5,Nilwala Ganga,Panadugama,0d773bd2-3cde-4205-8db9-537b5b0a6c95,7.5,6,1524223,0,3.64
2026-10-05T05:46:28.528000+00:00,,2026-10-05T05:46:28.528000+00:00,,4.75,Deduru Oya,Moragaswewa,e1bd9732-0a01-469a-ab75-afff0393a759,7,6,1524222,0,-0.04
2026-10-05T05:42:56.799000+00:00,,2026-10-05T05:42:56.799000+00:00,,5.2,Kalu Ganga,Rathnapura,14159a9d-b7ff-4af1-98d4-3fc47a9086e2,9.5,7.5,1524221,0,1.73
2026-10-05T05:40:57.183000+00:00,,2026-10-05T05:40:57.183000+00:00,,3,Walawe Ganga,Moraketiya,ab6073a7-b938-40c6-9fc7-3f294ec8d607,7,5,1524220,0,0.94
2026-10-05T05:40:49.049000+00:00,,2026-10-05T05:40:49.049000+00:00,,4,Nilwala Ganga,Pitabeddara,8f6f6ac3-bafa-4b3b-ba0c-5fd20f0cc9de,6.5,5,1524219,0,1
2026-10-05T05:38:22.102000+00:00,,2026-10-05T05:38:22.102000+00:00,,3,Kelani Ganga,Holombuwa,2c0c647f-82ba-4d20-a4e1-cf4b18b51340,6,4,1524218,0,0.85
2026-10-05T05:36:45.252000+00:00,,2026-10-05T05:36:45.252000+00:00,,3,Mahaweli Ganga,Manampitiya,abe160bb-c757-4ad3-b577-e62373daa473,6,4.3,1524217,0,-0.1
2026-10-05T05:36:37.737000+00:00,,2026-10-05T05:36:37.737000+00:00,,3.5,Gin Ganga,Baddegama,4395e8dc-3f72-4622-bbe9-a31987a1461d,5,4,1524216,0,1.66
2026-10-05T05:36:27.966000+00:00,,2026-10-05T05:36:27.966000+00:00,,4,Kalu Ganga,Magura,aba3586d-485e-4578-ac93-e2c9e82ce954,7.5,6,1524215,0,1.75
2026-10-05T05:36:25.234000+00:00,,2026-10-05T05:36:25.234000+00:00,,15,Kelani Ganga,Glencourse,96254093-3771-477d-8b54-607e95736eda,19,15.5,1524214,0,11.33
2026-10-05T05:36:00.279000+00:00,,2026-10-05T05:36:00.279000+00:00,,6.5,Kelani Ganga,Hanwella,c1d459ab-f1fe-4c17-85a6-b110a95039b6,9.5,7.5,1524213,0,3.51
2026-10-05T05:35:47.195000+00:00,,2026-10-05T05:35:47.195000+00:00,,4.84,Mee Oya,Galgamuwa,3ccec803-ebe9-4a07-ab06-1b2e516c6f12,8,5.94,1524212,0,0.05
2026-10-05T05:35:14.437000+00:00,,2026-10-05T05:35:14.437000+00:00,,6,Yan Oya,Horowpothana,a34e9d95-a414-4846-8663-6ae24ecc6d20,10.5,7.5,1524211,0,1.69
2026-10-05T05:34:58.063000+00:00,,2026-10-05T05:34:58.063000+00:00,,4,Kelani Ganga,Nagalagam Street,b354cf98-f3c2-4177-9d92-ae039e44bfb4,7,5,1524210,,2.4
2026-10-05T05:34:38.054000+00:00,,2026-10-05T05:34:38.054000+00:00,,10,Kalu Ganga,Ellagawa,0c27ac47-df3b-43b8-8f06-5b30823c2db3,12.2,10.7,1524209,0,6.16
2026-10-05T05:34:20.030000+00:00,,2026-10-05T05:34:20.030000+00:00,,2.5,Nilwala Ganga,Urawa,e4f2766f-3293-4b0b-b166-d1cf019f7577,6,4,1524208,0,0.39
2026-10-05T05:33:37.672000+00:00,,2026-10-05T05:33:37.672000+00:00,,5,Maha Oya,Badalgama,120404e4-7b26-4014-94cb-6fd736cc8439,9.6,6.2,1524207,0,3.12
2026-10-05T05:33:35.263000+00:00,,2026-10-05T05:33:35.263000+00:00,,4.8,Kelani Ganga,Deraniyagala,bc4d5646-512d-485d-b589-7fe1605182f5,7,5.8,1524206,0,0.78
2026-10-05T05:33:04.812000+00:00,,2026-10-05T05:33:04.812000+00:00,,5,Mahaweli Ganga,Peradeniya,cf3e6f04-8f83-4b24-ae8c-6f672c7f3d34,9,7,1524205,0,2.56
2026-10-05T05:33:00.424000+00:00,,2026-10-05T05:33:00.424000+00:00,,1.4,Nilwala Ganga,Thalgahagoda,a934a33a-ec9d-4e23-9975-dfb3757d6f5e,2.8,1.7,1524204,0,0.72
2026-10-05T05:32:59.125000+00:00,,2026-10-05T05:32:59.125000+00:00,,3,Kalu Ganga,Putupaula,5bbe6c1e-68db-400a-afc3-18caa5b27fd3,5,4,1524203,0,0.94
2026-10-05T05:32:57.213000+00:00,,2026-10-05T05:32:57.213000+00:00,,1.5,Kelani Ganga,Norwood,bce826ce-e256-418a-a39b-4e0a9d5a2827,4.5,3,1524202,0,0.89
2026-10-05T05:32:52.103000+00:00,,2026-10-05T05:32:52.103000+00:00,,4,Menik Ganga,Katharagama,0c4c1739-c7e5-45e9-9b26-ce80ea7510a4,6.5,4.6,1524201,0,-0.26
2026-10-05T05:32:50.650000+00:00,,2026-10-05T05:32:50.650000+00:00,,4,Gin Ganga,Thawalama,332b6353-c66e-4a34-9949-24de22a543bf,7.5,6,1524200,0,1.91
2026-10-05T05:32:47.834000+00:00,,2026-10-05T05:32:47.834000+00:00,,3,Mahaweli Ganga,Thaldena,e82ab085-995e-4423-8040-b04313566fde,5,4,1524199,0,0.27
2026-10-05T05:32:27.630000+00:00,,2026-10-05T05:32:27.630000+00:00,,3.5,Mahaweli Ganga,Nawalapitiya,41242f50-4e13-45cd-abbc-eb6f8615430d,6,5,1524198,0,1.39
2026-10-05T05:32:25.605000+00:00,,2026-10-05T05:32:25.605000+00:00,,5,Mahaweli Ganga,Weraganthota,dc427cbc-89c4-455f-bcd9-167e4f529801,8,6,1524197,0,-3.39
2026-10-05T05:32:23.337000+00:00,,2026-10-05T05:32:23.337000+00:00,,5,Kumbukkan Oya,Nakkala,8c773da8-837f-47e9-9e54-a4ecd5f811b1,7.5,6,1524196,0,0.76
2026-10-05T05:32:16.233000+00:00,,2026-10-05T05:32:16.233000+00:00,,5,Kalu Ganga,Kalawellawa (Millakanda),dfce551d-0d6a-4506-aa7e-d24cfde89e7c,8,6.5,1524195,0,3.18
2026-10-05T05:32:12.838000+00:00,,2026-10-05T05:32:12.838000+00:00,,4,Kirindi Oya,Thanamalwila,57487489-7d40-4f09-baf8-896897d977f2,5.5,5,1524194,0,0.25
2026-10-05T05:32:09.305000+00:00,,2026-10-05T05:32:09.305000+00:00,,5.5,Maha Oya,Giriulla,77bdb136-c724-40c9-98ef-8b3a7504fc84,7.5,6.5,1524193,0,1.8
2026-10-05T05:31:42.867000+00:00,,2026-10-05T05:31:42.867000+00:00,,4.5,Heda Oya,Siyambalanduwa,c97613ab-429e-4817-b1fe-fe0c6c1d5ad4,7,6,1524192,0,0.32
2026-10-05T05:31:36.558000+00:00,,2026-10-05T05:31:36.558000+00:00,,4,Ma Oya,Yaka Wewa,0490dc0c-f339-459f-8ea6-2861bf40855e,6,5,1524191,0,0.4
2026-10-05T05:31:30.958000+00:00,,2026-10-05T05:31:30.958000+00:00,,3.3,Aththanagalu Oya,Dunamale,c0a2655f-5823-4acd-84ce-7bde491eb6ac,5.5,4.4,1524190,0,2.45
2026-10-05T05:31:30.726000+00:00,,2026-10-05T05:31:30.726000+00:00,,6.9,Kirindi Oya,Kuda Oya,51bfdebb-5be8-481a-b510-e0a4d3795df9,8.8,8.4,1524189,0,1.1
2026-10-05T05:31:14.461000+00:00,,2026-10-05T05:31:14.461000+00:00,,3,Kelani Ganga,Kithulgala,2e1a1699-c45b-49eb-884f-7a2e62314018,6,4,1524188,0,1.95
2026-10-05T05:31:00.974000+00:00,,2026-10-05T05:31:00.974000+00:00,,5,Malwathu Oya,Thanthirimale,47a87bea-841b-4c7d-ba44-34656f9e7391,7.8,6.8,1524187,0,0.79
2026-10-05T05:30:52.244000+00:00,,2026-10-05T05:30:52.244000+00:00,,4.4,Kirindi Oya,Wellawaya,7102ce92-b6ef-4dbf-8b0c-8d4cb18396ed,5.9,5.4,1524186,0,1.07
2026-10-05T05:30:48.315000+00:00,,2026-10-05T05:30:48.315000+00:00,,4,Maduru Oya,Padiyathalawa,366ef29b-d6a9-444e-bc06-abf4d6ce2343,6,4.5,1524185,0,0.1
2026-10-05T05:30:44.743000+00:00,,2026-10-05T05:30:44.743000+00:00,,,Gal Oya,Ampara,960d3892-621b-4894-a337-aa8125e934ca,,,1524184,0,0
2026-10-05T04:57:20.888000+00:00,,2026-10-05T04:57:20.888000+00:00,,6.9,Kirindi Oya,Kuda Oya,db92c2de-f0f7-44d2-b3bd-bfe06425a268,8.8,8.4,1524183,0,1.11
2026-10-05T04:51:59.001000+00:00,,2026-10-05T04:51:59.001000+00:00,,5,Nilwala Ganga,Panadugama,8322bee1-1f85-481c-9d98-669bc3072693,7.5,6,1524182,0,3.66
2026-10-05T04:43:11.003000+00:00,,2026-10-05T04:43:11.003000+00:00,,,Gal Oya,Ampara,4b49869d-8651-436c-b371-4998928609f9,,,1524181,0,0
2026-10-05T04:42:50.840000+00:00,,2026-10-05T04:42:50.840000+00:00,,1.4,Nilwala Ganga,Thalgahagoda,a88c4624-b746-47bf-9b96-218417515c01,2.8,1.7,1524180,0,0.75
2026-10-05T04:42:31.856000+00:00,,2026-10-05T04:42:31.856000+00:00,,2.5,Nilwala Ganga,Urawa,1171f4fd-c7b6-4725-8ff7-a79841d08a24,6,4,1524179,0,0.4
2026-10-05T04:40:13.330000+00:00,,2026-10-05T04:40:13.330000+00:00,,5,Nilwala Ganga,Panadugama,7ad3f50b-93bb-4d73-90cb-87d960623466,7.5,6,1524178,0,3.66
2026-10-05T04:39:37.312000+00:00,,2026-10-05T04:39:37.312000+00:00,,3.5,Gin Ganga,Baddegama,c8e68a00-c620-406c-81fa-1d2c7ad3fb0c,5,4,1524177,0,1.68
2026-10-05T04:39:27.820000+00:00,,2026-10-05T04:39:27.820000+00:00,,5.2,Kalu Ganga,Rathnapura,1f13dc85-f6d0-4aac-a263-0e2e9941c85e,9.5,7.5,1524176,0,1.78
2026-10-05T04:38:43.069000+00:00,,2026-10-05T04:38:43.069000+00:00,,3,Mahaweli Ganga,Manampitiya,74cfc138-0f35-4dc7-8460-2744d35fdabb,6,4.3,1524175,0,-0.08
2026-10-05T04:38:40.020000+00:00,,2026-10-05T04:38:40.020000+00:00,,4,Maduru Oya,Padiyathalawa,292abf6d-eb53-4f2d-be38-1e40798a9f3b,6,4.5,1524174,0,0.1
2026-10-05T04:38:15.220000+00:00,,2026-10-05T04:38:15.220000+00:00,,4,Gin Ganga,Thawalama,cfaa2abf-59c3-4420-a807-f1679971e9ce,7.5,6,1524173,0,1.96
2026-10-05T04:38:09.272000+00:00,,2026-10-05T04:38:09.272000+00:00,,3,Kelani Ganga,Holombuwa,811e1a57-31be-47ef-bbbd-6217934be258,6,4,1524172,0,0.88
2026-10-05T04:37:27.847000+00:00,,2026-10-05T04:37:27.847000+00:00,,4,Kalu Ganga,Magura,5531a5f4-bebc-4c46-aed7-5eca9780635a,7.5,6,1524171,0,1.77
2026-10-05T04:37:09.254000+00:00,,2026-10-05T04:37:09.254000+00:00,,3.3,Aththanagalu Oya,Dunamale,b96a8030-e833-45a1-861d-8774905cb3fb,5.5,4.4,1524170,0,2.53
2026-10-05T04:35:29.136000+00:00,,2026-10-05T04:35:29.136000+00:00,,4,Menik Ganga,Katharagama,9871699d-8b8f-48f9-ba5c-6d7023e58d93,6.5,4.6,1524169,0,-0.26
2026-10-05T04:35:27.202000+00:00,,2026-10-05T04:35:27.202000+00:00,,3,Mahaweli Ganga,Thaldena,6abfcb7e-af90-428c-9472-503b5315d496,5,4,1524168,0,0.3
2026-10-05T04:35:20.046000+00:00,,2026-10-05T04:35:20.046000+00:00,,4,Kelani Ganga,Nagalagam Street,9979a6f3-3d55-4c6e-896e-a1411ca463a1,7,5,1524167,,2.4
2026-10-05T04:35:19.162000+00:00,,2026-10-05T04:35:19.162000+00:00,,15,Kelani Ganga,Glencourse,ad5acd8f-b419-421a-b6e1-063cb032bb59,19,15.5,1524166,0,11.41
2026-10-05T04:35:09.645000+00:00,,2026-10-05T04:35:09.645000+00:00,,1.5,Kelani Ganga,Norwood,6310b58e-46f9-4ce7-a389-e02490e725cf,4.5,3,1524165,0,0.9
2026-10-05T04:34:48.531000+00:00,,2026-10-05T04:34:48.531000+00:00,,4,Nilwala Ganga,Pitabeddara,7a92b7b9-8230-44f2-a150-4e9b3400fe03,6.5,5,1524164,0,1.02
2026-10-05T04:34:37.906000+00:00,,2026-10-05T04:34:37.906000+00:00,,5,Maha Oya,Badalgama,407d7f1a-a8bb-4eb9-9e65-8fa1ef3c4837,9.6,6.2,1524163,0,3.12
2026-10-05T04:34:24.668000+00:00,,2026-10-05T04:34:24.668000+00:00,,3,Kalu Ganga,Putupaula,c68f1c3b-9c31-4bf0-8332-f9d3c211ab30,5,4,1524162,0,0.93
2026-10-05T04:34:16.976000+00:00,,2026-10-05T04:34:16.976000+00:00,,5,Kalu Ganga,Kalawellawa (Millakanda),a7f42d54-3b43-4f3b-98e5-018da4f053d9,8,6.5,1524161,0,3.24
2026-10-05T04:33:44.860000+00:00,,2026-10-05T04:33:44.860000+00:00,,10,Kalu Ganga,Ellagawa,f504cf24-fe93-4bb4-abdb-bac25bf638ef,12.2,10.7,1524160,0,6.2
2026-10-05T04:33:26.626000+00:00,,2026-10-05T04:33:26.626000+00:00,,5,Mahaweli Ganga,Peradeniya,b91d87e5-2b01-4eee-b585-a63eb03d1ade,9,7,1524159,0,2.9
2026-10-05T04:33:13.037000+00:00,,2026-10-05T04:33:13.037000+00:00,,3,Walawe Ganga,Moraketiya,d0d14ba0-e207-4413-afac-ce6abbc96aaf,7,5,1524158,0,0.95
2026-10-05T04:32:38.302000+00:00,,2026-10-05T04:32:38.302000+00:00,,6,Yan Oya,Horowpothana,1287a382-a38c-4585-923c-befaa8082681,10.5,7.5,1524157,0,1.69
2026-10-05T04:32:33.251000+00:00,,2026-10-05T04:32:33.251000+00:00,,4.4,Kirindi Oya,Wellawaya,0e14bf13-8912-433a-a548-04893b90c7bd,5.9,5.4,1524156,0,1.08
2026-10-05T04:32:27.570000+00:00,,2026-10-05T04:32:27.570000+00:00,,5,Mahaweli Ganga,Weraganthota,bd41134a-d219-409c-bfb9-308f5b724647,8,6,1524155,0,-3.38
2026-10-05T04:32:23.781000+00:00,,2026-10-05T04:32:23.781000+00:00,,5.5,Maha Oya,Giriulla,fdedc280-b6b8-4ab1-a953-3debc3edb63e,7.5,6.5,1524154,0,1.86
2026-10-05T04:32:21.787000+00:00,,2026-10-05T04:32:21.787000+00:00,,4.8,Kelani Ganga,Deraniyagala,567c598c-6068-422e-8a99-f640ecc51f16,7,5.8,1524153,0,0.8
2026-10-05T04:32:12.662000+00:00,,2026-10-05T04:32:12.662000+00:00,,6.5,Kelani Ganga,Hanwella,d22d69d8-5ebb-483e-87aa-a9929ad5faac,9.5,7.5,1524152,0,3.63
2026-10-05T04:31:49.075000+00:00,,2026-10-05T04:31:49.075000+00:00,,5,Malwathu Oya,Thanthirimale,381ae01e-fe8a-44ed-8f44-14ebc81a01e0,7.8,6.8,1524151,0,0.78
2026-10-05T04:31:31.839000+00:00,,2026-10-05T04:31:31.839000+00:00,,4,Ma Oya,Yaka Wewa,304cbccd-e107-4e47-93f0-7815b2febf73,6,5,1524150,0,0.4
2026-10-05T04:31:28.790000+00:00,,2026-10-05T04:31:28.790000+00:00,,4.84,Mee Oya,Galgamuwa,bb6bef11-c48e-40f4-b7e6-29a35a2ec95b,8,5.94,1524149,0,0.03
2026-10-05T04:31:23.161000+00:00,,2026-10-05T04:31:23.161000+00:00,,5,Kumbukkan Oya,Nakkala,f4f6205f-fa57-44f5-b515-64ef7dfea613,7.5,6,1524148,0,0.79
2026-10-05T04:31:20.057000+00:00,,2026-10-05T04:31:20.057000+00:00,,3.5,Mahaweli Ganga,Nawalapitiya,45aa9875-8a7f-4cf5-a22b-3f19981343ce,6,5,1524147,0,1.4
2026-10-05T04:31:16.118000+00:00,,2026-10-05T04:31:16.118000+00:00,,4.75,Deduru Oya,Moragaswewa,a7d1e949-e1e9-4f50-a2e0-ce6e191a1ba2,7,6,1524146,0,-0.03
2026-10-05T04:31:12.686000+00:00,,2026-10-05T04:31:12.686000+00:00,,4,Kirindi Oya,Thanamalwila,973a4ca3-fa7f-46d2-9b88-ba01df12119d,5.5,5,1524145,0,0.27
2026-10-05T04:31:12.308000+00:00,,2026-10-05T04:31:12.308000+00:00,,3,Kelani Ganga,Kithulgala,c45679e1-888a-4972-b490-a83318aa37e5,6,4,1524144,0,2.1
2026-10-05T04:30:51.781000+00:00,,2026-10-05T04:30:51.781000+00:00,,4.5,Heda Oya,Siyambalanduwa,2faa73f2-e9af-429d-9185-be26c1ec49cd,7,6,1524143,0,0.32
2026-10-05T03:37:50.120000+00:00,,2026-10-05T03:37:50.120000+00:00,,5,Maha Oya,Badalgama,e58ac037-398e-479d-b8fb-10cb0fb16f70,9.6,6.2,1524142,0,3.11
2026-10-05T03:37:25.123000+00:00,,2026-10-05T03:37:25.123000+00:00,,2.5,Nilwala Ganga,Urawa,b0dc185a-1c46-4caf-b7d5-dae44fc1ae7c,6,4,1524141,0,0.41
2026-10-05T03:37:19.082000+00:00,,2026-10-05T03:37:19.082000+00:00,,4,Kirindi Oya,Thanamalwila,e190013a-3d49-4fe5-9f2d-a973a3cdb1ce,5.5,5,1524140,0,0.32
2026-10-05T03:37:01.766000+00:00,,2026-10-05T03:37:01.766000+00:00,,3.5,Gin Ganga,Baddegama,4b62db8b-2fd2-47f3-b21a-3999f5ed3bbf,5,4,1524139,0,1.7
2026-10-05T03:36:48.167000+00:00,,2026-10-05T03:36:48.167000+00:00,,4,Kalu Ganga,Magura,2ecae2b3-121f-4c84-91ad-2c50e739ab87,7.5,6,1524138,0,1.79
2026-10-05T03:36:26.424000+00:00,,2026-10-05T03:36:26.424000+00:00,,3,Kelani Ganga,Holombuwa,120dc913-5b89-47c4-a77f-330b824139b9,6,4,1524137,0,0.92
2026-10-05T03:36:25.365000+00:00,,2026-10-05T03:36:25.365000+00:00,,4,Nilwala Ganga,Pitabeddara,a10e6b5d-300c-4388-853a-0a8eb7a7e930,6.5,5,1524136,0,0.99
2026-10-05T03:36:07.737000+00:00,,2026-10-05T03:36:07.737000+00:00,,3,Mahaweli Ganga,Thaldena,3dc5c5d0-f9bb-4708-98ca-85e091cdee92,5,4,1524135,0,0.26
2026-10-05T03:35:56.878000+00:00,,2026-10-05T03:35:56.878000+00:00,,5,Kumbukkan Oya,Nakkala,82ddb594-8dc7-4248-ab18-aa99d53ae210,7.5,6,1524134,0,0.82
2026-10-05T03:34:54.380000+00:00,,2026-10-05T03:34:54.380000+00:00,,4,Menik Ganga,Katharagama,0f9c0709-eb4e-4bf8-bb9d-8973ae648f73,6.5,4.6,1524133,0,-0.26
2026-10-05T03:34:52.007000+00:00,,2026-10-05T03:34:52.007000+00:00,,5.2,Kalu Ganga,Rathnapura,d5ee10f0-a231-4d37-95c3-f6820dc7e483,9.5,7.5,1524132,0,1.83
2026-10-05T03:34:39.198000+00:00,,2026-10-05T03:34:39.198000+00:00,,3,Kelani Ganga,Kithulgala,95227be9-2c02-4da8-a8d9-cfd2a770fb49,6,4,1524131,0,2.03
2026-10-05T03:34:34.267000+00:00,,2026-10-05T03:34:34.267000+00:00,,4,Gin Ganga,Thawalama,3061a659-2170-4b3c-93b7-ebeb19dfd876,7.5,6,1524130,0,1.97
2026-10-05T03:34:33.230000+00:00,,2026-10-05T03:34:33.230000+00:00,,4.5,Heda Oya,Siyambalanduwa,119d435a-c5cd-4d8f-86f3-1032a08084f1,7,6,1524129,0,0.32
2026-10-05T03:34:24.822000+00:00,,2026-10-05T03:34:24.822000+00:00,,3,Walawe Ganga,Moraketiya,2f363477-8350-4117-bd85-038227bb51a6,7,5,1524128,0,0.96
2026-10-05T03:34:11.577000+00:00,,2026-10-05T03:34:11.577000+00:00,,4,Kelani Ganga,Nagalagam Street,f4c3d0b0-fb51-4295-8048-7d8eeaadbf6e,7,5,1524127,0,2.3
2026-10-05T03:34:08.348000+00:00,,2026-10-05T03:34:08.348000+00:00,,5,Mahaweli Ganga,Peradeniya,ae0ee608-e65a-4f00-b4c0-78d22729ac27,9,7,1524126,0,3.22
2026-10-05T03:34:07.485000+00:00,,2026-10-05T03:34:07.485000+00:00,,5,Kalu Ganga,Kalawellawa (Millakanda),90cf288f-7595-48b6-8825-0c173e1d0c2a,8,6.5,1524125,0,3.27
2026-10-05T03:33:42.565000+00:00,,2026-10-05T03:33:42.565000+00:00,,3,Kalu Ganga,Putupaula,27afdc5a-ffe2-4b25-9049-21737df3f0e7,5,4,1524124,0,0.91
2026-10-05T03:33:34.176000+00:00,,2026-10-05T03:33:34.176000+00:00,,1.5,Kelani Ganga,Norwood,981dc82e-fe8c-406c-824d-30163de922f3,4.5,3,1524123,0,0.9
2026-10-05T03:33:24.053000+00:00,,2026-10-05T03:33:24.053000+00:00,,1.4,Nilwala Ganga,Thalgahagoda,d929e54e-687e-4181-ae6a-c77808995f89,2.8,1.7,1524122,0,0.75
2026-10-05T03:33:20.810000+00:00,,2026-10-05T03:33:20.810000+00:00,,15,Kelani Ganga,Glencourse,ebd69066-4bf7-4850-a989-c8e0f926bc6b,19,15.5,1524121,0,11.51
2026-10-05T03:33:20.387000+00:00,,2026-10-05T03:33:20.387000+00:00,,6.5,Kelani Ganga,Hanwella,0d80a070-8fc3-44f7-896e-b45aa2fef739,9.5,7.5,1524120,0,3.74
2026-10-05T03:33:03.800000+00:00,,2026-10-05T03:33:03.800000+00:00,,10,Kalu Ganga,Ellagawa,a7ca7ff4-d7f3-4785-8b53-6dc98d2eae79,12.2,10.7,1524119,0,6.21
2026-10-05T03:33:01.619000+00:00,,2026-10-05T03:33:01.619000+00:00,,4,Maduru Oya,Padiyathalawa,4beb1feb-e0db-43a7-9718-57ef3ef3f432,6,4.5,1524118,0,0.1
2026-10-05T03:32:46.895000+00:00,,2026-10-05T03:32:46.895000+00:00,,5.5,Maha Oya,Giriulla,6c17b95c-7043-405c-88d6-e6d8f02c7c67,7.5,6.5,1524117,0,1.91
2026-10-05T03:32:41.277000+00:00,,2026-10-05T03:32:41.277000+00:00,,4.84,Mee Oya,Galgamuwa,e1af68a6-f7e9-4a6e-8a73-dc9e9c8f2597,8,5.94,1524116,0,0.03
2026-10-05T03:32:30.840000+00:00,,2026-10-05T03:32:30.840000+00:00,,6,Yan Oya,Horowpothana,53bf6656-1e2e-4995-b2b4-9aa9b220f42f,10.5,7.5,1524115,0,1.96
2026-10-05T03:32:23.926000+00:00,,2026-10-05T03:32:23.926000+00:00,,4.75,Deduru Oya,Moragaswewa,8bf5e31f-669c-45af-bf98-493e4c654144,7,6,1524114,0,-0.03
2026-10-05T03:32:22.881000+00:00,,2026-10-05T03:32:22.881000+00:00,,6.9,Kirindi Oya,Kuda Oya,b8df17c6-37ec-4142-9713-9928a73dcbfc,8.8,8.4,1524113,0,1.11
2026-10-05T03:32:16.730000+00:00,,2026-10-05T03:32:16.730000+00:00,,3,Mahaweli Ganga,Manampitiya,b0f97a3d-3321-4038-b9cb-a4c0833e49ca,6,4.3,1524112,0,-0.04
2026-10-05T03:32:16.554000+00:00,,2026-10-05T03:32:16.554000+00:00,,4.4,Kirindi Oya,Wellawaya,7d2a49be-02a9-4256-87a3-b2f158516726,5.9,5.4,1524111,0,1.05
2026-10-05T03:32:04.051000+00:00,,2026-10-05T03:32:04.051000+00:00,,4.8,Kelani Ganga,Deraniyagala,3c392f31-8bb8-49d6-ac54-5a5880711277,7,5.8,1524110,0,0.79
2026-10-05T03:31:54.339000+00:00,,2026-10-05T03:31:54.339000+00:00,,5,Mahaweli Ganga,Weraganthota,70520a23-2daf-4f79-8e29-c2ed0986cc9f,8,6,1524109,0,-3.36
2026-10-05T03:31:33.104000+00:00,,2026-10-05T03:31:33.104000+00:00,,3.5,Mahaweli Ganga,Nawalapitiya,3ecbfedd-1fe8-4023-bc6c-86ab90475e92,6,5,1524108,0,1.41
2026-10-05T03:31:23.278000+00:00,,2026-10-05T03:31:23.278000+00:00,,,Gal Oya,Ampara,0881a188-4cd8-48d7-aff7-fd4be31ed649,,,1524107,0,0
2026-10-05T03:31:22.602000+00:00,,2026-10-05T03:31:22.602000+00:00,,4,Ma Oya,Yaka Wewa,bb8fd1de-4324-4635-91e4-00854139ffe2,6,5,1524106,0,0.4
2026-10-05T03:30:48.020000+00:00,,2026-10-05T03:30:48.020000+00:00,,5,Malwathu Oya,Thanthirimale,82f0ca47-cc87-4f55-ad47-9684d248285b,7.8,6.8,1524105,0,0.78
2026-10-05T02:45:00.183000+00:00,,2026-10-05T02:45:00.183000+00:00,,5.2,Kalu Ganga,Rathnapura,ff3e2a0e-564c-4044-b1f2-175c27e31c32,9.5,7.5,1524104,0,1.86
2026-10-05T02:44:00.720000+00:00,,2026-10-05T02:44:00.720000+00:00,,5,Malwathu Oya,Thanthirimale,45eca59e-bd3d-40f3-a4be-7d756fe62f51,7.8,6.8,1524103,0,0.76
2026-10-05T02:42:00.380000+00:00,,2026-10-05T02:42:00.380000+00:00,,4,Gin Ganga,Thawalama,c2729c8b-c6b2-45a0-b3f5-6ac14169aa6e,7.5,6,1524102,0,1.98
2026-10-05T02:40:49.922000+00:00,,2026-10-05T02:40:49.922000+00:00,,4,Nilwala Ganga,Pitabeddara,a8342c82-2fd6-4b74-b7a6-6aa9fb09e94a,6.5,5,1524101,0,0.98
2026-10-05T02:40:47.859000+00:00,,2026-10-05T02:40:47.859000+00:00,,5,Nilwala Ganga,Panadugama,0c1b1531-66d5-4129-9eb2-83652f7332d5,7.5,6,1524100,0,3.72
2026-10-05T02:39:49.470000+00:00,,2026-10-05T02:39:49.470000+00:00,,4.84,Mee Oya,Galgamuwa,df59a3a6-d829-4ed0-9bcd-de45b0c3869e,8,5.94,1524099,0,0.04
2026-10-05T02:39:03.559000+00:00,,2026-10-05T02:39:03.559000+00:00,,4,Maduru Oya,Padiyathalawa,47919b86-57e7-4b5c-bae8-305c0d6fbdf1,6,4.5,1524098,0,0.1
2026-10-05T02:39:02.625000+00:00,,2026-10-05T02:39:02.625000+00:00,,3,Kelani Ganga,Holombuwa,a457b25a-6663-44db-aefb-3fd709ccddbc,6,4,1524097,0,0.94
2026-10-05T02:38:14.237000+00:00,,2026-10-05T02:38:14.237000+00:00,,3.5,Gin Ganga,Baddegama,d869cdcb-a38c-4445-a24b-08b89decd768,5,4,1524096,0,1.72
2026-10-05T02:37:02.012000+00:00,,2026-10-05T02:37:02.012000+00:00,,15,Kelani Ganga,Glencourse,37ccf742-3fd2-4143-8d8d-56cab1c4c24d,19,15.5,1524095,0,11.62
2026-10-05T02:36:47.727000+00:00,,2026-10-05T02:36:47.727000+00:00,,2.5,Nilwala Ganga,Urawa,e0e0c45f-257f-46e7-89fd-7a1800c84d17,6,4,1524094,0,0.42
2026-10-05T02:36:13.001000+00:00,,2026-10-05T02:36:13.001000+00:00,,4,Kirindi Oya,Thanamalwila,e7ffe2e8-f5d3-47ef-8f73-87d3b1ccb530,5.5,5,1524093,0,0.4
2026-10-05T02:34:48.805000+00:00,,2026-10-05T02:34:48.805000+00:00,,1.4,Nilwala Ganga,Thalgahagoda,a2eae688-9113-4b49-92bf-dbbdcc072ca5,2.8,1.7,1524091,0,0.69
2026-10-05T02:34:48.792000+00:00,,2026-10-05T02:34:48.792000+00:00,,5,Maha Oya,Badalgama,a98e8cdd-05c5-424a-a19f-c66eb4e7da55,9.6,6.2,1524092,0,3.11
2026-10-05T02:34:33.253000+00:00,,2026-10-05T02:34:33.253000+00:00,,4.5,Heda Oya,Siyambalanduwa,9e3eb358-b02c-4d27-9120-75a15f0b816c,7,6,1524090,0,0.33
2026-10-05T02:34:32.310000+00:00,,2026-10-05T02:34:32.310000+00:00,,4,Menik Ganga,Katharagama,1546df34-8737-4cb2-9e58-7389f6da4357,6.5,4.6,1524089,0,-0.26
2026-10-05T02:34:21.201000+00:00,,2026-10-05T02:34:21.201000+00:00,,4.8,Kelani Ganga,Deraniyagala,daf84f0d-6990-4c3e-a54c-53e90ab1d06a,7,5.8,1524088,0,0.8
2026-10-05T02:34:10.718000+00:00,,2026-10-05T02:34:10.718000+00:00,,3,Kelani Ganga,Kithulgala,faa6a066-76d8-4d77-bbfe-3473aeb154a9,6,4,1524087,0,2.08
2026-10-05T02:34:05.315000+00:00,,2026-10-05T02:34:05.315000+00:00,,5.5,Maha Oya,Giriulla,8c71e534-a077-450b-a9e3-31fdec8fe7b3,7.5,6.5,1524086,0,1.97
2026-10-05T02:33:58.811000+00:00,,2026-10-05T02:33:58.811000+00:00,,1.5,Kelani Ganga,Norwood,c436dd89-35f3-49e8-9211-6d2e8fc54aab,4.5,3,1524085,0,0.91
2026-10-05T02:33:54.776000+00:00,,2026-10-05T02:33:54.776000+00:00,,6,Yan Oya,Horowpothana,337971aa-92ed-4d63-9102-26ca2d152492,10.5,7.5,1524084,0,1.69
2026-10-05T02:33:41.525000+00:00,,2026-10-05T02:33:41.525000+00:00,,6.9,Kirindi Oya,Kuda Oya,248609f4-5997-49fd-bbae-0deba66418d4,8.8,8.4,1524083,0,1.11
2026-10-05T02:33:37.299000+00:00,,2026-10-05T02:33:37.299000+00:00,,4,Kalu Ganga,Magura,61625108-8db4-477f-bf4b-d3b0b0408315,7.5,6,1524082,0,1.83
2026-10-05T02:33:22.005000+00:00,,2026-10-05T02:33:22.005000+00:00,,6.5,Kelani Ganga,Hanwella,0bf46b9c-467a-4cb5-b957-d0dcceb4b5ad,9.5,7.5,1524081,0,3.85
2026-10-05T02:33:16.759000+00:00,,2026-10-05T02:33:16.759000+00:00,,10,Kalu Ganga,Ellagawa,c7a7a8fe-6864-4afc-bcd6-7604edacc120,12.2,10.7,1524080,0,6.22
2026-10-05T02:32:50.246000+00:00,,2026-10-05T02:32:50.246000+00:00,,3,Walawe Ganga,Moraketiya,dadf21e6-f9e6-48ec-bb01-2975c1d6427d,7,5,1524079,0,0.98
2026-10-05T02:32:30.019000+00:00,,2026-10-05T02:32:30.019000+00:00,,4,Kelani Ganga,Nagalagam Street,e31aa0c8-fccd-4a3e-9e5a-1ba49c1b345a,7,5,1524078,0,2.2
2026-10-05T02:32:29.368000+00:00,,2026-10-05T02:32:29.368000+00:00,,5,Kalu Ganga,Kalawellawa (Millakanda),1f4baaf9-ac94-454c-92b8-16ad61bd911d,8,6.5,1524077,0,3.28
2026-10-05T02:32:25.785000+00:00,,2026-10-05T02:32:25.785000+00:00,,3,Mahaweli Ganga,Thaldena,00a7e384-8fdc-4aef-bcf7-d85c921700bb,5,4,1524076,0,0.3
2026-10-05T02:32:08.082000+00:00,,2026-10-05T02:32:08.082000+00:00,,4.4,Kirindi Oya,Wellawaya,36aa3e46-44e6-4fc0-80e9-c902c999568e,5.9,5.4,1524075,0,1.03
2026-10-05T02:32:06.004000+00:00,,2026-10-05T02:32:06.004000+00:00,,5,Kumbukkan Oya,Nakkala,3e6650bc-ff8f-4fb0-8ab2-f4c96b23c3d9,7.5,6,1524074,0,0.84
2026-10-05T02:31:56.189000+00:00,,2026-10-05T02:31:56.189000+00:00,,3.3,Aththanagalu Oya,Dunamale,c360091f-a204-4f47-9844-74bf1eac73e2,5.5,4.4,1524073,0,2.69
2026-10-05T02:31:54.877000+00:00,,2026-10-05T02:31:54.877000+00:00,,3,Mahaweli Ganga,Manampitiya,5c9e068b-a949-4c86-85bd-f79114b68710,6,4.3,1524072,0,-0.02
2026-10-05T02:31:54.666000+00:00,,2026-10-05T02:31:54.666000+00:00,,5,Mahaweli Ganga,Peradeniya,f736577d-72a0-40e2-b30d-bef552d03aba,9,7,1524071,0,3.3
2026-10-05T02:31:51.934000+00:00,,2026-10-05T02:31:51.934000+00:00,,3,Kalu Ganga,Putupaula,8bb5ff38-9860-4eda-9a2c-44a3d49e1258,5,4,1524070,0,0.9
2026-10-05T02:31:33.075000+00:00,,2026-10-05T02:31:33.075000+00:00,,4,Ma Oya,Yaka Wewa,a5e856b9-77f1-4f44-8eb7-d79911ff4b55,6,5,1524069,0,0.4
2026-10-05T02:31:07.524000+00:00,,2026-10-05T02:31:07.524000+00:00,,3.5,Mahaweli Ganga,Nawalapitiya,aa6832d3-b379-4e27-85f2-0ad21248973e,6,5,1524068,0,1.42
2026-10-05T02:31:01.755000+00:00,,2026-10-05T02:31:01.755000+00:00,,4.75,Deduru Oya,Moragaswewa,47a8dbb9-6999-401d-8482-1dbef9930c02,7,6,1524067,0,-0.03
2026-10-05T02:30:44.116000+00:00,,2026-10-05T02:30:44.116000+00:00,,,Gal Oya,Ampara,f3424be7-5653-4d14-91bb-0540253d1d1b,,,1524066,0,0
2026-10-05T02:30:20.060000+00:00,,2026-10-05T02:30:20.060000+00:00,,5,Mahaweli Ganga,Weraganthota,0166f405-306d-4547-99d3-62060d91b53f,8,6,1524065,0,-3.32
2026-10-05T02:12:17.506000+00:00,,2026-10-05T02:12:17.506000+00:00,,2.5,Nilwala Ganga,Urawa,8eec1e43-179c-4b7c-86e2-a48148a9e142,6,4,1524064,0,0.42
2026-10-05T01:58:27.588000+00:00,,2026-10-05T01:58:27.588000+00:00,,1.4,Nilwala Ganga,Thalgahagoda,37713ae6-cda8-4f56-8a43-d5ffab8f2e17,2.8,1.7,1524063,0,0.69
2026-10-05T01:47:29.166000+00:00,,2026-10-05T01:47:29.166000+00:00,,3,Kelani Ganga,Kithulgala,bd169bad-b519-45a7-a58a-85757fcd12d5,6,4,1524062,0,2.1
2026-10-05T01:44:13.407000+00:00,,2026-10-05T01:44:13.407000+00:00,,5,Nilwala Ganga,Panadugama,a462e168-4a13-48d4-bc18-16b5c18c85fb,7.5,6,1524061,0,3.75
2026-10-05T01:39:11.448000+00:00,,2026-10-05T01:39:11.448000+00:00,,3,Kelani Ganga,Holombuwa,bdae0400-4c5e-4397-b99e-e1e8c71f6b91,6,4,1524060,0,0.96
2026-10-05T01:38:48.438000+00:00,,2026-10-05T01:38:48.438000+00:00,,3.5,Mahaweli Ganga,Nawalapitiya,15b5f26c-bf98-4aa3-a2ce-e85afa3738ec,6,5,1524059,0,1.44
2026-10-05T01:37:29.152000+00:00,,2026-10-05T01:37:29.152000+00:00,,3.5,Gin Ganga,Baddegama,5d62772a-6bda-425e-9560-2ee476c47a87,5,4,1524058,0,1.73
2026-10-05T01:36:48.972000+00:00,,2026-10-05T01:36:48.972000+00:00,,4,Kalu Ganga,Magura,980ccc71-9bc0-4832-b700-faca7f8f0e55,7.5,6,1524057,0,1.86
2026-10-05T01:36:44.972000+00:00,,2026-10-05T01:36:44.972000+00:00,,4,Maduru Oya,Padiyathalawa,32e8c0bc-de5f-4041-bc71-e843192d8046,6,4.5,1524056,0,0.1
2026-10-05T01:36:17.901000+00:00,,2026-10-05T01:36:17.901000+00:00,,5,Maha Oya,Badalgama,ff5fb460-c9fe-4858-ba27-7cd6f6015b24,9.6,6.2,1524055,0,3.09
2026-10-05T01:36:10.881000+00:00,,2026-10-05T01:36:10.881000+00:00,,4,Kirindi Oya,Thanamalwila,e4135d6d-ab8d-4245-ae56-fd0053fb5c39,5.5,5,1524054,0,0.47
2026-10-05T01:35:35.449000+00:00,,2026-10-05T01:35:35.449000+00:00,,4.75,Deduru Oya,Moragaswewa,7a715a81-0190-4327-8a1a-f3b1d7203d0b,7,6,1524053,0,-0.03
2026-10-05T01:35:24.447000+00:00,,2026-10-05T01:35:24.447000+00:00,,3.3,Aththanagalu Oya,Dunamale,478b400e-cc6a-4809-a100-6553b865a633,5.5,4.4,1524052,0,2.74
2026-10-05T01:34:59.677000+00:00,,2026-10-05T01:34:59.677000+00:00,,6.5,Kelani Ganga,Hanwella,e056e86b-2564-499a-9431-2d3726207688,9.5,7.5,1524051,0,3.95
2026-10-05T01:34:56.441000+00:00,,2026-10-05T01:34:56.441000+00:00,,4,Kelani Ganga,Nagalagam Street,36a2eaa3-2f3f-4073-9968-ce1c15d3bc12,7,5,1524050,0,2.3
2026-10-05T01:34:46.272000+00:00,,2026-10-05T01:34:46.272000+00:00,,3,Walawe Ganga,Moraketiya,ad242b53-9b1e-4036-9cc7-530941335ca0,7,5,1524049,0,0.99
2026-10-05T01:34:20.956000+00:00,,2026-10-05T01:34:20.956000+00:00,,5,Mahaweli Ganga,Peradeniya,6b6293e8-3450-476a-9bae-b686eab1cfb9,9,7,1524048,0,3.38
2026-10-05T01:34:10.423000+00:00,,2026-10-05T01:34:10.423000+00:00,,4.4,Kirindi Oya,Wellawaya,2e35fd02-7a27-40e9-a81f-cd475b857ee3,5.9,5.4,1524047,0,1.01
2026-10-05T01:33:48.871000+00:00,,2026-10-05T01:33:48.871000+00:00,,4,Gin Ganga,Thawalama,43f64537-701c-4b4b-a883-ff475c8262d1,7.5,6,1524046,0,1.99
2026-10-05T01:33:42.747000+00:00,,2026-10-05T01:33:42.747000+00:00,,3,Mahaweli Ganga,Thaldena,9ab7984f-445b-437e-b681-b34b5658bce5,5,4,1524045,0,0.32
2026-10-05T01:33:31.621000+00:00,,2026-10-05T01:33:31.621000+00:00,,5.5,Maha Oya,Giriulla,d624d79a-3a64-4cd7-b2f5-22b920eccfc0,7.5,6.5,1524044,0,2.05
2026-10-05T01:33:19.334000+00:00,,2026-10-05T01:33:19.334000+00:00,,5,Kalu Ganga,Kalawellawa (Millakanda),1dd72380-eb09-49c2-a8bc-ca2b5a778108,8,6.5,1524043,0,3.29
2026-10-05T01:33:06.563000+00:00,,2026-10-05T01:33:06.563000+00:00,,10,Kalu Ganga,Ellagawa,af48df86-156a-4c06-bd1c-37e7ac77d323,12.2,10.7,1524042,0,6.23
2026-10-05T01:33:05.160000+00:00,,2026-10-05T01:33:05.160000+00:00,,4.8,Kelani Ganga,Deraniyagala,26915699-5cdd-4dab-be67-45cc0e320e8a,7,5.8,1524041,0,0.81
2026-10-05T01:32:42.899000+00:00,,2026-10-05T01:32:42.899000+00:00,,1.5,Kelani Ganga,Norwood,dc47f860-25b8-4359-8746-6c250d6b487d,4.5,3,1524040,0,0.92
2026-10-05T01:32:39.495000+00:00,,2026-10-05T01:32:39.495000+00:00,,4,Menik Ganga,Katharagama,ad506297-157a-4331-a1e5-e1164fa2bdb8,6.5,4.6,1524039,0,-0.26
2026-10-05T01:32:36.934000+00:00,,2026-10-05T01:32:36.934000+00:00,,4.84,Mee Oya,Galgamuwa,d85485cb-25d7-4132-b42a-92414517a8b8,8,5.94,1524038,0,0.04
2026-10-05T01:32:33.597000+00:00,,2026-10-05T01:32:33.597000+00:00,,5.2,Kalu Ganga,Rathnapura,333adeb0-f5cf-4d82-80c0-0f04b02671e7,9.5,7.5,1524037,0,1.91
2026-10-05T01:32:32.761000+00:00,,2026-10-05T01:32:32.761000+00:00,,15,Kelani Ganga,Glencourse,7cb7ea37-cfcb-44a0-9d1c-2c64457af1e6,19,15.5,1524036,0,11.77
2026-10-05T01:32:12.051000+00:00,,2026-10-05T01:32:12.051000+00:00,,5,Malwathu Oya,Thanthirimale,7104e073-5028-4403-9d7a-ac4712ba8d58,7.8,6.8,1524035,0,0.74
2026-10-05T01:32:10.599000+00:00,,2026-10-05T01:32:10.599000+00:00,,3,Kalu Ganga,Putupaula,bb99d210-b7f0-459a-ae23-701151dbd15c,5,4,1524034,0,0.88
2026-10-05T01:31:59.081000+00:00,,2026-10-05T01:31:59.081000+00:00,,4,Nilwala Ganga,Pitabeddara,9046bc73-40fa-4242-988f-b75e746852c9,6.5,5,1524033,0,0.98
2026-10-05T01:31:39.809000+00:00,,2026-10-05T01:31:39.809000+00:00,,4,Ma Oya,Yaka Wewa,41344808-e823-4a54-9123-7644211d060f,6,5,1524032,0,0.4
2026-10-05T01:31:07.059000+00:00,,2026-10-05T01:31:07.059000+00:00,,3,Mahaweli Ganga,Manampitiya,3569549a-bed3-4d5a-ba30-24ef989a6958,6,4.3,1524031,0,0
2026-10-05T01:31:03.205000+00:00,,2026-10-05T01:31:03.205000+00:00,,,Gal Oya,Ampara,b6f62980-afb2-4299-a63e-aa6affd8aed7,,,1524030,0,0
2026-10-05T01:31:00.292000+00:00,,2026-10-05T01:31:00.292000+00:00,,4.5,Heda Oya,Siyambalanduwa,7fdcf747-4379-4a0a-af51-8582c36202ab,7,6,1524029,0,0.33
2026-10-05T01:30:52.745000+00:00,,2026-10-05T01:30:52.745000+00:00,,5,Mahaweli Ganga,Weraganthota,be0e46c2-5911-45f4-81f7-eb8bab54d6e3,8,6,1524028,0,-3.25
2026-10-05T01:30:48.053000+00:00,,2026-10-05T01:30:48.053000+00:00,,6,Yan Oya,Horowpothana,165b0af5-37c1-4933-a778-98232449f581,10.5,7.5,1524027,0,1.7
2026-10-05T01:30:27.128000+00:00,,2026-10-05T01:30:27.128000+00:00,,5,Kumbukkan Oya,Nakkala,cab44ad1-e4c2-4fab-a229-e32ecfd9c4d1,7.5,6,1524026,0,0.86
2026-10-05T01:27:47.481000+00:00,,2026-10-05T01:27:47.481000+00:00,,6.9,Kirindi Oya,Kuda Oya,422e4ff7-76b8-4b77-a967-1eae66d16cdd,8.8,8.4,1524025,0,1.12
2026-10-05T01:21:23.378000+00:00,,2026-10-05T01:21:23.378000+00:00,,4,Nilwala Ganga,Pitabeddara,9a6d3637-1ad0-486c-9266-ac61a3a3d628,6.5,5,1524024,0,0.99
2026-10-05T01:01:47.407000+00:00,,2026-10-05T01:01:47.407000+00:00,,3.3,Aththanagalu Oya,Dunamale,5ec66496-9a1e-4d88-96e8-4ee1664d9511,5.5,4.4,1524023,0,2.77
2026-10-05T00:59:13.070000+00:00,,2026-10-05T00:59:13.070000+00:00,,4.84,Mee Oya,Galgamuwa,3f5a7756-e450-4f83-a447-0ab4b8799845,8,5.94,1524022,0,0.05
2026-10-05T00:43:53.736000+00:00,,2026-10-05T00:43:53.736000+00:00,,5.2,Kalu Ganga,Rathnapura,d41dd0bf-fc71-459f-a4e8-b086ae2c8848,9.5,7.5,1524021,0,1.95
2026-10-05T00:42:21.315000+00:00,,2026-10-05T00:42:21.315000+00:00,,3.5,Gin Ganga,Baddegama,08c0b890-d97f-417d-90cc-fb5a37d7095c,5,4,1524020,0,1.74
2026-10-05T00:38:28.633000+00:00,,2026-10-05T00:38:28.633000+00:00,,10,Kalu Ganga,Ellagawa,bfb1eb0c-b774-48af-ac58-f8b12cadf81d,12.2,10.7,1524019,0,6.23
2026-10-05T00:37:28.608000+00:00,,2026-10-05T00:37:28.608000+00:00,,6.5,Kelani Ganga,Hanwella,aa29fdac-1964-4353-ab79-f40e74588c3f,9.5,7.5,1524018,0,4.02
2026-10-05T00:37:24.095000+00:00,,2026-10-05T00:37:24.095000+00:00,,2.5,Nilwala Ganga,Urawa,879e94c7-3346-45d0-8237-b80f1e4199ad,6,4,1524017,0,0.41
2026-10-05T00:36:58.911000+00:00,,2026-10-05T00:36:58.911000+00:00,,5,Kumbukkan Oya,Nakkala,42d733ca-fb7b-4e35-ab65-f8d5d9d18fc4,7.5,6,1524016,0,0.89
2026-10-05T00:36:54.001000+00:00,,2026-10-05T00:36:54.001000+00:00,,5,Maha Oya,Badalgama,92d1b1ea-5a86-4e58-957b-11f437d1648f,9.6,6.2,1524015,0,3.07
2026-10-05T00:35:58.865000+00:00,,2026-10-05T00:35:58.865000+00:00,,5,Nilwala Ganga,Panadugama,c3e6e6e2-9cd9-4221-a8c8-60d40dd03fe9,7.5,6,1524014,0,3.77
2026-10-05T00:35:33.511000+00:00,,2026-10-05T00:35:33.511000+00:00,,4,Kelani Ganga,Nagalagam Street,01a7b32d-8b7b-4524-98a9-3d70d8704c20,7,5,1524013,0,2.4
2026-10-05T00:35:12.426000+00:00,,2026-10-05T00:35:12.426000+00:00,,4.75,Deduru Oya,Moragaswewa,56e63d16-340a-42df-b13a-4577125e420c,7,6,1524012,0,-0.03
2026-10-05T00:34:52.956000+00:00,,2026-10-05T00:34:52.956000+00:00,,1.5,Kelani Ganga,Norwood,71adcc29-9576-4365-b709-8bce024c206e,4.5,3,1524011,0,0.9
2026-10-05T00:34:45.022000+00:00,,2026-10-05T00:34:45.022000+00:00,,5,Mahaweli Ganga,Peradeniya,32f82a74-7477-4c86-90fb-898f902922e9,9,7,1524010,0,3.42
2026-10-05T00:34:39.313000+00:00,,2026-10-05T00:34:39.313000+00:00,,4,Menik Ganga,Katharagama,96d24482-257b-46fe-bb6d-e1e924eccd2f,6.5,4.6,1524009,0,-0.26
2026-10-05T00:34:20.465000+00:00,,2026-10-05T00:34:20.465000+00:00,,3,Mahaweli Ganga,Thaldena,7a32bb45-6125-4659-8363-55b19d2ad778,5,4,1524008,0,0.36
2026-10-05T00:33:50.416000+00:00,,2026-10-05T00:33:50.416000+00:00,,5.5,Maha Oya,Giriulla,ae15f550-f6de-4163-b4ba-f55331b1a330,7.5,6.5,1524007,0,2.1
2026-10-05T00:33:26.280000+00:00,,2026-10-05T00:33:26.280000+00:00,,3.3,Aththanagalu Oya,Dunamale,815f2635-a71e-4d83-adfb-f47c7551485a,5.5,4.4,1524006,0,2.77
2026-10-05T00:33:18.207000+00:00,,2026-10-05T00:33:18.207000+00:00,,3,Kelani Ganga,Holombuwa,35f26b60-d690-4919-830f-f961add65eca,6,4,1524005,0,0.95
2026-10-05T00:33:13.055000+00:00,,2026-10-05T00:33:13.055000+00:00,,4,Kirindi Oya,Thanamalwila,ff160a4c-d306-4622-96db-db7eff04d815,5.5,5,1524004,0,0.66
2026-10-05T00:33:07.828000+00:00,,2026-10-05T00:33:07.828000+00:00,,4,Gin Ganga,Thawalama,01fb3cfc-d6da-45e3-9a11-a4a52f53b717,7.5,6,1524003,0,1.96
2026-10-05T00:32:48.406000+00:00,,2026-10-05T00:32:48.406000+00:00,,4.8,Kelani Ganga,Deraniyagala,d7cb9c0c-0631-48c5-86b9-9fb5775e2fcb,7,5.8,1524002,0,0.81
2026-10-05T00:32:45.756000+00:00,,2026-10-05T00:32:45.756000+00:00,,3,Mahaweli Ganga,Manampitiya,42683493-dd4a-464a-80a5-e811aa0578d7,6,4.3,1524001,0,0.08
2026-10-05T00:32:44.185000+00:00,,2026-10-05T00:32:44.185000+00:00,,3.5,Mahaweli Ganga,Nawalapitiya,fdf5fad1-cb6d-4d67-a9ed-338c6bb1c2b7,6,5,1524000,0,1.48
2026-10-05T00:32:42.540000+00:00,,2026-10-05T00:32:42.540000+00:00,,15,Kelani Ganga,Glencourse,5cd9e038-ac73-4ad6-beac-471cd6216a06,19,15.5,1523999,0,11.93
2026-10-05T00:32:33.448000+00:00,,2026-10-05T00:32:33.448000+00:00,,4,Maduru Oya,Padiyathalawa,16f73258-3bd7-4061-a6fc-b977d61321e0,6,4.5,1523998,0,0.1
2026-10-05T00:32:32.946000+00:00,,2026-10-05T00:32:32.946000+00:00,,3,Kalu Ganga,Putupaula,aa402fcf-32ee-477c-b87d-2fb981364f97,5,4,1523997,0,0.77
2026-10-05T00:32:21.939000+00:00,,2026-10-05T00:32:21.939000+00:00,,5,Kalu Ganga,Kalawellawa (Millakanda),48a23946-27e2-446b-b4f3-f85b2320185c,8,6.5,1523996,0,3.16
2026-10-05T00:32:20.841000+00:00,,2026-10-05T00:32:20.841000+00:00,,3,Kelani Ganga,Kithulgala,e4ca9161-9551-4bf9-82d4-560d57c98169,6,4,1523995,0,2.15
2026-10-05T00:32:10.801000+00:00,,2026-10-05T00:32:10.801000+00:00,,6,Yan Oya,Horowpothana,945e8e56-ccfd-40f6-a6b5-e71ad361c605,10.5,7.5,1523994,0,1.7
2026-10-05T00:31:41.422000+00:00,,2026-10-05T00:31:41.422000+00:00,,5,Mahaweli Ganga,Weraganthota,e6decca0-64ac-42ec-828e-08f828f02897,8,6,1523993,0,-3.22
2026-10-05T00:31:31.842000+00:00,,2026-10-05T00:31:31.842000+00:00,,6.9,Kirindi Oya,Kuda Oya,53339b4c-a87f-41f4-8c3f-2c954f98009f,8.8,8.4,1523992,0,1.14
2026-10-05T00:31:23.362000+00:00,,2026-10-05T00:31:23.362000+00:00,,4,Ma Oya,Yaka Wewa,d53b172c-27c4-4ab6-a9b4-26188bf1cd19,6,5,1523991,0,0.4
2026-10-05T00:31:19.438000+00:00,,2026-10-05T00:31:19.438000+00:00,,4.4,Kirindi Oya,Wellawaya,40540835-36ba-4c63-8a0a-50d232f1b6ce,5.9,5.4,1523990,0,1.02
2026-10-05T00:31:17.861000+00:00,,2026-10-05T00:31:17.861000+00:00,,1.4,Nilwala Ganga,Thalgahagoda,1ed26782-2dd0-47c2-9ee1-37c1d749639c,2.8,1.7,1523989,0,0.7
2026-10-05T00:31:03.486000+00:00,,2026-10-05T00:31:03.486000+00:00,,4.5,Heda Oya,Siyambalanduwa,045f3927-a68a-445f-b7d1-e0311d9715dd,7,6,1523988,0,0.33
2026-10-05T00:30:55.761000+00:00,,2026-10-05T00:30:55.761000+00:00,,,Gal Oya,Ampara,ef77ec00-9e76-49db-b392-b4701c2c3599,,,1523987,0,0
2026-10-05T00:30:50.078000+00:00,,2026-10-05T00:30:50.078000+00:00,,4,Kalu Ganga,Magura,54f2528c-7a4a-4df4-b8a4-29d4cd152459,7.5,6,1523986,0,1.92
2026-10-05T00:30:20.654000+00:00,,2026-10-05T00:30:20.654000+00:00,,3,Walawe Ganga,Moraketiya,4b2aac59-c54d-4bef-9f61-9a754f0c5d8a,7,5,1523985,0,0.85
2026-10-05T00:26:18.135000+00:00,,2026-10-05T00:26:18.135000+00:00,,5,Kalu Ganga,Kalawellawa (Millakanda),d02c88f5-eead-44b8-83b6-55b03864263a,8,6.5,1523984,0,2.96
2026-10-05T00:24:52.553000+00:00,,2026-10-05T00:24:52.553000+00:00,,5,Kalu Ganga,Kalawellawa (Millakanda),4fb1b78f-76a4-454b-af1d-5348dcec61a7,8,6.5,1523983,0,2.76
2026-10-05T00:14:28.846000+00:00,,2026-10-05T00:14:28.846000+00:00,,3,Kelani Ganga,Holombuwa,f0b68d32-26c5-4de4-b55a-df9ddbb311cf,6,4,1523982,0,0.95
2026-10-04T23:57:55.374000+00:00,,2026-10-04T23:57:55.374000+00:00,,3,Walawe Ganga,Moraketiya,a2560aac-c7ce-406f-bfbc-5bbe5568c58f,7,5,1523981,0,0.79
2026-10-04T23:41:09.385000+00:00,,2026-10-04T23:41:09.385000+00:00,,6.9,Kirindi Oya,Kuda Oya,e1ace2a2-75c7-4972-8d2b-344bf5305ed3,8.8,8.4,1523980,0,1.16
2026-10-04T23:39:21.329000+00:00,,2026-10-04T23:39:21.329000+00:00,,10,Kalu Ganga,Ellagawa,e932923d-e38f-4382-aba1-958e4946519b,12.2,10.7,1523979,0,6.25
2026-10-04T23:36:19.266000+00:00,,2026-10-04T23:36:19.266000+00:00,,5,Maha Oya,Badalgama,1d2555d6-bb34-4534-86e0-169d366a330d,9.6,6.2,1523978,0,3.06
2026-10-04T23:36:10.426000+00:00,,2026-10-04T23:36:10.426000+00:00,,4,Gin Ganga,Thawalama,e8c9b1a0-59c5-42a6-928c-055ea1868144,7.5,6,1523977,2.3,1.98
2026-10-04T23:36:08.801000+00:00,,2026-10-04T23:36:08.801000+00:00,,4,Kalu Ganga,Magura,553dd741-b6a0-442d-8b0f-e406fa9425de,7.5,6,1523976,0,2.11
2026-10-04T23:35:52.734000+00:00,,2026-10-04T23:35:52.734000+00:00,,3,Kalu Ganga,Putupaula,6242d485-dc58-48f2-a5c0-d6a13c2db6aa,5,4,1523975,0,0.81
2026-10-04T23:35:33.836000+00:00,,2026-10-04T23:35:33.836000+00:00,,3.5,Gin Ganga,Baddegama,3717408a-e2d2-4fc0-9898-fa28de9ba62e,5,4,1523974,0,1.78
2026-10-04T23:34:35.780000+00:00,,2026-10-04T23:34:35.780000+00:00,,4,Kirindi Oya,Thanamalwila,7a30d750-b24b-4f56-bf56-9aa24d893561,5.5,5,1523973,0,0.84
2026-10-04T23:34:14.109000+00:00,,2026-10-04T23:34:14.109000+00:00,,15,Kelani Ganga,Glencourse,2cce528f-02f1-4e4e-b2c5-62257785493e,19,15.5,1523972,0,12.11
2026-10-04T23:34:08.349000+00:00,,2026-10-04T23:34:08.349000+00:00,,3.3,Aththanagalu Oya,Dunamale,ce35122a-5154-4e41-8791-4b55ab574c96,5.5,4.4,1523971,0,2.73
2026-10-04T23:33:38.088000+00:00,,2026-10-04T23:33:38.088000+00:00,,3.5,Mahaweli Ganga,Nawalapitiya,6efea0d9-50ea-404f-af8d-8a21cb538300,6,5,1523970,0,1.54
2026-10-04T23:33:06.001000+00:00,,2026-10-04T23:33:06.001000+00:00,,2.5,Nilwala Ganga,Urawa,1a6fcca2-3dc0-4bdb-b20b-0c7da6e92dd4,6,4,1523969,0,0.41
2026-10-04T23:33:04.605000+00:00,,2026-10-04T23:33:04.605000+00:00,,5.5,Maha Oya,Giriulla,38aefbc9-f8ca-447f-9e16-4d6c2e71e8c0,7.5,6.5,1523968,0,2.1
2026-10-04T23:32:58.804000+00:00,,2026-10-04T23:32:58.804000+00:00,,5,Mahaweli Ganga,Peradeniya,893e5e59-a4e5-4742-a553-f47ae8c7a196,9,7,1523967,0,3.5
2026-10-04T23:32:57.170000+00:00,,2026-10-04T23:32:57.170000+00:00,,5,Nilwala Ganga,Panadugama,4821a74f-1fe3-4c3c-a3f3-c9e9b6667379,7.5,6,1523966,0,3.81
2026-10-04T23:32:50.954000+00:00,,2026-10-04T23:32:50.954000+00:00,,5.2,Kalu Ganga,Rathnapura,46d9b94e-1046-495f-b172-5d0f260f2e87,9.5,7.5,1523965,0,1.99
2026-10-04T23:32:42.443000+00:00,,2026-10-04T23:32:42.443000+00:00,,6,Yan Oya,Horowpothana,5c1d5224-fb69-47bf-9a65-74a3d86617fa,10.5,7.5,1523964,0,1.7
2026-10-04T23:32:40.222000+00:00,,2026-10-04T23:32:40.222000+00:00,,4.75,Deduru Oya,Moragaswewa,eed2aee9-b334-4370-862b-38b38b53b881,7,6,1523963,0,-0.03
2026-10-04T23:32:38.876000+00:00,,2026-10-04T23:32:38.876000+00:00,,4.5,Heda Oya,Siyambalanduwa,4fa8dd85-ec18-4b83-a980-fe47298ab7f0,7,6,1523962,0,0.34
2026-10-04T23:32:37.458000+00:00,,2026-10-04T23:32:37.458000+00:00,,1.5,Kelani Ganga,Norwood,e3ca1649-82ac-46fa-a0ad-bf9d28040591,4.5,3,1523961,0,0.93
2026-10-04T23:32:32.618000+00:00,,2026-10-04T23:32:32.618000+00:00,,4.4,Kirindi Oya,Wellawaya,ed09b033-876c-4e13-b673-d9d75888cc49,5.9,5.4,1523960,0,1
2026-10-04T23:32:29.861000+00:00,,2026-10-04T23:32:29.861000+00:00,,4,Menik Ganga,Katharagama,b45d7499-3b38-474c-9cf7-ccccb78602cf,6.5,4.6,1523959,0,-0.26
2026-10-04T23:32:23.773000+00:00,,2026-10-04T23:32:23.773000+00:00,,3,Kelani Ganga,Kithulgala,60ea97ae-56eb-4aac-9a66-370714685375,6,4,1523958,0,2.2
2026-10-04T23:32:16.911000+00:00,,2026-10-04T23:32:16.911000+00:00,,4.8,Kelani Ganga,Deraniyagala,0434a33c-c490-43c2-9049-22cf8ba13294,7,5.8,1523957,0,0.83
2026-10-04T23:32:06.758000+00:00,,2026-10-04T23:32:06.758000+00:00,,6.5,Kelani Ganga,Hanwella,404782d8-a754-41ad-bf13-1d01b917af78,9.5,7.5,1523956,0,4.07
2026-10-04T23:32:06.001000+00:00,,2026-10-04T23:32:06.001000+00:00,,4,Kelani Ganga,Nagalagam Street,7dcdf367-9200-4d1a-8686-08218bc00ddf,7,5,1523955,0,2.3
2026-10-04T23:31:59.539000+00:00,,2026-10-04T23:31:59.539000+00:00,,,Gal Oya,Ampara,7b52cbd3-d7d4-4da0-b253-ddc230e97f43,,,1523954,0,0
2026-10-04T23:31:42.727000+00:00,,2026-10-04T23:31:42.727000+00:00,,4,Nilwala Ganga,Pitabeddara,b0bf2132-1970-45d2-b740-b0893b2c5b68,6.5,5,1523953,0,0.99
2026-10-04T23:31:38.960000+00:00,,2026-10-04T23:31:38.960000+00:00,,3,Mahaweli Ganga,Thaldena,b2ee2337-b3bc-42fc-909a-ee6e296bd443,5,4,1523952,0,0.4
2026-10-04T23:31:33.582000+00:00,,2026-10-04T23:31:33.582000+00:00,,4,Ma Oya,Yaka Wewa,881c61d2-3f0c-4469-8657-9118cfe99be8,6,5,1523951,0,0.4
2026-10-04T23:31:29.070000+00:00,,2026-10-04T23:31:29.070000+00:00,,3,Mahaweli Ganga,Manampitiya,fdbb0b2c-29a9-4e0d-a762-66571b8e4865,6,4.3,1523950,0,0.15
2026-10-04T23:31:21.918000+00:00,,2026-10-04T23:31:21.918000+00:00,,1.4,Nilwala Ganga,Thalgahagoda,1d8ea5dd-eb75-43d3-9a61-1d243e13e34e,2.8,1.7,1523949,0,0.7
2026-10-04T23:31:11.041000+00:00,,2026-10-04T23:31:11.041000+00:00,,4,Maduru Oya,Padiyathalawa,9ff97547-b117-4170-a6bd-86aeda636257,6,4.5,1523948,0,0.1
2026-10-04T23:31:05.588000+00:00,,2026-10-04T23:31:05.588000+00:00,,5,Kumbukkan Oya,Nakkala,161b3260-f023-4df8-a394-32317d417dd1,7.5,6,1523947,0,0.93
2026-10-04T22:58:20.510000+00:00,,2026-10-04T22:58:20.510000+00:00,,,Gal Oya,Ampara,4757017f-b6f9-4d3d-a47e-bd023c065ab7,,,1523946,0,0
2026-10-04T22:54:10.249000+00:00,,2026-10-04T22:54:10.249000+00:00,,5,Maha Oya,Badalgama,d1c516bc-1849-4232-ab96-44db3dff85b8,9.6,6.2,1523945,0,3.05
2026-10-04T22:51:36.546000+00:00,,2026-10-04T22:51:36.546000+00:00,,1.4,Nilwala Ganga,Thalgahagoda,b09baace-66e8-4b5b-a5c5-79718d75bd89,2.8,1.7,1523944,0,0.69
2026-10-04T22:49:00.721000+00:00,,2026-10-04T22:49:00.721000+00:00,,3.5,Gin Ganga,Baddegama,c2d49501-798b-4d63-903c-a741b27e1272,5,4,1523943,0,1.79
2026-10-04T22:46:16.810000+00:00,,2026-10-04T22:46:16.810000+00:00,,3,Kelani Ganga,Holombuwa,71f39bf6-bec3-4909-841c-3a9d8f2267c1,6,4,1523942,0,1.07
2026-10-04T22:43:09.029000+00:00,,2026-10-04T22:43:09.029000+00:00,,4,Kalu Ganga,Magura,6da05c61-93a4-44d1-99f8-55aba69297f3,7.5,6,1523941,0,2.26
2026-10-04T22:41:33.229000+00:00,,2026-10-04T22:41:33.229000+00:00,,4,Gin Ganga,Thawalama,b964baf0-aebf-4551-98d1-2c13085b5556,7.5,6,1523940,0,2
2026-10-04T22:39:14.248000+00:00,,2026-10-04T22:39:14.248000+00:00,,4.4,Kirindi Oya,Wellawaya,8fe53421-37dd-4181-9d34-0755eab525aa,5.9,5.4,1523939,0,0.98
2026-10-04T22:38:22.245000+00:00,,2026-10-04T22:38:22.245000+00:00,,2.5,Nilwala Ganga,Urawa,93a79950-b822-4c91-b60c-d4d93d79572a,6,4,1523938,0,0.4
2026-10-04T22:37:26.511000+00:00,,2026-10-04T22:37:26.511000+00:00,,5,Kalu Ganga,Kalawellawa (Millakanda),7d1ac581-d96b-401d-b6f7-ee5e851dd17f,8,6.5,1523937,0,2.4
2026-10-04T22:36:45.349000+00:00,,2026-10-04T22:36:45.349000+00:00,,5,Kalu Ganga,Kalawellawa (Millakanda),fc768d02-6ef7-4637-ab22-842252564d47,8,6.5,1523936,0,2.37
2026-10-04T22:36:36.130000+00:00,,2026-10-04T22:36:36.130000+00:00,,4,Kirindi Oya,Thanamalwila,a0de37c4-45a6-4803-84c6-7f3c0b7c7198,5.5,5,1523935,0,0.91
2026-10-04T22:36:10.737000+00:00,,2026-10-04T22:36:10.737000+00:00,,5,Kalu Ganga,Kalawellawa (Millakanda),78bc4547-2aa5-4948-bd8f-8550b88a069c,8,6.5,1523934,0,2.34
2026-10-04T22:35:41.080000+00:00,,2026-10-04T22:35:41.080000+00:00,,5,Kalu Ganga,Kalawellawa (Millakanda),9c91d192-b896-425d-af25-f877b2298723,8,6.5,1523933,0,2.26
2026-10-04T22:35:16.186000+00:00,,2026-10-04T22:35:16.186000+00:00,,5,Kalu Ganga,Kalawellawa (Millakanda),a8533e48-95f4-4c09-aeba-04767f086674,8,6.5,1523932,0,2.28
2026-10-04T22:35:06.586000+00:00,,2026-10-04T22:35:06.586000+00:00,,4,Nilwala Ganga,Pitabeddara,1af7caec-fa15-43c0-a374-5e6a2c855252,6.5,5,1523931,0,0.99
2026-10-04T22:34:23.763000+00:00,,2026-10-04T22:34:23.763000+00:00,,5.2,Kalu Ganga,Rathnapura,5ea6bf4d-fff6-485e-9ef8-99a261cfe6d5,9.5,7.5,1523930,0,2.05
2026-10-04T22:34:11.046000+00:00,,2026-10-04T22:34:11.046000+00:00,,3.3,Aththanagalu Oya,Dunamale,6678c7cf-1b81-4eaa-8042-6c30d03236a0,5.5,4.4,1523929,0,2.65
2026-10-04T22:33:42.869000+00:00,,2026-10-04T22:33:42.869000+00:00,,10,Kalu Ganga,Ellagawa,c9babf51-c463-41a7-98ec-773faa9f417d,12.2,10.7,1523928,0,6.22
2026-10-04T22:33:34.604000+00:00,,2026-10-04T22:33:34.604000+00:00,,6.5,Kelani Ganga,Hanwella,3ec037c0-e668-472a-a209-f737d8de482d,9.5,7.5,1523927,0,4.09
2026-10-04T22:33:25.026000+00:00,,2026-10-04T22:33:25.026000+00:00,,3,Mahaweli Ganga,Thaldena,22fd3097-72fe-45df-800e-bae207902cf7,5,4,1523926,0,0.42
2026-10-04T22:33:24.484000+00:00,,2026-10-04T22:33:24.484000+00:00,,4.8,Kelani Ganga,Deraniyagala,44cedf56-159b-476f-9435-5f65ba2a4b75,7,5.8,1523925,0,0.87
2026-10-04T22:33:17.316000+00:00,,2026-10-04T22:33:17.316000+00:00,,5.5,Maha Oya,Giriulla,1a74ad38-25bd-447c-b66f-2d3949e0baa8,7.5,6.5,1523924,0,2.08
2026-10-04T22:32:53.304000+00:00,,2026-10-04T22:32:53.304000+00:00,,1.5,Kelani Ganga,Norwood,1c345fc7-303e-4eca-9451-be0b67ee9296,4.5,3,1523923,0,0.95
2026-10-04T22:32:41.184000+00:00,,2026-10-04T22:32:41.184000+00:00,,3,Kelani Ganga,Kithulgala,7f420643-067e-4e6b-95e0-ea74398092c3,6,4,1523922,0,2.21
2026-10-04T22:32:38.421000+00:00,,2026-10-04T22:32:38.421000+00:00,,4.75,Deduru Oya,Moragaswewa,4a8e41e2-6628-46bb-a008-c9f9a8c759e6,7,6,1523921,0,-0.03
2026-10-04T22:32:19.101000+00:00,,2026-10-04T22:32:19.101000+00:00,,15,Kelani Ganga,Glencourse,07c08559-0f5f-4565-8440-8f02666d5d6a,19,15.5,1523920,0,12.34
2026-10-04T22:32:17.597000+00:00,,2026-10-04T22:32:17.597000+00:00,,15,Kelani Ganga,Glencourse,fdc2f8b7-2b1b-4317-8f33-fc5df9bce4e9,19,15.5,1523919,0,12.51
2026-10-04T22:31:58.925000+00:00,,2026-10-04T22:31:58.925000+00:00,,4,Kelani Ganga,Nagalagam Street,ac4009a9-9a10-45a2-84f4-260d6ce4d9a3,7,5,1523918,0,2.2
2026-10-04T22:31:39.791000+00:00,,2026-10-04T22:31:39.791000+00:00,,4,Ma Oya,Yaka Wewa,e2d831dc-c2ee-45fa-9575-9b0d1c559f58,6,5,1523917,0,0.4
2026-10-04T22:31:35.970000+00:00,,2026-10-04T22:31:35.970000+00:00,,6.9,Kirindi Oya,Kuda Oya,e874796f-1e4f-4339-b86c-d10ac9125360,8.8,8.4,1523916,0,1.17
2026-10-04T22:31:35.711000+00:00,,2026-10-04T22:31:35.711000+00:00,,6,Yan Oya,Horowpothana,4f824c74-56a1-49e5-a4e4-168807e63d38,10.5,7.5,1523915,0,1.71
2026-10-04T22:31:30.300000+00:00,,2026-10-04T22:31:30.300000+00:00,,3.5,Mahaweli Ganga,Nawalapitiya,376b53df-1bbf-4d32-a7f9-f2021a0a228a,6,5,1523914,0,1.59
2026-10-04T22:31:19.853000+00:00,,2026-10-04T22:31:19.853000+00:00,,5,Mahaweli Ganga,Peradeniya,213e7a13-c849-4eaa-8229-d6cc9d5bbb52,9,7,1523913,0,3.64
2026-10-04T22:31:16.848000+00:00,,2026-10-04T22:31:16.848000+00:00,,3,Mahaweli Ganga,Manampitiya,fd328e6b-bbaa-4775-8bfc-4319369beba0,6,4.3,1523912,0,0.2
2026-10-04T22:31:09.009000+00:00,,2026-10-04T22:31:09.009000+00:00,,5,Kumbukkan Oya,Nakkala,dc17d208-dcae-4451-a28a-30f6aa5723b6,7.5,6,1523911,0,0.99
2026-10-04T22:30:57.101000+00:00,,2026-10-04T22:30:57.101000+00:00,,4.5,Heda Oya,Siyambalanduwa,20c169c0-d75c-48a7-99dd-21f89153775f,7,6,1523910,0,0.34
2026-10-04T22:30:28.319000+00:00,,2026-10-04T22:30:28.319000+00:00,,3,Walawe Ganga,Moraketiya,49753d77-352a-4e77-8e1a-54fd2d88c46c,7,5,1523909,0,0.77
2026-10-04T22:25:29.562000+00:00,,2026-10-04T22:25:29.562000+00:00,,6,Yan Oya,Horowpothana,b541945b-f662-4ad1-a00d-8d12ed8f373d,10.5,7.5,1523908,0,7.71
2026-10-04T22:17:27.005000+00:00,,2026-10-04T22:17:27.005000+00:00,,4,Ma Oya,Yaka Wewa,37809d79-e011-4683-9316-10693315584a,6,5,1523907,0,0.4
2026-10-04T21:49:10.746000+00:00,,2026-10-04T21:49:10.746000+00:00,,5,Nilwala Ganga,Panadugama,a0a9761e-67ff-40be-87fa-845fd5230cca,7.5,6,1523906,0,3.89
2026-10-04T21:41:04.901000+00:00,,2026-10-04T21:41:04.901000+00:00,,2.5,Nilwala Ganga,Urawa,700f442d-cc94-4827-be8a-453c0a98823e,6,4,1523905,0,0.39
2026-10-04T21:40:47.487000+00:00,,2026-10-04T21:40:47.487000+00:00,,4,Kelani Ganga,Nagalagam Street,fab6de70-69c1-438a-90b7-7fe137a281bc,7,5,1523904,0,2
2026-10-04T21:40:39.322000+00:00,,2026-10-04T21:40:39.322000+00:00,,3.5,Gin Ganga,Baddegama,167ba20b-812f-4e05-a01b-5c290ca7b3bd,5,4,1523903,0,1.8
2026-10-04T21:40:38.247000+00:00,,2026-10-04T21:40:38.247000+00:00,,3.5,Gin Ganga,Baddegama,00d2d1c0-6886-4191-a7fd-2900071aaca6,5,4,1523902,0,1.77
2026-10-04T21:40:24.935000+00:00,,2026-10-04T21:40:24.935000+00:00,,2.5,Nilwala Ganga,Urawa,00a3d6f7-bf8c-4ed4-870e-665fd89de757,6,4,1523901,0,0.4
2026-10-04T21:38:11.936000+00:00,,2026-10-04T21:38:11.936000+00:00,,1.5,Kelani Ganga,Norwood,707083ce-7e43-467a-b1f8-b876d156cad2,4.5,3,1523900,0,0.96
2026-10-04T21:37:50.622000+00:00,,2026-10-04T21:37:50.622000+00:00,,1.5,Kelani Ganga,Norwood,34ad4820-5698-43f8-8755-e244ee87b42d,4.5,3,1523899,0,0.98
2026-10-04T21:37:29.004000+00:00,,2026-10-04T21:37:29.004000+00:00,,1.4,Nilwala Ganga,Thalgahagoda,7bc4afc4-6da1-4c05-89e3-e51081f543c5,2.8,1.7,1523898,0,0.66
2026-10-04T21:37:04.868000+00:00,,2026-10-04T21:37:04.868000+00:00,,4,Kirindi Oya,Thanamalwila,68b3326b-3295-497d-a842-d021d85ced80,5.5,5,1523897,0,0.99
2026-10-04T21:36:06.127000+00:00,,2026-10-04T21:36:06.127000+00:00,,4,Gin Ganga,Thawalama,876b34b9-5ff8-4d7c-bad5-58876063d960,7.5,6,1523896,0,2.01
2026-10-04T21:35:53.867000+00:00,,2026-10-04T21:35:53.867000+00:00,,3,Kelani Ganga,Holombuwa,8f485cc1-e7a5-46ca-9bb3-2c7b188e115b,6,4,1523895,0,1.19
2026-10-04T21:35:18.413000+00:00,,2026-10-04T21:35:18.413000+00:00,,5.2,Kalu Ganga,Rathnapura,5c7eb3c2-e3d3-4d62-9d49-edba30abfcc1,9.5,7.5,1523894,0,2.1
2026-10-04T21:35:18.303000+00:00,,2026-10-04T21:35:18.303000+00:00,,4,Nilwala Ganga,Pitabeddara,900ba398-a701-4744-bc93-964c312325dd,6.5,5,1523893,0,1
2026-10-04T21:34:28.323000+00:00,,2026-10-04T21:34:28.323000+00:00,,4,Kalu Ganga,Magura,aabf56c6-793e-4417-8673-b53374c48d80,7.5,6,1523892,0,2.39
2026-10-04T21:34:27.268000+00:00,,2026-10-04T21:34:27.268000+00:00,,4,Kalu Ganga,Magura,b013d99f-fd18-4714-8d42-00ce3db80827,7.5,6,1523891,0,2.5
2026-10-04T21:33:52.382000+00:00,,2026-10-04T21:33:52.382000+00:00,,3,Kelani Ganga,Kithulgala,985c66e7-1d75-4b68-895d-50038d53cc3e,6,4,1523890,0,2.2
2026-10-04T21:33:41.356000+00:00,,2026-10-04T21:33:41.356000+00:00,,3.5,Mahaweli Ganga,Nawalapitiya,6ef602c2-3c4f-484a-ae7c-ba786afa4692,6,5,1523889,0,1.61
2026-10-04T21:33:30.266000+00:00,,2026-10-04T21:33:30.266000+00:00,,5,Maha Oya,Badalgama,b15bfb1f-926d-4b91-9b76-fd5e2ebae2fa,9.6,6.2,1523888,0,2.72
2026-10-04T21:33:23.110000+00:00,,2026-10-04T21:33:23.110000+00:00,,10,Kalu Ganga,Ellagawa,cc670419-0102-4187-9cc9-e6620aa477c3,12.2,10.7,1523887,0,6.2
2026-10-04T21:33:10.968000+00:00,,2026-10-04T21:33:10.968000+00:00,,4,Menik Ganga,Katharagama,e76375dd-efcd-400c-8974-a59ecd3ee37f,6.5,4.6,1523886,0,-0.26
2026-10-04T21:32:58.681000+00:00,,2026-10-04T21:32:58.681000+00:00,,4.5,Heda Oya,Siyambalanduwa,c6d188dc-48d6-4bff-8dd3-3c5614301949,7,6,1523885,0,0.34
2026-10-04T21:32:56.606000+00:00,,2026-10-04T21:32:56.606000+00:00,,4.75,Deduru Oya,Moragaswewa,0f3b9574-6e80-468a-8842-92742585494f,7,6,1523884,0,-0.04
2026-10-04T21:32:56.441000+00:00,,2026-10-04T21:32:56.441000+00:00,,5.5,Maha Oya,Giriulla,7b66e886-3783-4266-95b9-eeaca9b4d6ce,7.5,6.5,1523883,0,2
2026-10-04T21:32:52.811000+00:00,,2026-10-04T21:32:52.811000+00:00,,4.8,Kelani Ganga,Deraniyagala,d2b68eaa-ba39-4b70-a022-312c749addd4,7,5.8,1523882,0,0.9
2026-10-04T21:32:42.824000+00:00,,2026-10-04T21:32:42.824000+00:00,,5,Mahaweli Ganga,Peradeniya,5e5fada2-d334-4f05-95f9-89766c33ff43,9,7,1523881,0,3.82
2026-10-04T21:32:42.800000+00:00,,2026-10-04T21:32:42.800000+00:00,,3,Mahaweli Ganga,Thaldena,4a851ce1-8c64-480f-a2b4-d0c202803688,5,4,1523880,0,0.41
2026-10-04T21:32:34.984000+00:00,,2026-10-04T21:32:34.984000+00:00,,3,Mahaweli Ganga,Manampitiya,c086085f-b066-4170-b242-7abca89dfb9a,6,4.3,1523879,0,0.25
2026-10-04T21:32:29.526000+00:00,,2026-10-04T21:32:29.526000+00:00,,4,Menik Ganga,Katharagama,25cf25f9-a058-4800-a3bd-7ab467e67594,6.5,4.6,1523878,0,-0.26
2026-10-04T21:32:10.879000+00:00,,2026-10-04T21:32:10.879000+00:00,,3,Mahaweli Ganga,Manampitiya,6369b57f-8ca5-404c-9da0-d51941e5e37d,6,4.3,1523877,0,0.25
2026-10-04T21:32:05.196000+00:00,,2026-10-04T21:32:05.196000+00:00,,4,Maduru Oya,Padiyathalawa,0b0889b4-f9cb-4899-a732-cff7df0ab2bd,6,4.5,1523876,0,0.1
2026-10-04T21:31:50.233000+00:00,,2026-10-04T21:31:50.233000+00:00,,4,Ma Oya,Yaka Wewa,76234d3b-1b8c-4ae1-9ffc-386f457a05c9,6,5,1523875,0,0.4
2026-10-04T21:31:42.975000+00:00,,2026-10-04T21:31:42.975000+00:00,,6.5,Kelani Ganga,Hanwella,a3e3df41-ae5b-4c6b-8799-95f0181101ec,9.5,7.5,1523874,0,4.07
2026-10-04T21:31:28.541000+00:00,,2026-10-04T21:31:28.541000+00:00,,3,Walawe Ganga,Moraketiya,e85081cd-a3fa-4aeb-be60-d70a3ac12566,7,5,1523873,0,0.78
2026-10-04T21:31:17.823000+00:00,,2026-10-04T21:31:17.823000+00:00,,4.4,Kirindi Oya,Wellawaya,e829e5c6-df38-4cd7-a934-ddbc36729217,5.9,5.4,1523872,0,0.98
2026-10-04T21:31:15.104000+00:00,,2026-10-04T21:31:15.104000+00:00,,6.9,Kirindi Oya,Kuda Oya,fcabe42a-7b4a-489a-8628-5ebd2e25c33e,8.8,8.4,1523871,0,1.18
2026-10-04T21:31:03.579000+00:00,,2026-10-04T21:31:03.579000+00:00,,,Gal Oya,Ampara,de91f5f5-711c-41e9-bc77-ef883e03b133,,,1523870,0,0
2026-10-04T21:30:58.043000+00:00,,2026-10-04T21:30:58.043000+00:00,,5,Kumbukkan Oya,Nakkala,99c92d9c-73e1-4e6c-94cb-091ddd0ef0a9,7.5,6,1523869,0,1.01
2026-10-04T21:20:59.096000+00:00,,2026-10-04T21:20:59.096000+00:00,,6,Yan Oya,Horowpothana,ca7d92ae-188d-489f-9132-84f32bae7342,10.5,7.5,1523868,0,1.71
2026-10-04T21:19:25.542000+00:00,,2026-10-04T21:19:25.542000+00:00,,5.2,Kalu Ganga,Rathnapura,f4a1c416-5305-4585-9c81-862c814633ab,9.5,7.5,1523867,0,2.13
2026-10-04T21:19:23.881000+00:00,,2026-10-04T21:19:23.881000+00:00,,5.2,Kalu Ganga,Rathnapura,a893bfee-36ce-4138-ae3b-bb6182f20e85,9.5,7.5,1523866,0,2.17
2026-10-04T20:56:53.516000+00:00,,2026-10-04T20:56:53.516000+00:00,,3,Kelani Ganga,Holombuwa,e8764d1b-1327-4e95-af48-1d8c4e6a994f,6,4,1523865,0,1.3
2026-10-04T20:52:58.646000+00:00,,2026-10-04T20:52:58.646000+00:00,,3,Mahaweli Ganga,Thaldena,3b4e9f91-e948-49b4-be39-09cce3253392,5,4,1523864,0,0.42
2026-10-04T20:41:16.733000+00:00,,2026-10-04T20:41:16.733000+00:00,,5,Kumbukkan Oya,Nakkala,1624afcd-c7ed-4b2b-b147-574fcbd534a0,7.5,6,1523863,0,1.01
2026-10-04T20:40:22.648000+00:00,,2026-10-04T20:40:22.648000+00:00,,15,Kelani Ganga,Glencourse,2a77672d-92a8-47e1-9e60-2b00eae37dda,19,15.5,1523862,0,12.7
2026-10-04T20:40:22.145000+00:00,,2026-10-04T20:40:22.145000+00:00,,4.4,Kirindi Oya,Wellawaya,01b5af5f-2359-443d-a5b0-118098d1d53b,5.9,5.4,1523861,0,0.92
2026-10-04T20:39:51.963000+00:00,,2026-10-04T20:39:51.963000+00:00,,4.4,Kirindi Oya,Wellawaya,1eb7203a-1ec2-425d-a89c-c57a86efdb98,5.9,5.4,1523860,0,0.92
2026-10-04T20:37:16.390000+00:00,,2026-10-04T20:37:16.390000+00:00,,10,Kalu Ganga,Ellagawa,0118d321-8137-4530-b7d6-0ff23c516f44,12.2,10.7,1523859,0,6.18
2026-10-04T20:37:14.659000+00:00,,2026-10-04T20:37:14.659000+00:00,,10,Kalu Ganga,Ellagawa,e6d6065c-c426-46f3-b5b8-fce9bd526e59,12.2,10.7,1523858,0,6.12
2026-10-04T20:36:17.100000+00:00,,2026-10-04T20:36:17.100000+00:00,,4,Gin Ganga,Thawalama,f0d77f74-e74b-4f63-9265-d56a81ae86d5,7.5,6,1523857,0,2.08
2026-10-04T20:35:49.553000+00:00,,2026-10-04T20:35:49.553000+00:00,,6.5,Kelani Ganga,Hanwella,acc937aa-d2f7-4bae-88f9-464db3ccedea,9.5,7.5,1523856,0,4.02
2026-10-04T20:35:29.826000+00:00,,2026-10-04T20:35:29.826000+00:00,,4,Nilwala Ganga,Pitabeddara,39e97f30-00b1-4d2c-8648-37b743f5693c,6.5,5,1523855,0,1
2026-10-04T20:35:13.858000+00:00,,2026-10-04T20:35:13.858000+00:00,,5,Maha Oya,Badalgama,6efc6717-a317-4288-a26f-8b2ef04de959,9.6,6.2,1523854,0,2.67
2026-10-04T20:34:57.807000+00:00,,2026-10-04T20:34:57.807000+00:00,,4,Menik Ganga,Katharagama,31fb6521-bfd8-4ccd-8606-0d937f5ded5e,6.5,4.6,1523853,0,-0.26
2026-10-04T20:34:56.551000+00:00,,2026-10-04T20:34:56.551000+00:00,,5,Mahaweli Ganga,Peradeniya,6307f2b2-df15-4bae-ae40-3813412fdec4,9,7,1523852,0,3.9
2026-10-04T20:33:42.005000+00:00,,2026-10-04T20:33:42.005000+00:00,,3,Mahaweli Ganga,Manampitiya,08d34536-6a69-49ae-96df-b2f93c0a26b4,6,4.3,1523851,0,0.3
2026-10-04T20:33:27.476000+00:00,,2026-10-04T20:33:27.476000+00:00,,3.3,Aththanagalu Oya,Dunamale,cc03a56c-37d9-4b50-9259-0e371ecfaafd,5.5,4.4,1523850,0,2.55
2026-10-04T20:33:20.727000+00:00,,2026-10-04T20:33:20.727000+00:00,,3,Kelani Ganga,Kithulgala,15af1ba5-e486-4fc7-98e0-7d1ffce3f186,6,4,1523849,0,2.15
2026-10-04T20:33:09.531000+00:00,,2026-10-04T20:33:09.531000+00:00,,4.75,Deduru Oya,Moragaswewa,89bb5a48-9910-43f0-8c27-a1ddf1335343,7,6,1523848,0,-0.04
2026-10-04T20:32:34.224000+00:00,,2026-10-04T20:32:34.224000+00:00,,5.5,Maha Oya,Giriulla,f070b8fb-6130-44f0-b010-fbe3da43f703,7.5,6.5,1523847,0,1.99
2026-10-04T20:32:30.396000+00:00,,2026-10-04T20:32:30.396000+00:00,,4,Kirindi Oya,Thanamalwila,b8f30d9d-3eab-493c-9347-3accb8f57e02,5.5,5,1523846,0,1.05
2026-10-04T20:32:29.352000+00:00,,2026-10-04T20:32:29.352000+00:00,,1.4,Nilwala Ganga,Thalgahagoda,865bd949-b9b6-4e5c-b169-0ffb300bb9ea,2.8,1.7,1523845,0,0.63
2026-10-04T20:32:11.577000+00:00,,2026-10-04T20:32:11.577000+00:00,,4.8,Kelani Ganga,Deraniyagala,eee27cd3-2474-434b-8a46-f64b9561c93f,7,5.8,1523844,0,0.93
2026-10-04T20:31:56.793000+00:00,,2026-10-04T20:31:56.793000+00:00,,4,Kelani Ganga,Nagalagam Street,1f5fc0f9-f1a3-4429-8084-7f6294a82f5d,7,5,1523843,0,1.8
2026-10-04T20:31:55.060000+00:00,,2026-10-04T20:31:55.060000+00:00,,4,Ma Oya,Yaka Wewa,ac60424a-2251-42e0-afc7-986350d12aca,6,5,1523842,0,0.4
2026-10-04T20:31:43.148000+00:00,,2026-10-04T20:31:43.148000+00:00,,4.5,Heda Oya,Siyambalanduwa,ad5e5ef3-7e3e-4342-ae9e-1e2af64eb5a6,7,6,1523841,0,0.34
2026-10-04T20:31:40.175000+00:00,,2026-10-04T20:31:40.175000+00:00,,3.5,Mahaweli Ganga,Nawalapitiya,3081db45-da6e-4be7-9b7f-a702039c3802,6,5,1523840,0,1.63
2026-10-04T20:31:35.229000+00:00,,2026-10-04T20:31:35.229000+00:00,,6.9,Kirindi Oya,Kuda Oya,b4a5a07d-8968-42e8-b604-784c15e1359d,8.8,8.4,1523839,0,1.21
2026-10-04T20:31:26.407000+00:00,,2026-10-04T20:31:26.407000+00:00,,,Gal Oya,Ampara,82f52813-d8b7-43e1-9455-92666fdfa851,,,1523838,0,0
2026-10-04T20:30:18.725000+00:00,,2026-10-04T20:30:18.725000+00:00,,3,Walawe Ganga,Moraketiya,11f26603-5af8-41bc-9344-a148c508062e,7,5,1523837,0,0.78
2026-10-04T20:29:33.220000+00:00,,2026-10-04T20:29:33.220000+00:00,,5,Mahaweli Ganga,Peradeniya,9807570a-77cd-44b6-8130-c3e0bc0789a7,9,7,1523836,0,4.02
2026-10-04T20:08:28.283000+00:00,,2026-10-04T20:08:28.283000+00:00,,4,Kelani Ganga,Nagalagam Street,7cd40668-f577-45ec-80c2-f1789a3005f1,7,5,1523835,0,1.5
2026-10-04T20:04:10.949000+00:00,,2026-10-04T20:04:10.949000+00:00,,4,Kirindi Oya,Thanamalwila,c7ce3600-5575-41d3-8570-cdff0de7b6f2,5.5,5,1523834,0,1.12
2026-10-04T19:55:31.225000+00:00,,2026-10-04T19:55:31.225000+00:00,,3,Kelani Ganga,Holombuwa,d0af2255-229e-4684-9439-07f3996ed7d0,6,4,1523833,0,1.39
2026-10-04T19:50:36.741000+00:00,,2026-10-04T19:50:36.741000+00:00,,4,Kalu Ganga,Magura,68c2bc1b-f902-4ee3-ac03-1d309ab398c8,7.5,6,1523832,0,2.6
2026-10-04T19:50:35.656000+00:00,,2026-10-04T19:50:35.656000+00:00,,4,Kalu Ganga,Magura,e139253f-fd70-46f6-9dad-1f7cc7bea6df,7.5,6,1523831,0,2.76
2026-10-04T19:50:34.389000+00:00,,2026-10-04T19:50:34.389000+00:00,,4,Kalu Ganga,Magura,18e6a503-566f-497b-9cb5-c7e2e8cf24a2,7.5,6,1523830,0,2.84
2026-10-04T19:48:35.764000+00:00,,2026-10-04T19:48:35.764000+00:00,,4,Gin Ganga,Thawalama,efdae966-c8f3-4305-9766-1e19abf09a07,7.5,6,1523829,0,2.16
2026-10-04T19:46:48.916000+00:00,,2026-10-04T19:46:48.916000+00:00,,5,Kumbukkan Oya,Nakkala,e76e3dcd-22b3-4f50-9dcc-f60756e0ca04,7.5,6,1523828,0,1.1
2026-10-04T19:43:45.090000+00:00,,2026-10-04T19:43:45.090000+00:00,,5,Nilwala Ganga,Panadugama,363957c0-0d85-4ed3-876b-15aa40801bae,7.5,6,1523827,0,3.94
2026-10-04T19:39:35.834000+00:00,,2026-10-04T19:39:35.834000+00:00,,3,Kalu Ganga,Putupaula,7e135089-da42-449f-ab4a-5c6782b121da,5,4,1523826,0,0.71
2026-10-04T19:37:07.485000+00:00,,2026-10-04T19:37:07.485000+00:00,,5,Maha Oya,Badalgama,76a357ba-5368-464e-a294-b59f71336a8d,9.6,6.2,1523825,0,2.62
2026-10-04T19:35:57.652000+00:00,,2026-10-04T19:35:57.652000+00:00,,6.5,Kelani Ganga,Hanwella,a94f71ec-ff06-4da4-aada-9189afd5d413,9.5,7.5,1523824,0,3.93
2026-10-04T19:35:45.513000+00:00,,2026-10-04T19:35:45.513000+00:00,,3.5,Gin Ganga,Baddegama,a89c1af2-63e4-4075-8699-842c33b24556,5,4,1523823,0,1.7
2026-10-04T19:34:46.527000+00:00,,2026-10-04T19:34:46.527000+00:00,,15,Kelani Ganga,Glencourse,9d067e7c-f13d-4295-b4bd-e6fe28915072,19,15.5,1523822,0,12.81
2026-10-04T19:34:43.559000+00:00,,2026-10-04T19:34:43.559000+00:00,,4.8,Kelani Ganga,Deraniyagala,2a0c6c25-715d-4801-86cb-7ada0448f86d,7,5.8,1523821,0,1
2026-10-04T19:33:46.443000+00:00,,2026-10-04T19:33:46.443000+00:00,,4.75,Deduru Oya,Moragaswewa,8621cb4e-db0a-45e2-8909-e3dc474e4858,7,6,1523820,0,-0.04
2026-10-04T19:33:41.708000+00:00,,2026-10-04T19:33:41.708000+00:00,,3.3,Aththanagalu Oya,Dunamale,a06938b8-8366-4525-b57c-f36ad18287a2,5.5,4.4,1523819,0,2.4
2026-10-04T19:33:31.360000+00:00,,2026-10-04T19:33:31.360000+00:00,,4,Nilwala Ganga,Pitabeddara,9c3dc334-8b4c-4d3d-882c-108a75954252,6.5,5,1523818,0,1
2026-10-04T19:33:07.744000+00:00,,2026-10-04T19:33:07.744000+00:00,,4.5,Heda Oya,Siyambalanduwa,66aa1ae5-ff96-4b12-bcfe-0ff0aacba7b6,7,6,1523817,0,0.35
2026-10-04T19:32:53.383000+00:00,,2026-10-04T19:32:53.383000+00:00,,3,Kelani Ganga,Kithulgala,b5f8b1d1-e5a6-4356-adf1-4d584da7203e,6,4,1523816,0,2.05
2026-10-04T19:32:51.668000+00:00,,2026-10-04T19:32:51.668000+00:00,,1.4,Nilwala Ganga,Thalgahagoda,62459700-f278-431f-a234-c236c7cfa6b2,2.8,1.7,1523815,0,0.66
2026-10-04T19:32:44.793000+00:00,,2026-10-04T19:32:44.793000+00:00,,4,Menik Ganga,Katharagama,d76a202f-906d-41fa-a440-be8d3a725761,6.5,4.6,1523814,0,-0.26
2026-10-04T19:32:42.954000+00:00,,2026-10-04T19:32:42.954000+00:00,,1.5,Kelani Ganga,Norwood,6ab4cb76-c00c-414e-be9f-717139dcd5c0,4.5,3,1523813,0,0.97
2026-10-04T19:32:34.339000+00:00,,2026-10-04T19:32:34.339000+00:00,,5.5,Maha Oya,Giriulla,6ad4521e-fd9d-4403-b2ab-728e67bbaf0c,7.5,6.5,1523812,0,2.05
2026-10-04T19:32:32.961000+00:00,,2026-10-04T19:32:32.961000+00:00,,4.5,Heda Oya,Siyambalanduwa,d6c8e0b0-f076-42ba-b2cb-beb0e808ede8,7,6,1523811,0,0.35
2026-10-04T19:31:29.650000+00:00,,2026-10-04T19:31:29.650000+00:00,,4,Ma Oya,Yaka Wewa,7bf67eb2-b0dd-4549-9b4a-0fb698d2e6fa,6,5,1523810,0,0.4
2026-10-04T19:31:23.665000+00:00,,2026-10-04T19:31:23.665000+00:00,,6.9,Kirindi Oya,Kuda Oya,41d85e55-f49b-406d-8263-fb20d0fcc3ff,8.8,8.4,1523809,0,1.23
2026-10-04T19:31:09.675000+00:00,,2026-10-04T19:31:09.675000+00:00,,4,Maduru Oya,Padiyathalawa,bb77d93c-4d97-442f-9af8-b68da85c0795,6,4.5,1523808,0,0.1
2026-10-04T19:30:49.508000+00:00,,2026-10-04T19:30:49.508000+00:00,,6,Yan Oya,Horowpothana,c171b86d-ef2f-4f11-89b4-2527c86eaa8c,10.5,7.5,1523807,0,1.71
2026-10-04T19:30:28+00:00,,2026-10-04T19:30:28+00:00,,3.5,Mahaweli Ganga,Nawalapitiya,c7376be1-b58c-4237-9698-618015edfc91,6,5,1523806,0,1.65
2026-10-04T19:30:19.460000+00:00,,2026-10-04T19:30:19.460000+00:00,,3,Mahaweli Ganga,Thaldena,763ebc21-6073-4729-82c8-8d731262346e,5,4,1523805,0,0.48
2026-10-04T19:02:13.281000+00:00,,2026-10-04T19:02:13.281000+00:00,,4,Nilwala Ganga,Pitabeddara,06864434-9d5d-4e8a-b5e2-abbff9ea3179,6.5,5,1523804,0,1.01
2026-10-04T19:02:12.168000+00:00,,2026-10-04T19:02:12.168000+00:00,,4,Nilwala Ganga,Pitabeddara,062a9d11-94c6-4766-afdd-11c98866a4bb,6.5,5,1523803,0,1.01
2026-10-04T19:02:10.782000+00:00,,2026-10-04T19:02:10.782000+00:00,,4,Nilwala Ganga,Pitabeddara,87fc8232-531a-4055-abfb-d0f467ab1e2a,6.5,5,1523802,0,1.01
2026-10-04T18:42:50.643000+00:00,,2026-10-04T18:42:50.643000+00:00,,5.2,Kalu Ganga,Rathnapura,f5f2138c-c541-44b2-a196-ba761545ce45,9.5,7.5,1523801,0,2.18
2026-10-04T18:42:45.633000+00:00,,2026-10-04T18:42:45.633000+00:00,,5,Nilwala Ganga,Panadugama,0087061b-b5a3-4e35-82da-253ec8be73b1,7.5,6,1523800,0,3.91
2026-10-04T18:41:28.543000+00:00,,2026-10-04T18:41:28.543000+00:00,,3,Kelani Ganga,Holombuwa,49b0b008-64d3-43c3-8b28-650d1edaf3f0,6,4,1523799,0,1.44
2026-10-04T18:39:46.542000+00:00,,2026-10-04T18:39:46.542000+00:00,,4,Menik Ganga,Katharagama,465fb317-481e-465a-ba49-f7402d7ac5ad,6.5,4.6,1523798,0,-0.26
2026-10-04T18:39:37.175000+00:00,,2026-10-04T18:39:37.175000+00:00,,3,Kalu Ganga,Putupaula,5b8359c2-8a01-4b8f-ac6b-6a533edf1349,5,4,1523797,0,0.67
2026-10-04T18:38:19.739000+00:00,,2026-10-04T18:38:19.739000+00:00,,4,Kirindi Oya,Thanamalwila,9b606e80-f499-4860-b03b-3d725cc3f8e3,5.5,5,1523796,0,1.19
2026-10-04T18:38:13.238000+00:00,,2026-10-04T18:38:13.238000+00:00,,5,Mahaweli Ganga,Peradeniya,cd28d3f1-bf48-4995-a664-fa80cd20b112,9,7,1523795,0,3.96
2026-10-04T18:36:13.730000+00:00,,2026-10-04T18:36:13.730000+00:00,,5,Maha Oya,Badalgama,1815bf09-92ff-40e5-a1cc-11a7dd9a06d4,9.6,6.2,1523794,0.2,2.56
2026-10-04T18:36:07.052000+00:00,,2026-10-04T18:36:07.052000+00:00,,4,Kelani Ganga,Nagalagam Street,80b3b59c-231b-4150-8b28-b818d92c2316,7,5,1523793,0,1.4
2026-10-04T18:35:16.416000+00:00,,2026-10-04T18:35:16.416000+00:00,,10,Kalu Ganga,Ellagawa,7e720edf-e301-4ffe-adf7-13474a41563b,12.2,10.7,1523792,0,6.07
2026-10-04T18:35:15.384000+00:00,,2026-10-04T18:35:15.384000+00:00,,6.5,Kelani Ganga,Hanwella,42e00a5a-ce7a-4bc5-89d8-2af7ebf61b34,9.5,7.5,1523791,0,3.75
2026-10-04T18:34:52.262000+00:00,,2026-10-04T18:34:52.262000+00:00,,4,Gin Ganga,Thawalama,fc8e01e9-05ad-4165-9707-db4078e66c9a,7.5,6,1523790,0,2.21
2026-10-04T18:34:31.026000+00:00,,2026-10-04T18:34:31.026000+00:00,,1.5,Kelani Ganga,Norwood,7536477b-fc48-48b4-aa0e-ebaeb400c867,4.5,3,1523789,0,0.95
2026-10-04T18:34:05.699000+00:00,,2026-10-04T18:34:05.699000+00:00,,3,Kelani Ganga,Kithulgala,0c3831b2-e7c6-4ecc-b77d-2f79a8d7bbc0,6,4,1523788,0,1.95
2026-10-04T18:33:49.371000+00:00,,2026-10-04T18:33:49.371000+00:00,,3.3,Aththanagalu Oya,Dunamale,d8f78563-6875-46cf-a0c7-2110b2c8645b,5.5,4.4,1523787,0,2.12
2026-10-04T18:33:47.514000+00:00,,2026-10-04T18:33:47.514000+00:00,,3,Mahaweli Ganga,Thaldena,847308a0-d1f8-45c6-8f83-c36360be7016,5,4,1523786,0,0.45
2026-10-04T18:33:46.219000+00:00,,2026-10-04T18:33:46.219000+00:00,,4.4,Kirindi Oya,Wellawaya,058fc89d-99c1-42c5-b4e6-860903da6423,5.9,5.4,1523785,0,0.92
2026-10-04T18:33:22.676000+00:00,,2026-10-04T18:33:22.676000+00:00,,4.8,Kelani Ganga,Deraniyagala,1a0643db-790c-468e-b5a0-0056897b5ca3,7,5.8,1523784,0,1.1
2026-10-04T18:33:12.258000+00:00,,2026-10-04T18:33:12.258000+00:00,,5.5,Maha Oya,Giriulla,50cbfe6b-4807-496c-be25-cdd498d5db5b,7.5,6.5,1523783,0.3,1.98
2026-10-04T18:33:08.878000+00:00,,2026-10-04T18:33:08.878000+00:00,,15,Kelani Ganga,Glencourse,936f7386-b8a6-4fcc-a493-15efbdbdc047,19,15.5,1523782,0,12.91
2026-10-04T18:32:48.944000+00:00,,2026-10-04T18:32:48.944000+00:00,,6,Yan Oya,Horowpothana,833cf44d-0d5a-427f-b9b7-db225129e010,10.5,7.5,1523781,0,1.71
2026-10-04T18:32:38.592000+00:00,,2026-10-04T18:32:38.592000+00:00,,4.75,Deduru Oya,Moragaswewa,adce0bda-3c02-4f59-832f-41de4a52ef8a,7,6,1523780,0,-0.05
2026-10-04T18:32:31.768000+00:00,,2026-10-04T18:32:31.768000+00:00,,2.5,Nilwala Ganga,Urawa,ed8889f7-5047-45fd-b61c-9d3a243ea61f,6,4,1523779,0,0.4
2026-10-04T18:32:11.935000+00:00,,2026-10-04T18:32:11.935000+00:00,,4.5,Heda Oya,Siyambalanduwa,6d3fff7d-c501-4a73-9cc0-b64187541206,7,6,1523778,0,0.35
2026-10-04T18:31:56.983000+00:00,,2026-10-04T18:31:56.983000+00:00,,4,Ma Oya,Yaka Wewa,a2eba86d-2d91-4e37-a2fc-d4efaeaad3d7,6,5,1523777,0,0.4
2026-10-04T18:31:31.701000+00:00,,2026-10-04T18:31:31.701000+00:00,,6.9,Kirindi Oya,Kuda Oya,9404cd8a-7512-4833-9297-74c1a96621f5,8.8,8.4,1523776,0,1.23
2026-10-04T18:31:30.136000+00:00,,2026-10-04T18:31:30.136000+00:00,,5,Kumbukkan Oya,Nakkala,13e7762e-3fae-4850-92d7-19f1df9c2d76,7.5,6,1523775,0,1.17
2026-10-04T18:31:14.677000+00:00,,2026-10-04T18:31:14.677000+00:00,,,Gal Oya,Ampara,f77db56b-ea5e-4144-8ac4-fa605975a0ec,,,1523774,0,0
2026-10-04T18:31:09.487000+00:00,,2026-10-04T18:31:09.487000+00:00,,4,Maduru Oya,Padiyathalawa,1178c20a-bb08-4df1-bc67-ba6e7bbf3b34,6,4.5,1523773,0,0.1
2026-10-04T18:30:49.202000+00:00,,2026-10-04T18:30:49.202000+00:00,,3.5,Mahaweli Ganga,Nawalapitiya,bcbae4ed-ca0d-4412-92b6-0c613f12f6a7,6,5,1523772,0,1.68
2026-10-04T18:30:16.966000+00:00,,2026-10-04T18:30:16.966000+00:00,,3,Walawe Ganga,Moraketiya,5baf59cf-af6b-4729-9e03-e89635e0c83b,7,5,1523771,0,0.8
2026-10-04T18:30:10.673000+00:00,,2026-10-04T18:30:10.673000+00:00,,1.4,Nilwala Ganga,Thalgahagoda,40d6a038-3a03-4d85-b512-564a347bf805,2.8,1.7,1523770,0,0.61
2026-10-04T17:54:26.260000+00:00,,2026-10-04T17:54:26.260000+00:00,,5,Nilwala Ganga,Panadugama,574f4f71-3963-41b2-a9dd-22576272a326,7.5,6,1523769,0,3.73
2026-10-04T17:45:27.948000+00:00,,2026-10-04T17:45:27.948000+00:00,,3.5,Gin Ganga,Baddegama,d46395ca-bf0a-436c-a994-6dc113a66841,5,4,1523768,0,1.6
2026-10-04T17:38:45.702000+00:00,,2026-10-04T17:38:45.702000+00:00,,3,Kalu Ganga,Putupaula,7c98a8d9-5774-4014-a0d5-ce81694d7eb5,5,4,1523767,0,0.63
2026-10-04T17:38:09.135000+00:00,,2026-10-04T17:38:09.135000+00:00,,4,Kirindi Oya,Thanamalwila,cf5e5dfe-c7dd-4a06-b3ff-eb1422087a9e,5.5,5,1523766,0,1.22
2026-10-04T17:37:05.109000+00:00,,2026-10-04T17:37:05.109000+00:00,,3,Kelani Ganga,Holombuwa,b0c657db-20f4-43cc-925c-8972a655e786,6,4,1523765,0,1.72
2026-10-04T17:36:01.970000+00:00,,2026-10-04T17:36:01.970000+00:00,,5.5,Maha Oya,Giriulla,a0b42285-481e-4a9f-a0ce-36d8c5f96575,7.5,6.5,1523764,0,1.89
2026-10-04T17:36:00.241000+00:00,,2026-10-04T17:36:00.241000+00:00,,4,Menik Ganga,Katharagama,0e39c125-aa22-4033-af63-d018375764a7,6.5,4.6,1523763,0,-0.26
2026-10-04T17:35:30.871000+00:00,,2026-10-04T17:35:30.871000+00:00,,5,Maha Oya,Badalgama,c969bef4-952b-40e2-aef7-8a00159b07b9,9.6,6.2,1523762,0,2.5
2026-10-04T17:34:59.730000+00:00,,2026-10-04T17:34:59.730000+00:00,,10,Kalu Ganga,Ellagawa,10354e77-39df-47ae-ae9b-8a4da93424f7,12.2,10.7,1523761,0,6.05
2026-10-04T17:34:27.841000+00:00,,2026-10-04T17:34:27.841000+00:00,,6.5,Kelani Ganga,Hanwella,7cb03d81-68b3-45ba-8b2b-f3f00d305d8b,9.5,7.5,1523760,0,3.52
2026-10-04T17:34:19.240000+00:00,,2026-10-04T17:34:19.240000+00:00,,5,Mahaweli Ganga,Peradeniya,a87eea4c-6ded-4ebd-b407-6a463e31acaf,9,7,1523759,0,3.81
2026-10-04T17:34:14.337000+00:00,,2026-10-04T17:34:14.337000+00:00,,1.4,Nilwala Ganga,Thalgahagoda,b49f00e3-2dca-42c9-b050-e7b0592dbaff,2.8,1.7,1523758,0,0.6
2026-10-04T17:34:09.778000+00:00,,2026-10-04T17:34:09.778000+00:00,,3,Mahaweli Ganga,Thaldena,44052f6b-3111-473c-94f7-daa662dc47b9,5,4,1523757,0,0.4
2026-10-04T17:33:59.555000+00:00,,2026-10-04T17:33:59.555000+00:00,,4.4,Kirindi Oya,Wellawaya,cf0c80df-e726-410e-9ce6-75abe832def5,5.9,5.4,1523756,0,0.92
2026-10-04T17:33:55.026000+00:00,,2026-10-04T17:33:55.026000+00:00,,3.3,Aththanagalu Oya,Dunamale,ecedca41-238e-4216-83cb-0340b0f1fb60,5.5,4.4,1523755,0,1.8
2026-10-04T17:33:52.739000+00:00,,2026-10-04T17:33:52.739000+00:00,,2.5,Nilwala Ganga,Urawa,1f61dd20-9b90-44ef-9dee-eae4243838f9,6,4,1523754,0,0.4
2026-10-04T17:33:13.208000+00:00,,2026-10-04T17:33:13.208000+00:00,,4.75,Deduru Oya,Moragaswewa,61f09848-7e2f-4bac-b22a-afb9deb807db,7,6,1523752,0,-0.05
2026-10-04T17:33:12.574000+00:00,,2026-10-04T17:33:12.574000+00:00,,5,Kumbukkan Oya,Nakkala,d8383c27-ab52-4d5a-b2f1-a3becfb748ca,7.5,6,1523751,0,1.24
2026-10-04T17:32:45.273000+00:00,,2026-10-04T17:32:45.273000+00:00,,15,Kelani Ganga,Glencourse,fe8057bd-ce68-4045-a009-d476154f07fa,19,15.5,1523750,0,12.88
2026-10-04T17:32:41.859000+00:00,,2026-10-04T17:32:41.859000+00:00,,1.5,Kelani Ganga,Norwood,67c4c630-8be2-4a45-b941-297fcd662036,4.5,3,1523749,0,0.98
2026-10-04T17:32:39.756000+00:00,,2026-10-04T17:32:39.756000+00:00,,3,Kelani Ganga,Kithulgala,c7753371-9307-43b1-a012-0a79845579ce,6,4,1523748,0,2.05
2026-10-04T17:32:38.681000+00:00,,2026-10-04T17:32:38.681000+00:00,,4,Ma Oya,Yaka Wewa,dc722712-ad0d-4e40-9958-eb7ae2b45996,6,5,1523747,0,0.4
2026-10-04T17:32:35.767000+00:00,,2026-10-04T17:32:35.767000+00:00,,3,Mahaweli Ganga,Manampitiya,d577c8c4-100f-4b59-a65d-e1e18b2b4d94,6,4.3,1523746,0,0.28
2026-10-04T17:32:29.040000+00:00,,2026-10-04T17:32:29.040000+00:00,,4.8,Kelani Ganga,Deraniyagala,7f5a4167-6369-472c-b7b7-29d5b3e534f9,7,5.8,1523745,0,1.19
2026-10-04T17:32:26.400000+00:00,,2026-10-04T17:32:26.400000+00:00,,4,Gin Ganga,Thawalama,1fdee4c3-ebf1-4ba9-886c-671273ae9073,7.5,6,1523744,0,2.24
2026-10-04T17:32:03.860000+00:00,,2026-10-04T17:32:03.860000+00:00,,4,Kelani Ganga,Nagalagam Street,5749ea3c-962e-4442-bc73-59c857d60416,7,5,1523743,0,1.4
2026-10-04T17:31:45.607000+00:00,,2026-10-04T17:31:45.607000+00:00,,4.4,Kirindi Oya,Wellawaya,52d72dae-aa38-4ead-99d0-497dda4b31f6,5.9,5.4,1523742,0,0.92
2026-10-04T17:31:37.837000+00:00,,2026-10-04T17:31:37.837000+00:00,,5,Kalu Ganga,Kalawellawa (Millakanda),27f39cf9-51c2-4fa2-ba88-f069f6fc8eba,8,6.5,1523741,0,2.3
2026-10-04T17:31:11.943000+00:00,,2026-10-04T17:31:11.943000+00:00,,6.9,Kirindi Oya,Kuda Oya,870bb92f-b476-4ddb-bdb2-304799fffb7e,8.8,8.4,1523740,0,1.28
2026-10-04T17:31:10.698000+00:00,,2026-10-04T17:31:10.698000+00:00,,4,Maduru Oya,Padiyathalawa,4ed7da93-44c8-496b-adbc-1b3a3a1bb076,6,4.5,1523739,0,0.1
2026-10-04T17:31:09.451000+00:00,,2026-10-04T17:31:09.451000+00:00,,4.5,Heda Oya,Siyambalanduwa,2ec498e3-2659-4c39-9665-047da2046f53,7,6,1523738,0,0.36
2026-10-04T17:30:44.892000+00:00,,2026-10-04T17:30:44.892000+00:00,,5.2,Kalu Ganga,Rathnapura,ade669d0-faf3-4114-8fe4-121af5110220,9.5,7.5,1523737,0,2.2
2026-10-04T17:30:41.396000+00:00,,2026-10-04T17:30:41.396000+00:00,,,Gal Oya,Ampara,e873836f-94b2-43d9-abb8-db92641a5538,,,1523736,0,0
2026-10-04T17:30:41.145000+00:00,,2026-10-04T17:30:41.145000+00:00,,6,Yan Oya,Horowpothana,29768f96-6fea-437b-b574-8d3295bba73e,10.5,7.5,1523735,0,1.71
2026-10-04T17:30:28.713000+00:00,,2026-10-04T17:30:28.713000+00:00,,3,Walawe Ganga,Moraketiya,e0b940e8-21a0-42b8-bb2b-e1a7256ee11d,7,5,1523734,0,0.8
2026-10-04T17:30:24.039000+00:00,,2026-10-04T17:30:24.039000+00:00,,3.5,Mahaweli Ganga,Nawalapitiya,1737129d-ed29-4a65-b890-670dfdb9f3c8,6,5,1523733,0,1.71
2026-10-04T17:28:52.670000+00:00,,2026-10-05T01:39:40.029000+00:00,IEHydrology,5,Mahaweli Ganga,Peradeniya,ab32f49b-322d-4af6-9b63-de43b8e6d813,9,7,1523732,0,3.63
2026-10-04T16:58:06.336000+00:00,,2026-10-04T16:58:06.336000+00:00,,4.4,Kirindi Oya,Wellawaya,73e5e53e-9519-489a-a737-58dfd59ca15a,5.9,5.4,1523731,0,0.92
2026-10-04T16:50:36.977000+00:00,,2026-10-04T16:50:36.977000+00:00,,4,Ma Oya,Yaka Wewa,679399cc-2ec1-4921-b44f-3fe74e1b5aed,6,5,1523730,0,0.4
2026-10-04T16:47:56.687000+00:00,,2026-10-04T16:47:56.687000+00:00,,3.5,Gin Ganga,Baddegama,c4ea6c40-c624-45dc-85d3-bf08fa8cc0d7,5,4,1523729,0,1.6
2026-10-04T16:42:24.928000+00:00,,2026-10-04T16:42:24.928000+00:00,,1.4,Nilwala Ganga,Thalgahagoda,6f693c6d-1933-40c5-9666-b9ca21d6f16e,2.8,1.7,1523728,0,0.59
2026-10-04T16:41:31.468000+00:00,,2026-10-04T16:41:31.468000+00:00,,5,Kumbukkan Oya,Nakkala,d0881d64-1ef5-4986-bdff-122b4f4bb4b0,7.5,6,1523727,0,0.9
2026-10-04T16:39:25.765000+00:00,,2026-10-04T16:39:25.765000+00:00,,2.5,Nilwala Ganga,Urawa,fc249f2e-fa15-4fb9-b4d6-ee036a882f78,6,4,1523726,0,0.41
2026-10-04T16:39:19.605000+00:00,,2026-10-04T16:39:19.605000+00:00,,4,Kalu Ganga,Magura,8530c5b6-2bb4-48d6-a880-2c1dc0a6aeec,7.5,6,1523725,0,2.73
2026-10-04T16:38:01.062000+00:00,,2026-10-04T16:38:01.062000+00:00,,5,Kalu Ganga,Kalawellawa (Millakanda),8b867f78-9d79-4d73-ad94-683fea98a178,8,6.5,1523724,0,2.32
2026-10-04T16:37:28.346000+00:00,,2026-10-04T16:37:28.346000+00:00,,5.5,Maha Oya,Giriulla,836407bd-daec-4886-b487-a0a478989fb7,7.5,6.5,1523723,0,1.68
2026-10-04T16:37:27.436000+00:00,,2026-10-04T16:37:27.436000+00:00,,10,Kalu Ganga,Ellagawa,f8f9a808-7909-4b96-a59e-08fbcf4c0f18,12.2,10.7,1523722,0,6.01
2026-10-04T16:37:07.118000+00:00,,2026-10-04T16:37:07.118000+00:00,,3,Mahaweli Ganga,Thaldena,20c95ac9-738a-49a6-8243-6315d9de9c8f,5,4,1523721,0,0.41
2026-10-04T16:36:53.586000+00:00,,2026-10-04T16:36:53.586000+00:00,,4,Menik Ganga,Katharagama,90e002ab-3b38-4395-8007-14947b035a15,6.5,4.6,1523720,0,-0.26
2026-10-04T16:36:15.262000+00:00,,2026-10-04T16:36:15.262000+00:00,,4,Kalu Ganga,Magura,c000e7a5-d00e-4c10-878f-96ed35e72e65,7.5,6,1523719,0,1.73
2026-10-04T16:35:46.142000+00:00,,2026-10-04T16:35:46.142000+00:00,,5,Maha Oya,Badalgama,ad390c7a-c12a-48ab-9380-8571eb7254e7,9.6,6.2,1523718,0,2.48
2026-10-04T16:35:14.338000+00:00,,2026-10-04T16:35:14.338000+00:00,,5,Nilwala Ganga,Panadugama,d7b82b97-714b-4c3b-935d-f1786b8d840e,7.5,6,1523717,0,3.56
2026-10-04T16:34:17.962000+00:00,,2026-10-04T16:34:17.962000+00:00,,4.75,Deduru Oya,Moragaswewa,a7ac05b7-44d9-42cf-85d3-8c940400a3d8,7,6,1523716,0,-0.06
2026-10-04T16:34:08.696000+00:00,,2026-10-04T16:34:08.696000+00:00,,4,Maduru Oya,Padiyathalawa,56a7b10b-f8a9-4559-b331-2f99ea8641d8,6,4.5,1523715,0,0.1
2026-10-04T16:34:08.639000+00:00,,2026-10-04T16:34:08.639000+00:00,,6.9,Kirindi Oya,Kuda Oya,2bfc4994-35ae-4bcd-b008-342d74e0eb06,8.8,8.4,1523714,0,1.29
2026-10-04T16:33:59.647000+00:00,,2026-10-04T16:33:59.647000+00:00,,3.5,Mahaweli Ganga,Nawalapitiya,163b926f-1416-41a7-a2df-5279d4f2920b,6,5,1523713,0,1.78
2026-10-04T16:33:55.860000+00:00,,2026-10-04T16:33:55.860000+00:00,,3.3,Aththanagalu Oya,Dunamale,fccf7f3f-e406-4983-a675-3756f98a7538,5.5,4.4,1523712,0,1.47
2026-10-04T16:33:26.843000+00:00,,2026-10-04T16:33:26.843000+00:00,,4,Gin Ganga,Thawalama,905512ed-e3ae-43d7-9659-1e24da2befe6,7.5,6,1523711,0,2.19
2026-10-04T16:33:24.624000+00:00,,2026-10-04T16:33:24.624000+00:00,,3,Kelani Ganga,Kithulgala,23929891-bbda-474c-b5e7-bdfddc79e969,6,4,1523710,0,2.12
2026-10-04T16:33:21.440000+00:00,,2026-10-04T16:33:21.440000+00:00,,15,Kelani Ganga,Glencourse,699e2e59-0929-4057-aa90-a9d683926fd0,19,15.5,1523709,0,12.77
2026-10-04T16:33:18.281000+00:00,,2026-10-04T16:33:18.281000+00:00,,3,Kalu Ganga,Putupaula,c1ffbff0-b068-4eef-8e70-b19c2e6b5dd0,5,4,1523708,0,0.6
2026-10-04T16:32:48.953000+00:00,,2026-10-04T16:32:48.953000+00:00,,3,Kelani Ganga,Holombuwa,ddd291db-299d-4c5b-a452-5207c94110e0,6,4,1523707,0,2.06
2026-10-04T16:32:34.902000+00:00,,2026-10-04T16:32:34.902000+00:00,,1.5,Kelani Ganga,Norwood,42c16a24-984c-461e-a58d-011eed1e1649,4.5,3,1523706,0,0.99
2026-10-04T16:32:32.261000+00:00,,2026-10-04T16:32:32.261000+00:00,,3,Mahaweli Ganga,Manampitiya,e7ce2882-9c99-460e-904b-23be7fbb5fff,6,4.3,1523705,0,0.18
2026-10-04T16:32:31.173000+00:00,,2026-10-04T16:32:31.173000+00:00,,4,Kirindi Oya,Thanamalwila,6e54dd7c-289b-46a5-b034-20932d2436de,5.5,5,1523704,0,1.24
2026-10-04T16:32:18.172000+00:00,,2026-10-04T16:32:18.172000+00:00,,6.9,Kirindi Oya,Kuda Oya,73ca7e7d-1105-4f50-a1ee-594fbaf26cae,8.8,8.4,1523703,0,1.03
2026-10-04T16:32:10.073000+00:00,,2026-10-04T16:32:10.073000+00:00,,4.8,Kelani Ganga,Deraniyagala,3ab842b1-b8c9-44dd-9230-e6a58ef45229,7,5.8,1523702,0,1.32
2026-10-04T16:31:50.086000+00:00,,2026-10-04T16:31:50.086000+00:00,,4,Kelani Ganga,Nagalagam Street,857536ab-9cc3-42f0-be4a-145ffe240b70,7,5,1523701,0,1.6
2026-10-04T16:31:49.464000+00:00,,2026-10-04T16:31:49.464000+00:00,,6.5,Kelani Ganga,Hanwella,0564716a-b967-4617-9a5c-9538306562ef,9.5,7.5,1523700,0,3.24
2026-10-04T16:31:40.257000+00:00,,2026-10-04T16:31:40.257000+00:00,,5.2,Kalu Ganga,Rathnapura,83dc0751-f898-4bda-b6d8-66d7fbaf20a7,9.5,7.5,1523699,0,2.14
2026-10-04T16:31:33.469000+00:00,,2026-10-04T16:31:33.469000+00:00,,4.4,Kirindi Oya,Wellawaya,60c42e00-65cc-4c2a-8f85-d8642ebc90cd,5.9,5.4,1523698,0.95,0.95
2026-10-04T16:31:24.048000+00:00,,2026-10-04T16:31:24.048000+00:00,,4.5,Heda Oya,Siyambalanduwa,9ad36870-1df7-498a-a4ef-465aad2a2271,7,6,1523697,0,0.36
2026-10-04T16:30:55.382000+00:00,,2026-10-04T16:30:55.382000+00:00,,3,Walawe Ganga,Moraketiya,f1d4c1a6-bda9-4790-ace9-fa1dfd97f46e,7,5,1523696,0,0.8
2026-10-04T16:30:53.267000+00:00,,2026-10-04T16:30:53.267000+00:00,,6,Yan Oya,Horowpothana,01d935bd-ba9f-494b-906e-56b366ad575f,10.5,7.5,1523695,0,1.71
2026-10-04T16:30:39.822000+00:00,,2026-10-04T16:30:39.822000+00:00,,,Gal Oya,Ampara,4007cfcf-f2ce-4d12-8ff9-52e20404c89d,,,1523694,0,0
2026-10-04T15:58:29.926000+00:00,,2026-10-04T15:58:29.926000+00:00,,2.5,Nilwala Ganga,Urawa,4f54afc0-36f5-4446-b218-b9e5d631a775,6,4,1523693,0,0.41
2026-10-04T15:42:56.901000+00:00,,2026-10-04T15:42:56.901000+00:00,,4,Kalu Ganga,Magura,f380c07c-133c-4ce4-9b17-84c754edb205,7.5,6,1523692,0,2.51
2026-10-04T15:40:07.800000+00:00,,2026-10-04T15:40:07.800000+00:00,,5,Kalu Ganga,Kalawellawa (Millakanda),dbf818c4-ba20-42c0-9d10-c344460d027a,8,6.5,1523691,0,2.34
2026-10-04T15:38:43.621000+00:00,,2026-10-04T15:38:43.621000+00:00,,3,Kelani Ganga,Holombuwa,9a5bba26-1abc-491f-be04-6b4ed066f021,6,4,1523690,0.6,2.36
2026-10-04T15:38:41.824000+00:00,,2026-10-04T15:38:41.824000+00:00,,2.5,Nilwala Ganga,Urawa,0f5af72d-6c07-4596-a308-e8a34e519fc8,6,4,1523689,0,0.41
2026-10-04T15:38:01.345000+00:00,,2026-10-04T15:38:01.345000+00:00,,4,Nilwala Ganga,Pitabeddara,f51e32d2-3ddf-4df3-953e-ce5a6f6f7879,6.5,5,1523688,0,1.01
2026-10-04T15:37:29.082000+00:00,,2026-10-04T15:37:29.082000+00:00,,5,Maha Oya,Badalgama,400fc17a-40f4-43c0-9aa4-34e880b2d8bd,9.6,6.2,1523687,0.1,2.46
2026-10-04T15:36:30.383000+00:00,,2026-10-04T15:36:30.383000+00:00,,5,Nilwala Ganga,Panadugama,3f7c749c-f743-45aa-8543-2d1d7ecbca92,7.5,6,1523686,0,3.53
2026-10-04T15:35:51.938000+00:00,,2026-10-04T15:35:51.938000+00:00,,3.5,Gin Ganga,Baddegama,c79955a1-88b4-41e4-8466-b2aea150bf75,5,4,1523685,0,1.62
2026-10-04T15:35:18.299000+00:00,,2026-10-04T15:35:18.299000+00:00,,5,Kumbukkan Oya,Nakkala,ec1b744f-79a8-4faa-8716-809352d59a7a,7.5,6,1523684,0,0.65
2026-10-04T15:34:50.920000+00:00,,2026-10-04T15:34:50.920000+00:00,,3,Kalu Ganga,Putupaula,5390995e-9717-4599-a415-23f56a2f1ef5,5,4,1523683,0,0.61
2026-10-04T15:34:39.062000+00:00,,2026-10-04T15:34:39.062000+00:00,,4,Maduru Oya,Padiyathalawa,7e28e87a-779c-4183-8c59-8022aa3f9179,6,4.5,1523682,0,0.08
2026-10-04T15:34:36.330000+00:00,,2026-10-04T15:34:36.330000+00:00,,3,Mahaweli Ganga,Thaldena,54c5372b-f0d2-4aca-8ffc-c8ec454e5473,5,4,1523681,0,0.37
2026-10-04T15:34:26.575000+00:00,,2026-10-04T15:34:26.575000+00:00,,4,Kirindi Oya,Thanamalwila,123a18e1-1340-4608-8bb4-e25066238288,5.5,5,1523680,0,1.28
2026-10-04T15:34:20.614000+00:00,,2026-10-04T15:34:20.614000+00:00,,5,Mahaweli Ganga,Peradeniya,6addda1f-1493-45fe-ae34-109bcdbb38c8,9,7,1523679,0,3.58
2026-10-04T15:34:20.568000+00:00,,2026-10-04T15:34:20.568000+00:00,,1.5,Kelani Ganga,Norwood,a449fa97-b13c-40fa-a6e9-91db264fcfb1,4.5,3,1523678,0,1.01
2026-10-04T15:33:53.073000+00:00,,2026-10-04T15:33:53.073000+00:00,,15,Kelani Ganga,Glencourse,36701956-7570-490a-aeba-be64780de418,19,15.5,1523677,0,12.57
2026-10-04T15:33:47.748000+00:00,,2026-10-04T15:33:47.748000+00:00,,10,Kalu Ganga,Ellagawa,5d3e8cb9-7a41-4e3c-a369-af8f5d374a5a,12.2,10.7,1523676,0,5.96
2026-10-04T15:33:40.873000+00:00,,2026-10-04T15:33:40.873000+00:00,,5.5,Maha Oya,Giriulla,4a90be7e-1eac-4349-8a9c-d141aeb2a6b1,7.5,6.5,1523675,0.3,1.49
2026-10-04T15:33:27.434000+00:00,,2026-10-04T15:33:27.434000+00:00,,3.3,Aththanagalu Oya,Dunamale,ffc2de8f-422b-4e6f-808a-929b870c47e7,5.5,4.4,1523674,0,1.16
2026-10-04T15:33:23.469000+00:00,,2026-10-04T15:33:23.469000+00:00,,4,Gin Ganga,Thawalama,2f931481-ee70-47c8-9f25-69a299fd3f49,7.5,6,1523673,0,2.07
2026-10-04T15:33:12.806000+00:00,,2026-10-04T15:33:12.806000+00:00,,4.75,Deduru Oya,Moragaswewa,9091d877-13ed-4791-a199-91786eadf7af,7,6,1523672,2.1,-0.07
2026-10-04T15:33:10.660000+00:00,,2026-10-04T15:33:10.660000+00:00,,4,Menik Ganga,Katharagama,3c86fc15-43a2-4a60-8356-6734352ae564,6.5,4.6,1523671,0,-0.26
2026-10-04T15:33:04.736000+00:00,,2026-10-04T15:33:04.736000+00:00,,1.4,Nilwala Ganga,Thalgahagoda,d1e02420-2694-46e6-8fd8-85162a2a2f60,2.8,1.7,1523670,0,0.58
2026-10-04T15:33:00.767000+00:00,,2026-10-04T15:33:00.767000+00:00,,3,Mahaweli Ganga,Manampitiya,009deea6-0eba-4491-91a0-07fe3cc0f5bf,6,4.3,1523669,0,0.12
2026-10-04T15:32:52.558000+00:00,,2026-10-04T15:32:52.558000+00:00,,6.5,Kelani Ganga,Hanwella,1f837e09-8010-40f8-a675-1f19f3d640da,9.5,7.5,1523668,0,2.92
2026-10-04T15:32:47.001000+00:00,,2026-10-04T15:32:47.001000+00:00,,3,Kelani Ganga,Kithulgala,a54a56a5-abe4-4046-9b71-6341f92b9577,6,4,1523667,0,2.07
2026-10-04T15:32:19.869000+00:00,,2026-10-04T15:32:19.869000+00:00,,3,Walawe Ganga,Moraketiya,34052ee0-d1dc-425c-8358-20a1c7a9942e,7,5,1523666,0,0.8
2026-10-04T15:32:18.142000+00:00,,2026-10-04T15:32:18.142000+00:00,,4.8,Kelani Ganga,Deraniyagala,c39ea292-4ba1-42f1-b14a-b9f7ee9768b9,7,5.8,1523665,0,1.43
2026-10-04T15:32:09.789000+00:00,,2026-10-04T15:32:09.789000+00:00,,5.2,Kalu Ganga,Rathnapura,e1425977-f953-4c38-bd84-3f23c96ebc30,9.5,7.5,1523664,0,2.04
2026-10-04T15:31:55.401000+00:00,,2026-10-04T15:31:55.401000+00:00,,6,Yan Oya,Horowpothana,871295b0-8815-48f7-b3ea-e8e27f18ffc7,10.5,7.5,1523663,0,1.72
2026-10-04T15:31:44.135000+00:00,,2026-10-04T15:31:44.135000+00:00,,4,Kelani Ganga,Nagalagam Street,cbeb0602-261e-4ed7-a3c8-8da02668db93,7,5,1523662,0,1.9
2026-10-04T15:31:43.607000+00:00,,2026-10-04T15:31:43.607000+00:00,,4,Ma Oya,Yaka Wewa,d26f46b8-f091-4b54-b3dd-6cd2baa320f6,6,5,1523661,0,0.4
2026-10-04T15:31:35.446000+00:00,,2026-10-04T15:31:35.446000+00:00,,4.5,Heda Oya,Siyambalanduwa,03d33785-f9f8-4a5c-85e8-752df6fa798c,7,6,1523660,0,0.36
2026-10-04T15:31:17.235000+00:00,,2026-10-04T15:31:17.235000+00:00,,6.9,Kirindi Oya,Kuda Oya,5c3cb472-ec3b-470b-ba10-c021789c63dd,8.8,8.4,1523659,0,1.32
2026-10-04T15:30:57.831000+00:00,,2026-10-04T15:30:57.831000+00:00,,3.5,Mahaweli Ganga,Nawalapitiya,dee9576f-3e7e-4768-a512-a7293f7e01b9,6,5,1523658,0,1.9
2026-10-04T15:30:33.192000+00:00,,2026-10-04T15:30:33.192000+00:00,,,Gal Oya,Ampara,862e4426-edb8-475f-87d8-07918d100c0b,,,1523657,0,0
2026-10-04T15:30:08.481000+00:00,,2026-10-04T15:30:08.481000+00:00,,4.4,Kirindi Oya,Wellawaya,7b6ced7b-336d-4074-87c7-59174d7318eb,5.9,5.4,1523656,0,0.92
2026-10-04T14:41:36.169000+00:00,,2026-10-04T14:41:36.169000+00:00,,4,Nilwala Ganga,Pitabeddara,043e53e0-0ad9-485c-819f-ff3b93dbed24,6.5,5,1523655,0,1.01
2026-10-04T14:40:42.271000+00:00,,2026-10-04T14:40:42.271000+00:00,,3.5,Gin Ganga,Baddegama,fe052353-a440-4002-8fef-f11bc981ce84,5,4,1523654,0,1.63
2026-10-04T14:39:06.500000+00:00,,2026-10-04T14:39:06.500000+00:00,,3,Mahaweli Ganga,Thaldena,b0ec1d8d-8f20-4b98-b525-60875d58216a,5,4,1523653,0,0.27
2026-10-04T14:38:59.543000+00:00,,2026-10-04T14:38:59.543000+00:00,,5,Maha Oya,Badalgama,dd202afc-d2b8-4a26-bc45-d9457d17d259,9.6,6.2,1523652,0.2,2.46
2026-10-04T14:37:23.586000+00:00,,2026-10-04T14:37:23.586000+00:00,,6.5,Kelani Ganga,Hanwella,74a2ea72-5cd2-4c8b-a9ab-5fb53c65e333,9.5,7.5,1523651,0,2.69
2026-10-04T14:37:22.484000+00:00,,2026-10-04T14:37:22.484000+00:00,,1.4,Nilwala Ganga,Thalgahagoda,02ec9d1f-67ab-4762-8c60-90991dd7d8b5,2.8,1.7,1523650,0,0.57
2026-10-04T14:37:02.992000+00:00,,2026-10-04T14:37:02.992000+00:00,,4.75,Deduru Oya,Moragaswewa,a18f458d-aae4-4789-9125-4a30e97c7b25,7,6,1523649,5.2,-0.08
2026-10-04T14:36:30.201000+00:00,,2026-10-04T14:36:30.201000+00:00,,4,Maduru Oya,Padiyathalawa,099b1c54-7e7a-4607-9e5c-36c33305b6a3,6,4.5,1523648,0,0.06
2026-10-04T14:36:03.193000+00:00,,2026-10-04T14:36:03.193000+00:00,,2.5,Nilwala Ganga,Urawa,d12d79fc-a10c-46c1-82ef-3e247e5b5a6c,6,4,1523647,0,0.41
2026-10-04T14:35:55.532000+00:00,,2026-10-04T14:35:55.532000+00:00,,4,Kalu Ganga,Magura,3be970ad-5359-4c88-b50b-bb3cdcb1c2c0,7.5,6,1523646,0,2.12
2026-10-04T14:35:49.046000+00:00,,2026-10-04T14:35:49.046000+00:00,,5,Mahaweli Ganga,Peradeniya,5c949b35-4cb6-4d99-a3fc-53e050be5056,9,7,1523645,1.8,3.32
2026-10-04T14:34:44.835000+00:00,,2026-10-04T14:34:44.835000+00:00,,4,Gin Ganga,Thawalama,9c404efe-c8d0-4535-8241-5a15e5baf206,7.5,6,1523644,0,1.96
2026-10-04T14:34:38.480000+00:00,,2026-10-04T14:34:38.480000+00:00,,3,Kelani Ganga,Holombuwa,535a1c12-b103-4de9-8428-13b7f6da7ab3,6,4,1523643,0.3,2.7
2026-10-04T14:34:33.264000+00:00,,2026-10-04T14:34:33.264000+00:00,,4.8,Kelani Ganga,Deraniyagala,68a9e525-f1e6-475f-bc7b-9c1372140d72,7,5.8,1523642,0,1.33
2026-10-04T14:34:20.747000+00:00,,2026-10-04T14:34:20.747000+00:00,,3,Kalu Ganga,Putupaula,5a760145-2689-42d8-9eda-e1baa91efcb9,5,4,1523641,0,0.65
2026-10-04T14:33:58.498000+00:00,,2026-10-04T14:33:58.498000+00:00,,3.3,Aththanagalu Oya,Dunamale,7d867550-c0dc-44d9-9651-16a2f4d2039c,5.5,4.4,1523640,0.3,1.1
2026-10-04T14:33:48.561000+00:00,,2026-10-04T14:33:48.561000+00:00,,3,Mahaweli Ganga,Manampitiya,39aff312-c47b-4793-b9fc-d82ca85e3ce9,6,4.3,1523639,0,0.06
2026-10-04T14:33:12.181000+00:00,,2026-10-04T14:33:12.181000+00:00,,10,Kalu Ganga,Ellagawa,b801bd46-cb72-4668-b687-6ddb548da73c,12.2,10.7,1523638,0,5.91
2026-10-04T14:33:11.580000+00:00,,2026-10-04T14:33:11.580000+00:00,,1.5,Kelani Ganga,Norwood,5d7d2f17-c1ba-4a56-8f06-24a0bb9b698a,4.5,3,1523637,0,1.05
2026-10-04T14:33:10.406000+00:00,,2026-10-04T14:33:10.406000+00:00,,4,Kelani Ganga,Nagalagam Street,aa0c9cbc-8630-4758-af9a-55e706dafa3b,7,5,1523636,0,2.2
2026-10-04T14:33:07.923000+00:00,,2026-10-04T14:33:07.923000+00:00,,4,Menik Ganga,Katharagama,54a76d0a-c77f-4331-b4ca-d60dc3301171,6.5,4.6,1523635,0,-0.26
2026-10-04T14:32:59.273000+00:00,,2026-10-04T14:32:59.273000+00:00,,5.2,Kalu Ganga,Rathnapura,0335b918-c4bf-406c-9eec-62db372521d1,9.5,7.5,1523634,0,1.92
2026-10-04T14:32:34.679000+00:00,,2026-10-04T14:32:34.679000+00:00,,4.5,Heda Oya,Siyambalanduwa,e1c23889-fd0e-4d96-abc5-3493c6cf7818,7,6,1523633,0,0.37
2026-10-04T14:32:31.509000+00:00,,2026-10-04T14:32:31.509000+00:00,,5,Kumbukkan Oya,Nakkala,dea72b36-debe-47b9-98e2-407d9225f412,7.5,6,1523632,0,0.66
2026-10-04T14:32:30.454000+00:00,,2026-10-04T14:32:30.454000+00:00,,5.5,Maha Oya,Giriulla,dbec56f4-d8cc-43ef-a495-c98a27ac7dc5,7.5,6.5,1523631,0,1.41
2026-10-04T14:32:23.872000+00:00,,2026-10-04T14:32:23.872000+00:00,,4,Kirindi Oya,Thanamalwila,a1f83da1-9992-4786-a778-6b0ffa262e5b,5.5,5,1523630,0,1.35
2026-10-04T14:32:23.220000+00:00,,2026-10-04T14:32:23.220000+00:00,,6.9,Kirindi Oya,Kuda Oya,f6589dc0-f2a1-4cb9-86b2-0ae44b54f78b,8.8,8.4,1523629,0,1.37
2026-10-04T14:32:20.803000+00:00,,2026-10-04T14:32:20.803000+00:00,,6,Yan Oya,Horowpothana,2920785c-8e03-436c-bbe5-d30cd2d5d554,10.5,7.5,1523628,0,1.72
2026-10-04T14:32:15.552000+00:00,,2026-10-04T14:32:15.552000+00:00,,3,Kelani Ganga,Kithulgala,277eccc5-f588-4738-a31c-fa6151444b8d,6,4,1523627,0,2.13
2026-10-04T14:32:04.924000+00:00,,2026-10-04T14:32:04.924000+00:00,,15,Kelani Ganga,Glencourse,0543c3e3-5bba-42c5-8825-babb697e27fc,19,15.5,1523626,0,12.2
2026-10-04T14:32:01.472000+00:00,,2026-10-04T14:32:01.472000+00:00,,5,Kalu Ganga,Kalawellawa (Millakanda),c63ab148-2d72-4cc2-965c-77516678bfeb,8,6.5,1523625,0,2.36
2026-10-04T14:32:01.021000+00:00,,2026-10-04T14:32:01.021000+00:00,,5,Nilwala Ganga,Panadugama,26cb45bf-8613-45af-b482-52e9b20afacc,7.5,6,1523624,0,3.47
2026-10-04T14:31:38.183000+00:00,,2026-10-04T14:31:38.183000+00:00,,4,Ma Oya,Yaka Wewa,512851d8-a8e5-4208-8fa6-a57eb70dda20,6,5,1523623,0,0.4
2026-10-04T14:31:34.326000+00:00,,2026-10-04T14:31:34.326000+00:00,,3.5,Mahaweli Ganga,Nawalapitiya,45134d0b-cad4-450f-b63a-1112d77e52f3,6,5,1523622,0,2.06
2026-10-04T14:31:29.409000+00:00,,2026-10-04T14:31:29.409000+00:00,,3,Walawe Ganga,Moraketiya,f2a28482-186a-4572-83db-551b8ea3ce55,7,5,1523621,0,0.8
2026-10-04T14:31:05.855000+00:00,,2026-10-04T14:31:05.855000+00:00,,,Gal Oya,Ampara,f64b4d3c-1b8b-4f00-a52b-fecce1c0182a,,,1523620,0,0
2026-10-04T14:30:44.553000+00:00,,2026-10-04T14:30:44.553000+00:00,,4.4,Kirindi Oya,Wellawaya,6a4b76fd-d338-43f5-bbc5-3af8c66297c7,5.9,5.4,1523619,0,0.92
2026-10-04T13:46:19.665000+00:00,,2026-10-04T13:46:19.665000+00:00,,4,Kalu Ganga,Magura,a75f10c2-1eda-4890-b678-b05e6c029335,7.5,6,1523618,0,1.79
2026-10-04T13:41:01.271000+00:00,,2026-10-04T13:41:01.271000+00:00,,3.5,Gin Ganga,Baddegama,e0b487aa-13ca-40ee-b3c5-00c3150bd801,5,4,1523617,0,1.64
2026-10-04T13:37:38.961000+00:00,,2026-10-04T13:37:38.961000+00:00,,4,Gin Ganga,Thawalama,bc7c01c9-faa3-4bf3-9ec0-a730022ce477,7.5,6,1523616,0,1.87
2026-10-04T13:37:25.066000+00:00,,2026-10-04T13:37:25.066000+00:00,,5,Mahaweli Ganga,Peradeniya,4b25e4fd-2457-4acc-9bb5-07d5f883f633,9,7,1523615,3.8,2.85
2026-10-04T13:37:01.712000+00:00,,2026-10-04T13:37:01.712000+00:00,,5,Nilwala Ganga,Panadugama,92e28964-b118-4ae0-a1b4-ad14734d938d,7.5,6,1523614,0,3.36
2026-10-04T13:36:30.389000+00:00,,2026-10-04T13:36:30.389000+00:00,,5,Maha Oya,Badalgama,9c5d2ac4-a7e0-4fd4-a1b4-2d57cc0997f7,9.6,6.2,1523613,1.8,2.46
2026-10-04T13:36:10.640000+00:00,,2026-10-04T13:36:10.640000+00:00,,3,Mahaweli Ganga,Thaldena,43c3b01f-43dd-4cd7-82de-f3cf8f621b53,5,4,1523612,0,0.2
2026-10-04T13:35:52.185000+00:00,,2026-10-04T13:35:52.185000+00:00,,5,Kalu Ganga,Kalawellawa (Millakanda),3567b7d8-ea44-4c63-826c-a3358a68261b,8,6.5,1523611,0,2.38
2026-10-04T13:35:51.973000+00:00,,2026-10-04T13:35:51.973000+00:00,,10,Kalu Ganga,Ellagawa,8ba78a19-fdce-449d-9c6c-ff469be9a1dd,12.2,10.7,1523610,0,5.82
2026-10-04T13:35:16.181000+00:00,,2026-10-04T13:35:16.181000+00:00,,6.5,Kelani Ganga,Hanwella,71d49c9f-c94d-4311-b95c-9a98ee7bffe7,9.5,7.5,1523609,0.3,2.5
2026-10-04T13:34:36.734000+00:00,,2026-10-04T13:34:36.734000+00:00,,5,Kumbukkan Oya,Nakkala,cc335e4b-d744-4965-aa80-7e87ea5546d5,7.5,6,1523608,0,0.66
2026-10-04T13:34:27.589000+00:00,,2026-10-04T13:34:27.589000+00:00,,1.5,Kelani Ganga,Norwood,39bbb2f0-a55a-4573-a1ab-9e2efe7322c9,4.5,3,1523607,0,1.12
2026-10-04T13:34:05.331000+00:00,,2026-10-04T13:34:05.331000+00:00,,5.5,Maha Oya,Giriulla,f44db80d-a7b9-4147-a900-0d9950cb602e,7.5,6.5,1523606,0.3,1.38
2026-10-04T13:33:46.083000+00:00,,2026-10-04T13:33:46.083000+00:00,,5.2,Kalu Ganga,Rathnapura,7fd14622-38bd-4c5a-98e6-57eba4d4e0b2,9.5,7.5,1523605,0,1.85
2026-10-04T13:33:39.040000+00:00,,2026-10-04T13:33:39.040000+00:00,,15,Kelani Ganga,Glencourse,a126830c-d87e-436c-bf3f-29e40fa9b924,19,15.5,1523604,2.2,11.75
2026-10-04T13:33:32.179000+00:00,,2026-10-04T13:33:32.179000+00:00,,4,Kirindi Oya,Thanamalwila,13d51ea9-8ae0-4fc2-9c3e-eaa53b46ebb3,5.5,5,1523603,0,1.24
2026-10-04T13:33:28.592000+00:00,,2026-10-04T13:33:28.592000+00:00,,2.5,Nilwala Ganga,Urawa,4f9fd1b3-d7dd-4eee-98e9-03fe809ef890,6,4,1523602,0,0.41
2026-10-04T13:33:28.528000+00:00,,2026-10-04T13:33:28.528000+00:00,,3.3,Aththanagalu Oya,Dunamale,c4f3d973-97c4-4271-a422-eb7a4f837c8b,5.5,4.4,1523601,0.7,1.1
2026-10-04T13:33:24.326000+00:00,,2026-10-04T13:33:24.326000+00:00,,4,Menik Ganga,Katharagama,e274d88b-9fbd-4c39-98f8-fc14a9f09450,6.5,4.6,1523600,0,-0.26
2026-10-04T13:33:22.303000+00:00,,2026-10-04T13:33:22.303000+00:00,,1.4,Nilwala Ganga,Thalgahagoda,99fe21ed-5fa3-4531-a723-79d816b2191c,2.8,1.7,1523599,0,0.55
2026-10-04T13:33:03.524000+00:00,,2026-10-04T13:33:03.524000+00:00,,4.8,Kelani Ganga,Deraniyagala,9d41150c-7ea1-4c15-bd4b-1cfd6af1abf8,7,5.8,1523598,1.2,1.01
2026-10-04T13:32:59.061000+00:00,,2026-10-04T13:32:59.061000+00:00,,3,Kalu Ganga,Putupaula,3f504f82-748d-46e4-ab53-1aabe433d7a9,5,4,1523597,0,0.69
2026-10-04T13:32:54.558000+00:00,,2026-10-04T13:32:54.558000+00:00,,3,Kelani Ganga,Kithulgala,bc69478f-c5fb-44cc-8ef6-a5a27ce2bf72,6,4,1523596,0,2.35
2026-10-04T13:32:38.075000+00:00,,2026-10-04T13:32:38.075000+00:00,,3,Kelani Ganga,Holombuwa,daaff61b-c985-4608-865d-b0375a0d08de,6,4,1523595,0,2.52
2026-10-04T13:32:09.263000+00:00,,2026-10-04T13:32:09.263000+00:00,,4.75,Deduru Oya,Moragaswewa,b363f76f-027d-4f5c-8a15-08083d20d006,7,6,1523594,0,-0.08
2026-10-04T13:31:52.234000+00:00,,2026-10-04T13:31:52.234000+00:00,,3,Mahaweli Ganga,Manampitiya,ad71ddf0-e1b3-4e19-beea-c38bca06df39,6,4.3,1523593,0,-0.05
2026-10-04T13:31:51.257000+00:00,,2026-10-04T13:31:51.257000+00:00,,4,Maduru Oya,Padiyathalawa,57475b66-ab7e-44af-b3e7-0c0bdd5cd6de,6,4.5,1523592,0,0.06
2026-10-04T13:31:37.554000+00:00,,2026-10-04T13:31:37.554000+00:00,,4,Nilwala Ganga,Pitabeddara,cca6fb24-fa1e-47fc-9412-256412821c88,6.5,5,1523591,0,1.01
2026-10-04T13:31:27.539000+00:00,,2026-10-04T13:31:27.539000+00:00,,4,Kelani Ganga,Nagalagam Street,42b2b2fc-2d16-4751-8621-163074d32741,7,5,1523590,0,2.2
2026-10-04T13:31:24.001000+00:00,,2026-10-04T13:31:24.001000+00:00,,4,Ma Oya,Yaka Wewa,9f5d89ad-be5c-4ded-9b5b-05161c2f9866,6,5,1523589,0,0.4
2026-10-04T13:31:09.430000+00:00,,2026-10-04T13:31:09.430000+00:00,,6.9,Kirindi Oya,Kuda Oya,e53fd554-48ce-4c78-805e-a7cf2369c025,8.8,8.4,1523588,0,1.39
2026-10-04T13:31:07.505000+00:00,,2026-10-04T13:31:07.505000+00:00,,4.5,Heda Oya,Siyambalanduwa,c08a726e-61f6-4e20-a4e4-b881500d81f4,7,6,1523587,0,0.39
2026-10-04T13:30:56.320000+00:00,,2026-10-04T13:30:56.320000+00:00,,3,Walawe Ganga,Moraketiya,53d86363-2ee2-4515-9b10-c9bac264e7cb,7,5,1523586,0,0.8
2026-10-04T13:30:47.185000+00:00,,2026-10-04T13:30:47.185000+00:00,,,Gal Oya,Ampara,52534ae6-edde-481a-ab7e-4cb9ab157586,,,1523585,0,0
2026-10-04T13:30:38.738000+00:00,,2026-10-04T13:30:38.738000+00:00,,3.5,Mahaweli Ganga,Nawalapitiya,56c8fb8a-6936-4997-966a-758e0badb8ed,6,5,1523584,0,2.3
2026-10-04T13:30:29.276000+00:00,,2026-10-04T13:30:29.276000+00:00,,4.4,Kirindi Oya,Wellawaya,1f1fd807-4b68-44ee-a3fd-7775292f5305,5.9,5.4,1523583,0,0.93
2026-10-04T13:30:15.134000+00:00,,2026-10-04T13:30:15.134000+00:00,,6,Yan Oya,Horowpothana,15423386-6920-4ec6-98cf-8961f43a1517,10.5,7.5,1523582,0,1.72
2026-10-04T13:19:29.677000+00:00,,2026-10-04T13:19:29.677000+00:00,,4,Nilwala Ganga,Pitabeddara,e06c1ede-6731-4211-bea2-95d4ba91f5a1,6.5,5,1523581,0,1.02
2026-10-04T12:42:15.308000+00:00,,2026-10-04T12:42:15.308000+00:00,,3,Kelani Ganga,Holombuwa,2d53984f-d895-4ce0-b0f1-c4824c0d2eae,6,4,1523580,0,1.26
2026-10-04T12:39:10.830000+00:00,,2026-10-04T12:39:10.830000+00:00,,3.5,Gin Ganga,Baddegama,45335eb2-fe71-4328-a9ca-8ba9bfa09840,5,4,1523579,0,1.65
2026-10-04T12:37:48.641000+00:00,,2026-10-04T12:37:48.641000+00:00,,6,Yan Oya,Horowpothana,260b9341-951c-4319-857f-77bc1efede93,10.5,7.5,1523578,0,1.72
2026-10-04T12:37:26.179000+00:00,,2026-10-04T12:37:26.179000+00:00,,4,Gin Ganga,Thawalama,9935c0e5-782f-4c3e-bc2b-304ecde5470e,7.5,6,1523577,0,1.85
2026-10-04T12:36:54.127000+00:00,,2026-10-04T12:36:54.127000+00:00,,4,Menik Ganga,Katharagama,962bdcf0-1806-409e-88cd-89f31c6fedfe,6.5,4.6,1523576,0,-0.26
2026-10-04T12:35:35.946000+00:00,,2026-10-04T12:35:35.946000+00:00,,4,Kirindi Oya,Thanamalwila,92436899-dc05-4a37-be2c-920d9db05ba9,5.5,5,1523575,0,1.05
2026-10-04T12:34:49.202000+00:00,,2026-10-04T12:34:49.202000+00:00,,4.8,Kelani Ganga,Deraniyagala,1a1790a4-2bc1-4f79-91bc-8d8e6952c373,7,5.8,1523574,2.3,1.01
2026-10-04T12:34:47.546000+00:00,,2026-10-04T12:34:47.546000+00:00,,5,Maha Oya,Badalgama,7b1286ae-0049-4952-a8be-0d7e66afadd3,9.6,6.2,1523573,1.5,2.47
2026-10-04T12:34:44.229000+00:00,,2026-10-04T12:34:44.229000+00:00,,4,Maduru Oya,Padiyathalawa,aad7e72c-ff84-4c21-aeb6-0371812a738c,6,4.5,1523572,0,0.06
2026-10-04T12:34:33.769000+00:00,,2026-10-04T12:34:33.769000+00:00,,5,Kalu Ganga,Kalawellawa (Millakanda),bb7af264-f6f8-44bf-aa49-d5f603effc76,8,6.5,1523571,0,2.4
2026-10-04T12:34:15.036000+00:00,,2026-10-04T12:34:15.036000+00:00,,3,Kelani Ganga,Kithulgala,734e09ca-16f8-4296-ad6e-9a09e87fe064,6,4,1523570,3.4,2.03
2026-10-04T12:34:04.659000+00:00,,2026-10-04T12:34:04.659000+00:00,,3.3,Aththanagalu Oya,Dunamale,1cabf69a-a187-4c3c-b3e1-554fe1d8e328,5.5,4.4,1523569,2.5,1.1
2026-10-04T12:33:58.629000+00:00,,2026-10-04T12:33:58.629000+00:00,,1.5,Kelani Ganga,Norwood,cd06b76f-f755-49a6-b689-b0bbf2dea680,4.5,3,1523568,0,1.21
2026-10-04T12:33:54.851000+00:00,,2026-10-04T12:33:54.851000+00:00,,5,Kumbukkan Oya,Nakkala,0331c5d3-0db5-4aa2-8c34-0d73238a9a39,7.5,6,1523567,0.5,0.68
2026-10-04T12:33:48.019000+00:00,,2026-10-04T12:33:48.019000+00:00,,4,Kalu Ganga,Magura,2d81fb4a-df0d-4a3f-a214-e3d3ec2837fd,7.5,6,1523566,0,1.75
2026-10-04T12:33:45.957000+00:00,,2026-10-04T12:33:45.957000+00:00,,5.5,Maha Oya,Giriulla,81fd6f45-c8b2-4caa-b52e-ac4e7ca306dc,7.5,6.5,1523565,26,1.34
2026-10-04T12:33:37.922000+00:00,,2026-10-04T12:33:37.922000+00:00,,5,Malwathu Oya,Thanthirimale,bb04f934-4494-48d2-922d-7978464d745f,7.8,6.8,1523564,12.3,0.41
2026-10-04T12:33:20.891000+00:00,,2026-10-04T12:33:20.891000+00:00,,15,Kelani Ganga,Glencourse,639f5b97-c580-448e-89a0-f996ee70df1a,19,15.5,1523563,3.5,11.43
2026-10-04T12:33:14.105000+00:00,,2026-10-04T12:33:14.105000+00:00,,4.5,Heda Oya,Siyambalanduwa,d1905e1b-9d0d-4fef-bc69-e3c4d5249972,7,6,1523562,0,0.4
2026-10-04T12:33:11.860000+00:00,,2026-10-04T12:33:11.860000+00:00,,2.5,Nilwala Ganga,Urawa,f2ea79ff-f922-4b00-89de-4dc277b2bba4,6,4,1523561,0,0.42
2026-10-04T12:32:55.403000+00:00,,2026-10-04T12:32:55.403000+00:00,,5.2,Kalu Ganga,Rathnapura,813f78ce-dc39-43a9-97f7-d81d8b2bc525,9.5,7.5,1523560,0,1.75
2026-10-04T12:32:48.028000+00:00,,2026-10-04T12:32:48.028000+00:00,,3,Mahaweli Ganga,Thaldena,6dbf3c60-e79a-4a57-b16d-8e31fda64dcd,5,4,1523559,0,0.19
2026-10-04T12:32:40.380000+00:00,,2026-10-04T12:32:40.380000+00:00,,4.75,Deduru Oya,Moragaswewa,8e644cdc-063d-401e-84a2-62bbdac8ad92,7,6,1523558,0,-0.08
2026-10-04T12:32:36.238000+00:00,,2026-10-04T12:32:36.238000+00:00,,4,Kelani Ganga,Nagalagam Street,422c8b73-fb1d-4b0f-84c8-d64d772692e2,7,5,1523557,0,2.1
2026-10-04T12:32:34.173000+00:00,,2026-10-04T12:32:34.173000+00:00,,4.4,Kirindi Oya,Wellawaya,9cdaff6b-52ec-40ce-9e12-72bf8f18cf7f,5.9,5.4,1523556,0,0.91
2026-10-04T12:32:20.642000+00:00,,2026-10-04T12:32:20.642000+00:00,,5,Mahaweli Ganga,Peradeniya,a2712593-c616-4cf1-b003-5f4947e267c7,9,7,1523555,0,2.34
2026-10-04T12:31:54.701000+00:00,,2026-10-04T12:31:54.701000+00:00,,6.5,Kelani Ganga,Hanwella,07ae1c75-5b6e-48f9-941b-1441274375c8,9.5,7.5,1523554,0,2.39
2026-10-04T12:31:44.900000+00:00,,2026-10-04T12:31:44.900000+00:00,,3.5,Mahaweli Ganga,Nawalapitiya,273b661f-bff0-4741-8064-b73806410360,6,5,1523553,0.6,2.08
2026-10-04T12:31:35.737000+00:00,,2026-10-04T12:31:35.737000+00:00,,,Gal Oya,Ampara,a4e2c832-7dbb-4f1e-a2ca-72500233b621,,,1523552,0,0
2026-10-04T12:31:34.740000+00:00,,2026-10-04T12:31:34.740000+00:00,,3,Kalu Ganga,Putupaula,fb6a1f2d-759c-460f-b591-4baae9ffb72e,5,4,1523551,0,0.73
2026-10-04T12:31:29.118000+00:00,,2026-10-04T12:31:29.118000+00:00,,3,Mahaweli Ganga,Manampitiya,c2420692-fe07-4a19-b626-922c7252c2cd,6,4.3,1523550,0,-0.15
2026-10-04T12:31:21.216000+00:00,,2026-10-04T12:31:21.216000+00:00,,4,Ma Oya,Yaka Wewa,49379fe4-5773-40fe-aa40-bd5a49c02432,6,5,1523549,0.5,0.4
2026-10-04T12:31:16.794000+00:00,,2026-10-04T12:31:16.794000+00:00,,10,Kalu Ganga,Ellagawa,21453a3e-9b7d-49bd-b8fb-ad81cdd89121,12.2,10.7,1523548,0,5.75
2026-10-04T12:31:09.652000+00:00,,2026-10-04T12:31:09.652000+00:00,,6.9,Kirindi Oya,Kuda Oya,4d73449b-5483-4772-a6c8-86753254cef3,8.8,8.4,1523547,0,1.51
2026-10-04T12:31:07.447000+00:00,,2026-10-04T12:31:07.447000+00:00,,5,Nilwala Ganga,Panadugama,63908cae-ad75-4606-a37e-a85683c048be,7.5,6,1523546,0,3.29
2026-10-04T12:30:42.667000+00:00,,2026-10-04T12:30:42.667000+00:00,,3,Walawe Ganga,Moraketiya,2a32f7dd-9b01-4240-9ebb-de6f250dc74c,7,5,1523545,0,0.81
2026-10-04T12:30:18.524000+00:00,,2026-10-04T12:30:18.524000+00:00,,4.84,Mee Oya,Galgamuwa,fbeee041-f54d-4c10-9287-4bee099026ea,8,5.94,1523544,0,0
2026-10-04T12:30:17.844000+00:00,,2026-10-04T12:30:17.844000+00:00,,1.4,Nilwala Ganga,Thalgahagoda,f5833b57-4001-4f9e-8df5-73705880aa4b,2.8,1.7,1523543,0,0.58
2026-10-04T12:30:10.612000+00:00,,2026-10-04T12:30:10.612000+00:00,,5,Mahaweli Ganga,Weraganthota,a91acd20-c573-4d22-96ef-908c6a70ced3,8,6,1523542,1.9,-3.55
2026-10-04T11:52:02.481000+00:00,,2026-10-04T11:52:02.481000+00:00,,3,Mahaweli Ganga,Manampitiya,5aeb9e79-9024-4f81-9a75-582c34e348ff,6,4.3,1523541,0,-0.25
2026-10-04T11:47:12.007000+00:00,,2026-10-04T11:47:12.007000+00:00,,4,Kalu Ganga,Magura,ac5f5ea1-ea36-40ea-af39-808cd8d6e966,7.5,6,1523540,0,1.67
2026-10-04T11:42:20.019000+00:00,,2026-10-04T11:42:20.019000+00:00,,1.4,Nilwala Ganga,Thalgahagoda,9406c525-2c1c-4ac6-a04c-6d19dbb229f2,2.8,1.7,1523539,0,0.55
2026-10-04T11:39:39.087000+00:00,,2026-10-04T11:39:39.087000+00:00,,3.5,Gin Ganga,Baddegama,21fe1ac3-4dc7-43ea-b573-3bd58a53d7d7,5,4,1523538,0,1.68
2026-10-04T11:39:07.025000+00:00,,2026-10-04T11:39:07.025000+00:00,,4.84,Mee Oya,Galgamuwa,e3f8f279-6b7b-4bb9-bc9a-47b8b59272b8,8,5.94,1523537,0,0
2026-10-04T11:36:48.353000+00:00,,2026-10-04T11:36:48.353000+00:00,,3,Kelani Ganga,Holombuwa,5e99786c-4b15-4e82-bb88-ca70603e019f,6,4,1523536,11.8,0.53
2026-10-04T11:36:15.164000+00:00,,2026-10-04T11:36:15.164000+00:00,,4,Nilwala Ganga,Pitabeddara,22f8d319-d910-49a7-aadb-f82ec8df8978,6.5,5,1523535,0,1.02
2026-10-04T11:36:07.573000+00:00,,2026-10-04T11:36:07.573000+00:00,,5,Kalu Ganga,Kalawellawa (Millakanda),b2906f1c-130e-419b-a818-da816245c47f,8,6.5,1523534,0,2.42
2026-10-04T11:35:26.013000+00:00,,2026-10-04T11:35:26.013000+00:00,,3,Kelani Ganga,Kithulgala,6cd942c1-674c-4f66-ae25-4748ca1f1e50,6,4,1523533,10.7,2.17
2026-10-04T11:35:08.130000+00:00,,2026-10-04T11:35:08.130000+00:00,,3,Mahaweli Ganga,Thaldena,a364511b-64da-4710-add1-89fa72ae2aa2,5,4,1523532,0.2,0.19
2026-10-04T11:34:45.514000+00:00,,2026-10-04T11:34:45.514000+00:00,,10,Kalu Ganga,Ellagawa,d7f3dcb8-8acf-4948-8308-16dcaaa82722,12.2,10.7,1523531,0.2,5.75
2026-10-04T11:34:42.731000+00:00,,2026-10-04T11:34:42.731000+00:00,,4,Maduru Oya,Padiyathalawa,66928710-dd33-44e3-b462-2483c52941d4,6,4.5,1523530,0,0.06
2026-10-04T11:34:31.114000+00:00,,2026-10-04T11:34:31.114000+00:00,,5.5,Maha Oya,Giriulla,1023a3ea-1af3-42bc-abfb-13e2e552f953,7.5,6.5,1523529,14,1.28
2026-10-04T11:34:19.001000+00:00,,2026-10-04T11:34:19.001000+00:00,,15,Kelani Ganga,Glencourse,00343b0c-8b81-4b69-ba40-706749620316,19,15.5,1523528,14.6,11.1
2026-10-04T11:34:02.229000+00:00,,2026-10-04T11:34:02.229000+00:00,,3.3,Aththanagalu Oya,Dunamale,7d0db1e4-05b6-4ad8-984f-804a1708a52a,5.5,4.4,1523527,0,1.1
2026-10-04T11:34:01.706000+00:00,,2026-10-04T11:34:01.706000+00:00,,5,Malwathu Oya,Thanthirimale,4d67deb9-97ed-4ec0-8359-6209f32ee326,7.8,6.8,1523526,36.1,0.4
2026-10-04T11:33:50.291000+00:00,,2026-10-04T11:33:50.291000+00:00,,3,Walawe Ganga,Moraketiya,628546a7-c55f-405e-bdee-0ad68a2adc17,7,5,1523525,0,0.82
2026-10-04T11:33:36.971000+00:00,,2026-10-04T11:33:36.971000+00:00,,4,Kelani Ganga,Nagalagam Street,9076fe8c-bb4b-465a-8981-e4c61b77890d,7,5,1523524,0,2
2026-10-04T11:33:30.885000+00:00,,2026-10-04T11:33:30.885000+00:00,,4,Menik Ganga,Katharagama,2d2f35b7-1ec0-40a3-97e3-4e3c471479ce,6.5,4.6,1523523,0,-0.26
2026-10-04T11:33:26.581000+00:00,,2026-10-04T11:33:26.581000+00:00,,5.2,Kalu Ganga,Rathnapura,96baee6b-7662-4724-90a4-860eed5c1048,9.5,7.5,1523522,0,1.76
2026-10-04T11:33:05.665000+00:00,,2026-10-04T11:33:05.665000+00:00,,5,Mahaweli Ganga,Peradeniya,2026f23a-df88-4366-8633-e2b18bb6644c,9,7,1523521,0,2.18
2026-10-04T11:33:05.372000+00:00,,2026-10-04T11:33:05.372000+00:00,,4,Kirindi Oya,Thanamalwila,2905f4ad-4a08-4fb3-adf7-15cac4efea32,5.5,5,1523520,0.4,0.55
2026-10-04T11:33:04.525000+00:00,,2026-10-04T11:33:04.525000+00:00,,2.5,Nilwala Ganga,Urawa,3ab5843c-d268-49fe-be17-e6336e9b87fd,6,4,1523519,0,0.44
2026-10-04T11:33:03.130000+00:00,,2026-10-04T11:33:03.130000+00:00,,3,Kalu Ganga,Putupaula,0e85ccf1-6691-48d3-aaa0-9f0bc7f16672,5,4,1523518,0,0.74
2026-10-04T11:32:50.511000+00:00,,2026-10-04T11:32:50.511000+00:00,,6.5,Kelani Ganga,Hanwella,429d6617-40a8-46a5-92f0-94002d5597b8,9.5,7.5,1523517,0,2.39
2026-10-04T11:32:49.070000+00:00,,2026-10-04T11:32:49.070000+00:00,,4.8,Kelani Ganga,Deraniyagala,1a5d304f-cb2d-4224-9fc5-1e74ca15b8f8,7,5.8,1523516,1.5,0.87
2026-10-04T11:32:43.872000+00:00,,2026-10-04T11:32:43.872000+00:00,,4.75,Deduru Oya,Moragaswewa,6a7bde1b-e062-46b0-8590-a33cc293480f,7,6,1523515,0,-0.08
2026-10-04T11:32:37.345000+00:00,,2026-10-04T11:32:37.345000+00:00,,5,Nilwala Ganga,Panadugama,db9fa69b-bfe9-4aa9-afe1-f14c797c7a82,7.5,6,1523514,0,3.28
2026-10-04T11:32:19.814000+00:00,,2026-10-04T11:32:19.814000+00:00,,5,Maha Oya,Badalgama,1f0f8f07-be8b-4d30-af11-a8e8ba575e7d,9.6,6.2,1523513,0,2.48
2026-10-04T11:32:17.147000+00:00,,2026-10-04T11:32:17.147000+00:00,,3.5,Mahaweli Ganga,Nawalapitiya,96bc1826-b146-4811-891a-1abba274c8ae,6,5,1523512,16,1.7
2026-10-04T11:31:57.486000+00:00,,2026-10-04T11:31:57.486000+00:00,,6.9,Kirindi Oya,Kuda Oya,07f917ae-f808-4ccb-b3f4-115959bd2867,8.8,8.4,1523511,12.3,1.54
2026-10-04T11:31:55.790000+00:00,,2026-10-04T11:31:55.790000+00:00,,4,Ma Oya,Yaka Wewa,ac4055e5-1952-4077-8619-0faf40c4cf68,6,5,1523510,2.6,0.4
2026-10-04T11:31:55.685000+00:00,,2026-10-04T11:31:55.685000+00:00,,4,Gin Ganga,Thawalama,d76c83a4-6c37-4ee3-bc26-feb947837e2e,7.5,6,1523509,0,1.84
2026-10-04T11:31:47.981000+00:00,,2026-10-04T11:31:47.981000+00:00,,1.5,Kelani Ganga,Norwood,6e4f8db9-b88a-4e34-9305-773923673b0d,4.5,3,1523508,0,1.2
2026-10-04T11:31:42.252000+00:00,,2026-10-04T11:31:42.252000+00:00,,4,Nilwala Ganga,Pitabeddara,9ee16175-97ac-4f32-9ded-2adc70fcfd2a,6.5,5,1523507,0,1.02
2026-10-04T11:31:24.214000+00:00,,2026-10-04T11:31:24.214000+00:00,,4.4,Kirindi Oya,Wellawaya,167d3a15-6c42-4104-bfd4-c210b8b542ff,5.9,5.4,1523506,0,0.92
2026-10-04T11:31:10.136000+00:00,,2026-10-04T11:31:10.136000+00:00,,,Gal Oya,Ampara,b8a56a62-b916-48a7-8bb6-fdd58c4ef001,,,1523505,0,0
2026-10-04T11:30:58.427000+00:00,,2026-10-04T11:30:58.427000+00:00,,6,Yan Oya,Horowpothana,fd9854d7-d44e-475d-b9bb-2bfdd13c97b8,10.5,7.5,1523504,0,1.72
2026-10-04T11:30:56.725000+00:00,,2026-10-04T11:30:56.725000+00:00,,5,Kumbukkan Oya,Nakkala,daca03ae-18da-4d92-8f93-baa8025e3dd5,7.5,6,1523503,0.6,0.7
2026-10-04T11:30:46.406000+00:00,,2026-10-04T11:30:46.406000+00:00,,3,Mahaweli Ganga,Manampitiya,478ccbfe-33ae-4a93-9c98-6a8b75199139,6,4.3,1523502,0,-0.25
2026-10-04T11:30:09.851000+00:00,,2026-10-04T11:30:09.851000+00:00,,4.5,Heda Oya,Siyambalanduwa,05d1da5a-3e58-4b80-8f98-b579fb3ba928,7,6,1523501,0,0.42
2026-10-04T11:30:09.694000+00:00,,2026-10-04T11:30:09.694000+00:00,,5,Mahaweli Ganga,Weraganthota,0b8a81b8-1195-4dd8-a1f4-c6fae5379666,8,6,1523500,0.5,-3.54
2026-10-04T10:44:51.793000+00:00,,2026-10-04T10:44:51.793000+00:00,,4,Kalu Ganga,Magura,18882328-1a2f-4df9-8b5b-658176815a1f,7.5,6,1523499,5.3,1.59
2026-10-04T10:41:25.946000+00:00,,2026-10-04T10:41:25.946000+00:00,,3.5,Gin Ganga,Baddegama,13b7f639-081f-4dd9-8ff7-66416ee5c900,5,4,1523498,0,1.7
2026-10-04T10:41:03.745000+00:00,,2026-10-04T10:41:03.745000+00:00,,5,Nilwala Ganga,Panadugama,311d8931-b8c5-4539-a9f5-1a6d79b09a3f,7.5,6,1523497,0,3.28
2026-10-04T10:40:29.908000+00:00,,2026-10-04T10:40:29.908000+00:00,,1.4,Nilwala Ganga,Thalgahagoda,ad5c0584-94b2-459a-9b27-a001de552e4d,2.8,1.7,1523496,0,0.55
2026-10-04T10:38:56.791000+00:00,,2026-10-04T10:38:56.791000+00:00,,4,Nilwala Ganga,Pitabeddara,2471dfd5-36dd-46ef-996a-f2856b17a86d,6.5,5,1523495,0,1.02
2026-10-04T10:38:16.663000+00:00,,2026-10-04T10:38:16.663000+00:00,,4,Gin Ganga,Thawalama,a646a705-5200-4a1f-8fa0-b2e185560075,7.5,6,1523494,0,1.82
2026-10-04T10:37:24.303000+00:00,,2026-10-04T10:37:24.303000+00:00,,3,Kelani Ganga,Kithulgala,7bf6f967-1f96-4539-bb72-237e4e6da92f,6,4,1523493,1.2,1.95
2026-10-04T10:37:05.079000+00:00,,2026-10-04T10:37:05.079000+00:00,,5.2,Kalu Ganga,Rathnapura,fd456640-7656-45af-bbce-6d9f3f091788,9.5,7.5,1523492,5.3,1.74
2026-10-04T10:36:24.653000+00:00,,2026-10-04T10:36:24.653000+00:00,,4,Kirindi Oya,Thanamalwila,2183b105-ad2f-42b8-b28d-a78810e4511c,5.5,5,1523491,0,0.49
2026-10-04T10:36:00.449000+00:00,,2026-10-04T10:36:00.449000+00:00,,6.9,Kirindi Oya,Kuda Oya,caa3be22-43e5-409e-8ad0-456dbe162cbf,8.8,8.4,1523490,78.3,1.43
2026-10-04T10:35:17.838000+00:00,,2026-10-04T10:35:17.838000+00:00,,,Gal Oya,Ampara,3ed1e3c7-3c10-4c0f-8ed1-1f0ebed56936,,,1523489,0,0
2026-10-04T10:35:16.325000+00:00,,2026-10-04T10:35:16.325000+00:00,,10,Kalu Ganga,Ellagawa,91f7f8d6-03ce-4b8a-b9a1-376c7dea2a5c,12.2,10.7,1523488,1.3,5.79
2026-10-04T10:35:06.988000+00:00,,2026-10-04T10:35:06.988000+00:00,,5,Maha Oya,Badalgama,b8101d12-7932-435c-823b-efaf0586e6d0,9.6,6.2,1523487,0,2.5
2026-10-04T10:34:18.801000+00:00,,2026-10-04T10:34:18.801000+00:00,,3,Kelani Ganga,Holombuwa,2f3487c7-73ae-4242-b7df-622991f84262,6,4,1523486,0.6,0.47
2026-10-04T10:34:04.383000+00:00,,2026-10-04T10:34:04.383000+00:00,,5,Mahaweli Ganga,Peradeniya,05fdd89a-1c62-44c5-8f50-40c6f756e80b,9,7,1523485,0,2.16
2026-10-04T10:34:03.674000+00:00,,2026-10-04T10:34:03.674000+00:00,,5.5,Maha Oya,Giriulla,201b57da-a758-4072-b11e-4533e6898d6f,7.5,6.5,1523484,0,1.28
2026-10-04T10:34:01.282000+00:00,,2026-10-04T10:34:01.282000+00:00,,15,Kelani Ganga,Glencourse,37966c71-064e-4461-8f32-2765b64de544,19,15.5,1523483,53.8,10.58
2026-10-04T10:33:54.687000+00:00,,2026-10-04T10:33:54.687000+00:00,,4,Kelani Ganga,Nagalagam Street,0cf92cc1-2dad-4acd-9300-1075d198f5b5,7,5,1523482,0,1.8
2026-10-04T10:33:53.441000+00:00,,2026-10-04T10:33:53.441000+00:00,,3,Mahaweli Ganga,Thaldena,62433716-7876-490c-b22f-a2d6fdbd9c14,5,4,1523481,0.3,0.2
2026-10-04T10:33:39.464000+00:00,,2026-10-04T10:33:39.464000+00:00,,5,Kalu Ganga,Kalawellawa (Millakanda),d75779ec-9a5b-441a-9e1d-677d115fcdf0,8,6.5,1523480,1.6,2.44
2026-10-04T10:33:35.139000+00:00,,2026-10-04T10:33:35.139000+00:00,,5,Kumbukkan Oya,Nakkala,98b25375-23e6-40e2-b44e-9d8cbb1a82ad,7.5,6,1523479,1,0.7
2026-10-04T10:33:32.762000+00:00,,2026-10-04T10:33:32.762000+00:00,,1.5,Kelani Ganga,Norwood,6613167f-384a-498a-b117-ec292d9d38ce,4.5,3,1523478,4.5,1.29
2026-10-04T10:33:30.681000+00:00,,2026-10-04T10:33:30.681000+00:00,,3.3,Aththanagalu Oya,Dunamale,94a9c1b3-b1c0-4fa5-9d98-253a881e9335,5.5,4.4,1523477,0,1.11
2026-10-04T10:33:16.944000+00:00,,2026-10-04T10:33:16.944000+00:00,,4,Menik Ganga,Katharagama,29226586-e507-457d-a4a7-b53a6daeec66,6.5,4.6,1523476,0,-0.26
2026-10-04T10:33:04.012000+00:00,,2026-10-04T10:33:04.012000+00:00,,4.84,Mee Oya,Galgamuwa,7f3d548e-3b05-49d7-9408-e84e301104f8,8,5.94,1523475,0,0.01
2026-10-04T10:33:02.509000+00:00,,2026-10-04T10:33:02.509000+00:00,,6.5,Kelani Ganga,Hanwella,7d571fc2-5307-4e45-8eab-595d57d3f02c,9.5,7.5,1523474,0,2.45
2026-10-04T10:32:45.852000+00:00,,2026-10-04T10:32:45.852000+00:00,,3,Kalu Ganga,Putupaula,61dbcf0e-b2d3-45ee-86c8-04c634e85fc6,5,4,1523473,0,0.76
2026-10-04T10:32:44.030000+00:00,,2026-10-04T10:32:44.030000+00:00,,2.5,Nilwala Ganga,Urawa,89046371-4c60-44ae-9bb2-97244c79dd5f,6,4,1523472,0,0.45
2026-10-04T10:32:32.480000+00:00,,2026-10-04T10:32:32.480000+00:00,,4.5,Heda Oya,Siyambalanduwa,a2e88a84-ee26-467b-9b42-98e33c94a54d,7,6,1523471,0,0.43
2026-10-04T10:32:28.640000+00:00,,2026-10-04T10:32:28.640000+00:00,,3,Walawe Ganga,Moraketiya,a13b3f84-1b2e-4581-b1b7-cb360d473580,7,5,1523470,0,0.84
2026-10-04T10:32:22.199000+00:00,,2026-10-04T10:32:22.199000+00:00,,4.75,Deduru Oya,Moragaswewa,8216a777-9a41-4715-9be6-40bb3f834e10,7,6,1523469,0,-0.08
2026-10-04T10:32:19.891000+00:00,,2026-10-04T10:32:19.891000+00:00,,4.8,Kelani Ganga,Deraniyagala,b84a1a7c-72d6-4485-b6b4-2933ba810916,7,5.8,1523468,0,0.74
2026-10-04T10:32:10.897000+00:00,,2026-10-04T10:32:10.897000+00:00,,3.5,Mahaweli Ganga,Nawalapitiya,4a6d772f-9c88-46bf-b523-eb0476ee6013,6,5,1523467,4.5,1.59
2026-10-04T10:31:51.784000+00:00,,2026-10-04T10:31:51.784000+00:00,,4,Maduru Oya,Padiyathalawa,0e35e3e0-4f73-4a7c-8142-9cef3e210ce5,6,4.5,1523466,0,0.06
2026-10-04T10:31:48.111000+00:00,,2026-10-04T10:31:48.111000+00:00,,6,Yan Oya,Horowpothana,707f1083-b2d9-4ae0-8904-8e968cdc47af,10.5,7.5,1523465,0,1.72
2026-10-04T10:31:31.112000+00:00,,2026-10-04T10:31:31.112000+00:00,,4.4,Kirindi Oya,Wellawaya,57217d46-9b0c-4115-9792-641fc9d9e1ac,5.9,5.4,1523464,0,0.92
2026-10-04T10:31:18.380000+00:00,,2026-10-04T10:31:18.380000+00:00,,3,Mahaweli Ganga,Manampitiya,109c716e-f820-4c42-b070-df637073f417,6,4.3,1523463,0,-0.3
2026-10-04T10:31:00.943000+00:00,,2026-10-04T10:31:00.943000+00:00,,4,Ma Oya,Yaka Wewa,a84fb4c2-f7db-4ca4-be3b-74c69e86f978,6,5,1523462,0,0.4
2026-10-04T10:30:57.653000+00:00,,2026-10-04T10:30:57.653000+00:00,,5,Malwathu Oya,Thanthirimale,df8c5570-ab09-471b-ba97-22b05d9775e6,7.8,6.8,1523461,0,0.4
2026-10-04T10:30:19.958000+00:00,,2026-10-04T10:30:19.958000+00:00,,5,Mahaweli Ganga,Weraganthota,907ea938-1989-4b35-a402-25935e39cae9,8,6,1523460,0,-3.51
2026-10-04T09:49:41.312000+00:00,,2026-10-04T09:49:41.312000+00:00,,1.4,Nilwala Ganga,Thalgahagoda,5fb0fd55-5e17-4d52-8201-f753e704f4be,2.8,1.7,1523459,0,0.6
2026-10-04T09:44:54.597000+00:00,,2026-10-04T09:44:54.597000+00:00,,5.2,Kalu Ganga,Rathnapura,6bd587b9-e8ce-4786-8318-19a918b0a5f6,9.5,7.5,1523458,13,1.7
2026-10-04T09:41:47.553000+00:00,,2026-10-04T09:41:47.553000+00:00,,4,Kalu Ganga,Magura,7ded72f1-efc3-4c7f-b571-6c3be2686735,7.5,6,1523457,5.1,1.6
2026-10-04T09:41:44.013000+00:00,,2026-10-04T09:41:44.013000+00:00,,3,Kelani Ganga,Holombuwa,b623b640-1958-4de3-926f-e6bd9a6fe5a7,6,4,1523456,0,0.48
2026-10-04T09:39:09.863000+00:00,,2026-10-04T09:39:09.863000+00:00,,4,Gin Ganga,Thawalama,cb9c4cfc-f7b4-4f57-b8a0-d5171329992b,7.5,6,1523455,0,1.8
2026-10-04T09:38:04.677000+00:00,,2026-10-04T09:38:04.677000+00:00,,5,Kalu Ganga,Kalawellawa (Millakanda),57ad0127-2ab0-4d77-a562-244122c3f745,8,6.5,1523454,0,2.47
2026-10-04T09:36:49.732000+00:00,,2026-10-04T09:36:49.732000+00:00,,5,Mahaweli Ganga,Peradeniya,acfb2c17-24fe-4e82-b6d4-1771d52d9c9d,9,7,1523453,27.6,2.04
2026-10-04T09:36:41.351000+00:00,,2026-10-04T09:36:41.351000+00:00,,4.75,Deduru Oya,Moragaswewa,0aecb5d2-51a6-4f9d-b415-b6deb2707829,7,6,1523452,0,-0.07
2026-10-04T09:36:21.913000+00:00,,2026-10-04T09:36:21.913000+00:00,,4,Maduru Oya,Padiyathalawa,de20ef56-47bf-43dd-90ec-e68f7a0309d9,6,4.5,1523451,0,0.06
2026-10-04T09:36:13.309000+00:00,,2026-10-04T09:36:13.309000+00:00,,4,Kirindi Oya,Thanamalwila,439f582a-f023-493e-8e37-9b7685cd95d3,5.5,5,1523450,0,0.5
2026-10-04T09:35:17.972000+00:00,,2026-10-04T09:35:17.972000+00:00,,3.5,Gin Ganga,Baddegama,0ab92345-d7d9-4943-9ec1-4aced40c5cad,5,4,1523449,0,1.74
2026-10-04T09:35:17.878000+00:00,,2026-10-04T09:35:17.878000+00:00,,15,Kelani Ganga,Glencourse,6ea79198-96c5-47a8-bdfa-c7792fe9a0df,19,15.5,1523448,0,10.54
2026-10-04T09:35:06.789000+00:00,,2026-10-04T09:35:06.789000+00:00,,10,Kalu Ganga,Ellagawa,3124ddd8-b799-4785-9270-d342e8fe162b,12.2,10.7,1523447,0,5.86
2026-10-04T09:34:43.921000+00:00,,2026-10-04T09:34:43.921000+00:00,,5,Kumbukkan Oya,Nakkala,6154fcba-0a49-408e-b50f-cf3bd47d297b,7.5,6,1523446,0,0.71
2026-10-04T09:34:17.489000+00:00,,2026-10-04T09:34:17.489000+00:00,,4.84,Mee Oya,Galgamuwa,fd3970ff-7046-49e2-b688-78459c63b66e,8,5.94,1523445,0,0.01
2026-10-04T09:34:16.239000+00:00,,2026-10-04T09:34:16.239000+00:00,,4.84,Mee Oya,Galgamuwa,671ed188-7b16-40aa-98c7-9773e7f3e7a9,8,5.94,1523444,0,0.01
2026-10-04T09:34:04.800000+00:00,,2026-10-04T09:34:04.800000+00:00,,3,Kalu Ganga,Putupaula,52c56839-71ca-4ab4-8c17-2a0869751fa2,5,4,1523443,0,0.77
2026-10-04T09:33:51.022000+00:00,,2026-10-04T09:33:51.022000+00:00,,3.3,Aththanagalu Oya,Dunamale,8300d09a-0051-4dc5-b810-2c1c66e5bc83,5.5,4.4,1523442,0,1.12
2026-10-04T09:33:30.240000+00:00,,2026-10-04T09:33:30.240000+00:00,,6.5,Kelani Ganga,Hanwella,833566f6-d24b-4fc3-977a-b04dcb78ea68,9.5,7.5,1523441,0,2.5
2026-10-04T09:33:26.671000+00:00,,2026-10-04T09:33:26.671000+00:00,,4,Kelani Ganga,Nagalagam Street,86e6b79b-f317-47a5-b57b-d0255bfecdea,7,5,1523440,0,1.65
2026-10-04T09:33:16.927000+00:00,,2026-10-04T09:33:16.927000+00:00,,4.8,Kelani Ganga,Deraniyagala,82ac7815-5da1-4ae9-a7a0-9afa6091612a,7,5.8,1523439,2.8,0.74
2026-10-04T09:33:13.980000+00:00,,2026-10-04T09:33:13.980000+00:00,,5,Nilwala Ganga,Panadugama,e0eae24e-173d-4dd3-94fc-f7f2d75eefa2,7.5,6,1523438,0,3.29
2026-10-04T09:33:13.227000+00:00,,2026-10-04T09:33:13.227000+00:00,,1.5,Kelani Ganga,Norwood,32bfbd36-1fc8-4126-a8a9-bfef73346b37,4.5,3,1523437,4.1,1.34
2026-10-04T09:33:12.621000+00:00,,2026-10-04T09:33:12.621000+00:00,,1.4,Nilwala Ganga,Thalgahagoda,0bd72052-d35d-47f9-a9ca-7f841f63850c,2.8,1.7,1523436,0,0.63
2026-10-04T09:32:50.093000+00:00,,2026-10-04T09:32:50.093000+00:00,,4,Menik Ganga,Katharagama,b813e032-221b-443b-ae9a-c169c216af41,6.5,4.6,1523435,0,-0.26
2026-10-04T09:32:48.963000+00:00,,2026-10-04T09:32:48.963000+00:00,,2.5,Nilwala Ganga,Urawa,05428f71-0844-434b-a54f-0ac72fdf088f,6,4,1523434,0,0.48
2026-10-04T09:32:41.150000+00:00,,2026-10-04T09:32:41.150000+00:00,,3,Kelani Ganga,Kithulgala,eb9f4b7f-7565-42cb-9b54-ee9d369c5753,6,4,1523433,0,1.95
2026-10-04T09:32:26.558000+00:00,,2026-10-04T09:32:26.558000+00:00,,5.5,Maha Oya,Giriulla,510270e9-c64f-44a1-bf2a-894464831f41,7.5,6.5,1523432,0,1.29
2026-10-04T09:32:20.760000+00:00,,2026-10-04T09:32:20.760000+00:00,,5,Maha Oya,Badalgama,38fff494-5cc4-48e5-aaf9-38e0a25abb38,9.6,6.2,1523431,0,2.53
2026-10-04T09:32:17.763000+00:00,,2026-10-04T09:32:17.763000+00:00,,3.5,Mahaweli Ganga,Nawalapitiya,e5654748-0035-47a3-97e1-31911b28ad24,6,5,1523430,17.7,1.55
2026-10-04T09:31:56.903000+00:00,,2026-10-04T09:31:56.903000+00:00,,4.5,Heda Oya,Siyambalanduwa,84070609-45a3-4ae3-bb93-7c822adab978,7,6,1523429,0,0.46
2026-10-04T09:31:36.640000+00:00,,2026-10-04T09:31:36.640000+00:00,,3,Mahaweli Ganga,Manampitiya,e4f7e197-4e1d-4273-a570-4679868cf0ac,6,4.3,1523428,0,-0.3
2026-10-04T09:31:32.749000+00:00,,2026-10-04T09:31:32.749000+00:00,,4,Nilwala Ganga,Pitabeddara,5792561d-0a8a-46c4-bb16-728afacb9dde,6.5,5,1523427,0,1.02
2026-10-04T09:31:31.783000+00:00,,2026-10-04T09:31:31.783000+00:00,,4,Ma Oya,Yaka Wewa,ef312276-a821-4e8e-99c1-d8bec8e04793,6,5,1523426,10.2,0.4
2026-10-04T09:31:15.286000+00:00,,2026-10-04T09:31:15.286000+00:00,,6,Yan Oya,Horowpothana,465eca34-c7db-42a7-8305-4abeca1c27f1,10.5,7.5,1523425,0,1.72
2026-10-04T09:31:08.183000+00:00,,2026-10-04T09:31:08.183000+00:00,,3,Mahaweli Ganga,Thaldena,8d4da4b9-94dc-4ace-9c27-60cf9f4ad209,5,4,1523424,0.1,0.21
2026-10-04T09:30:44.142000+00:00,,2026-10-04T09:30:44.142000+00:00,,4.4,Kirindi Oya,Wellawaya,2843ed8e-11c0-476e-8d8d-2864815ed305,5.9,5.4,1523423,3.8,0.94
2026-10-04T09:30:41.388000+00:00,,2026-10-04T09:30:41.388000+00:00,,5,Malwathu Oya,Thanthirimale,1007afc3-bee2-42c8-9030-702c8f19b147,7.8,6.8,1523422,0,0.4
2026-10-04T09:30:37.299000+00:00,,2026-10-04T09:30:37.299000+00:00,,,Gal Oya,Ampara,3a234a2b-ffd3-4255-894a-1d2e9a5e621e,,,1523421,0,0
2026-10-04T09:30:34.056000+00:00,,2026-10-04T09:30:34.056000+00:00,,3,Walawe Ganga,Moraketiya,20ee3d57-7ed4-4d11-907d-8963473649ae,7,5,1523420,0,0.87
2026-10-04T09:30:15.965000+00:00,,2026-10-04T09:30:15.965000+00:00,,5,Mahaweli Ganga,Weraganthota,27b3217c-c92e-47d3-b997-cc95522a2583,8,6,1523419,0,-3.51
2026-10-04T08:56:35.660000+00:00,,2026-10-04T08:56:35.660000+00:00,,4,Kalu Ganga,Magura,094a755d-3cb8-4eab-9d4e-6b05df66c18d,7.5,6,1523418,4.7,1.61
2026-10-04T08:44:57.691000+00:00,,2026-10-04T08:44:57.691000+00:00,,4,Gin Ganga,Thawalama,1d6259f5-a115-4938-8ff2-26508b15709d,7.5,6,1523417,0,1.71
2026-10-04T08:43:33.940000+00:00,,2026-10-04T08:43:33.940000+00:00,,2.5,Nilwala Ganga,Urawa,c571aee6-e7d2-4d19-ac24-ea0a20d863d6,6,4,1523416,21.2,0.48
2026-10-04T08:41:09.180000+00:00,,2026-10-04T08:41:09.180000+00:00,,1.4,Nilwala Ganga,Thalgahagoda,7000702f-3eed-45c2-9085-97d3664fd596,2.8,1.7,1523415,0,0.63
2026-10-04T08:37:52.772000+00:00,,2026-10-04T08:37:52.772000+00:00,,15,Kelani Ganga,Glencourse,d1c58c76-e9ea-4f67-a1b0-6cb2e51c2723,19,15.5,1523414,0.6,10.6
2026-10-04T08:37:11.681000+00:00,,2026-10-04T08:37:11.681000+00:00,,3,Walawe Ganga,Moraketiya,018b34d4-4fce-4fe6-8f7d-3cafa3d457de,7,5,1523413,0,0.9
2026-10-04T08:36:58.931000+00:00,,2026-10-04T08:36:58.931000+00:00,,4.8,Kelani Ganga,Deraniyagala,6749d48a-8032-4d7b-a602-72829d35bf57,7,5.8,1523412,0,0.74
2026-10-04T08:36:31.981000+00:00,,2026-10-04T08:36:31.981000+00:00,,1.5,Kelani Ganga,Norwood,ea98cc27-504a-46b9-91dd-d54c2c7326d9,4.5,3,1523411,21.3,1.13
2026-10-04T08:36:18.916000+00:00,,2026-10-04T08:36:18.916000+00:00,,3,Mahaweli Ganga,Manampitiya,dd07ab11-8c5f-4e7f-8f21-05a125488536,6,4.3,1523410,0,-0.3
2026-10-04T08:36:16.021000+00:00,,2026-10-04T08:36:16.021000+00:00,,4,Nilwala Ganga,Pitabeddara,e5ff8b87-1983-4dd4-adc2-def50a9287e0,6.5,5,1523409,0,1.02
2026-10-04T08:36:05.603000+00:00,,2026-10-04T08:36:05.603000+00:00,,3,Kelani Ganga,Holombuwa,e3dcb842-8eac-4709-a4a8-4bf00b9404f4,6,4,1523408,0,0.5
2026-10-04T08:36:04.556000+00:00,,2026-10-04T08:36:04.556000+00:00,,5,Nilwala Ganga,Panadugama,4f6500aa-f178-48d7-8226-71d5c45105c3,7.5,6,1523407,0,3.3
2026-10-04T08:34:33.788000+00:00,,2026-10-04T08:34:33.788000+00:00,,5.2,Kalu Ganga,Rathnapura,dac2fb22-9244-4c76-b76f-6a66dd83ba9c,9.5,7.5,1523406,0,1.71
2026-10-04T08:34:08.558000+00:00,,2026-10-04T08:34:08.558000+00:00,,5,Kalu Ganga,Kalawellawa (Millakanda),7d3151db-8199-46aa-a63d-7e5f59a8e093,8,6.5,1523405,0,2.52
2026-10-04T08:33:52.411000+00:00,,2026-10-04T08:33:52.411000+00:00,,3,Kelani Ganga,Kithulgala,945eb2f8-1ff3-4a07-875b-0dc4c2be82fb,6,4,1523404,0,2.1
2026-10-04T08:33:49.717000+00:00,,2026-10-04T08:33:49.717000+00:00,,10,Kalu Ganga,Ellagawa,718b9b2f-c23d-4e82-ada0-a18e3ba260f8,12.2,10.7,1523403,0,5.91
2026-10-04T08:33:46.105000+00:00,,2026-10-04T08:33:46.105000+00:00,,5,Mahaweli Ganga,Peradeniya,262cdb7b-9643-4907-8b10-49b36911b68d,9,7,1523402,2.8,1.98
2026-10-04T08:33:28.235000+00:00,,2026-10-04T08:33:28.235000+00:00,,3.3,Aththanagalu Oya,Dunamale,a52bc209-927c-4ad2-a71d-ed5cf46c3613,5.5,4.4,1523401,0,1.12
2026-10-04T08:33:26.849000+00:00,,2026-10-04T08:33:26.849000+00:00,,5.5,Maha Oya,Giriulla,b6c92166-3bb1-43ca-b2a7-f79e522c905a,7.5,6.5,1523400,0,1.31
2026-10-04T08:33:24.344000+00:00,,2026-10-04T08:33:24.344000+00:00,,5,Maha Oya,Badalgama,e73b87b0-514a-443b-aeee-ff26555359b9,9.6,6.2,1523399,0,2.56
2026-10-04T08:32:57.696000+00:00,,2026-10-04T08:32:57.696000+00:00,,4,Kirindi Oya,Thanamalwila,002e7bd5-e2b3-4020-b460-405191dd98c2,5.5,5,1523398,0,0.52
2026-10-04T08:32:47.012000+00:00,,2026-10-04T08:32:47.012000+00:00,,6.5,Kelani Ganga,Hanwella,7ce8521b-b70b-488c-b0c2-0cd3e506adfe,9.5,7.5,1523397,0,2.57
2026-10-04T08:32:38.664000+00:00,,2026-10-04T08:32:38.664000+00:00,,3,Mahaweli Ganga,Thaldena,f4f4ba2c-e240-4a0b-90a5-c93b033cea88,5,4,1523396,2.1,0.22
2026-10-04T08:32:23.701000+00:00,,2026-10-04T08:32:23.701000+00:00,,3.5,Gin Ganga,Baddegama,90a427d8-e9b3-4982-9009-cc3da06e00bd,5,4,1523395,0,1.78
2026-10-04T08:32:22.189000+00:00,,2026-10-04T08:32:22.189000+00:00,,4,Ma Oya,Yaka Wewa,15cb5d25-8e69-43db-a7f3-a110c5977df9,6,5,1523394,6.8,0.4
2026-10-04T08:32:11.643000+00:00,,2026-10-04T08:32:11.643000+00:00,,4,Menik Ganga,Katharagama,4c1b15b6-8141-4466-ba5f-7378fe1f4de5,6.5,4.6,1523393,0,-0.26
2026-10-04T08:32:11.093000+00:00,,2026-10-04T08:32:11.093000+00:00,,5,Kumbukkan Oya,Nakkala,6190c3ba-32eb-4388-9b42-2524d9f7fd57,7.5,6,1523392,0,0.72
2026-10-04T08:31:57.242000+00:00,,2026-10-04T08:31:57.242000+00:00,,4,Kelani Ganga,Nagalagam Street,79b3fa45-dd21-4e8f-ab9c-39a69c7adba9,7,5,1523391,0,1.6
2026-10-04T08:31:43.784000+00:00,,2026-10-04T08:31:43.784000+00:00,,3,Kalu Ganga,Putupaula,afff49a4-b38b-453d-b356-4e2537b649a4,5,4,1523390,0,0.77
2026-10-04T08:31:39.894000+00:00,,2026-10-04T08:31:39.894000+00:00,,6.9,Kirindi Oya,Kuda Oya,743dc898-af2d-4dcc-9640-b2a7e006ee0f,8.8,8.4,1523389,0,1.32
2026-10-04T08:31:15.260000+00:00,,2026-10-04T08:31:15.260000+00:00,,4,Maduru Oya,Padiyathalawa,aff594f8-a10b-4425-9840-755b67ce68a1,6,4.5,1523388,0,0.06
2026-10-04T08:31:11.980000+00:00,,2026-10-04T08:31:11.980000+00:00,,,Gal Oya,Ampara,4f6cf5cc-89d2-4a25-bfbd-72730a56b57b,,,1523387,0,0
2026-10-04T08:31:01.711000+00:00,,2026-10-04T08:31:01.711000+00:00,,4.75,Deduru Oya,Moragaswewa,6273de48-cef5-4aec-a728-e90076b29137,7,6,1523386,0,-0.07
2026-10-04T08:30:51.773000+00:00,,2026-10-04T08:30:51.773000+00:00,,5,Malwathu Oya,Thanthirimale,f16980a5-f538-4743-8633-0faaf37c77d0,7.8,6.8,1523385,0,0.4
2026-10-04T08:30:38.176000+00:00,,2026-10-04T08:30:38.176000+00:00,,6,Yan Oya,Horowpothana,bf821494-7b47-4cfa-bd6c-b9d46b6b91c7,10.5,7.5,1523384,0,1.72
2026-10-04T08:30:27.972000+00:00,,2026-10-04T08:30:27.972000+00:00,,5,Mahaweli Ganga,Weraganthota,a5ecb481-e775-4d6d-a914-7f97c605797c,8,6,1523383,0,-3.47
2026-10-04T08:30:20.983000+00:00,,2026-10-04T08:30:20.983000+00:00,,3.5,Mahaweli Ganga,Nawalapitiya,f055b6d4-12bd-4635-a3ad-102eb3481704,6,5,1523382,0,1.35
2026-10-04T08:30:09.113000+00:00,,2026-10-04T08:30:09.113000+00:00,,4.4,Kirindi Oya,Wellawaya,d07844c4-d704-4726-a293-e2589c02a2be,5.9,5.4,1523381,0,0.95
2026-10-04T08:30:08.018000+00:00,,2026-10-04T08:30:08.018000+00:00,,4.5,Heda Oya,Siyambalanduwa,2b97d4bf-250c-4a54-9c62-b52b282dfdae,7,6,1523380,0,0.47
2026-10-04T07:47:50.887000+00:00,,2026-10-04T07:47:50.887000+00:00,,4,Kalu Ganga,Magura,de9cefcb-df82-4866-8ba9-a2872b5b0d26,7.5,6,1523379,0,1.63
2026-10-04T07:44:11.558000+00:00,,2026-10-04T07:44:11.558000+00:00,,1.4,Nilwala Ganga,Thalgahagoda,b05abed5-69a6-41b1-8737-2a269f9250c3,2.8,1.7,1523378,0,0.63
2026-10-04T07:40:50.885000+00:00,,2026-10-04T07:40:50.885000+00:00,,2.5,Nilwala Ganga,Urawa,0b4220de-9438-49da-abb2-233e00ece30b,6,4,1523377,0,0.42
2026-10-04T07:39:27.812000+00:00,,2026-10-04T07:39:27.812000+00:00,,4,Gin Ganga,Thawalama,f72a0246-5d86-4902-aaad-ac8797bbba2e,7.5,6,1523376,0,1.73
2026-10-04T07:38:55.139000+00:00,,2026-10-04T07:38:55.139000+00:00,,5,Nilwala Ganga,Panadugama,e5557e31-61c3-42a9-a7e0-0cdd6b097b05,7.5,6,1523375,0,3.31
2026-10-04T07:38:28.827000+00:00,,2026-10-04T07:38:28.827000+00:00,,3,Mahaweli Ganga,Manampitiya,1c2446f4-63a7-49d0-ae86-9783b212c134,6,4.3,1523374,2.7,-0.25
2026-10-04T07:35:42.213000+00:00,,2026-10-04T07:35:42.213000+00:00,,6.9,Kirindi Oya,Kuda Oya,b99e6e18-614b-4de1-be91-34311d8eb03e,8.8,8.4,1523373,0,1.32
2026-10-04T07:35:39.185000+00:00,,2026-10-04T07:35:39.185000+00:00,,3,Mahaweli Ganga,Thaldena,55437218-c6a6-4106-be99-9fc09591ef7a,5,4,1523372,0,0.15
2026-10-04T07:35:38.612000+00:00,,2026-10-04T07:35:38.612000+00:00,,4,Menik Ganga,Katharagama,7b217e7d-a134-45c0-a54c-9a940ba9d1a2,6.5,4.6,1523371,0,-0.26
2026-10-04T07:35:23.986000+00:00,,2026-10-04T07:35:23.986000+00:00,,15,Kelani Ganga,Glencourse,28324533-ad3a-415e-8a1b-8ea3b6db633e,19,15.5,1523370,0,10.66
2026-10-04T07:35:19.421000+00:00,,2026-10-04T07:35:19.421000+00:00,,3.5,Gin Ganga,Baddegama,6caadcc7-559c-409c-a5cc-1d5b15e7632c,5,4,1523369,0,1.82
2026-10-04T07:34:58.843000+00:00,,2026-10-04T07:34:58.843000+00:00,,1.5,Kelani Ganga,Norwood,b102aab2-f299-49ec-bf24-62765ef48abc,4.5,3,1523368,0,0.92
2026-10-04T07:34:42.947000+00:00,,2026-10-04T07:34:42.947000+00:00,,5,Kalu Ganga,Kalawellawa (Millakanda),e1c60963-dd4e-423e-83c8-a78ffd8c19e3,8,6.5,1523367,0,2.58
2026-10-04T07:34:32.822000+00:00,,2026-10-04T07:34:32.822000+00:00,,3,Kalu Ganga,Putupaula,41215747-a57a-4674-bf83-5016d0af1232,5,4,1523366,0,0.76
2026-10-04T07:34:21.042000+00:00,,2026-10-04T07:34:21.042000+00:00,,4,Kirindi Oya,Thanamalwila,e39ea907-7606-4185-bb52-6b3b1724a8ea,5.5,5,1523365,0,0.54
2026-10-04T07:34:08.718000+00:00,,2026-10-04T07:34:08.718000+00:00,,4,Kelani Ganga,Nagalagam Street,acec7e1c-3816-4596-88a7-4c4477e33498,7,5,1523364,0,1.7
2026-10-04T07:34:06.786000+00:00,,2026-10-04T07:34:06.786000+00:00,,5.2,Kalu Ganga,Rathnapura,97f4dd4c-f0b6-424e-8065-706ead8f76db,9.5,7.5,1523363,0,1.74
2026-10-04T07:34:05.796000+00:00,,2026-10-04T07:34:05.796000+00:00,,4.8,Kelani Ganga,Deraniyagala,0eda6968-2c1c-431a-898d-c5abc1dd3059,7,5.8,1523362,0,0.7
2026-10-04T07:33:59.779000+00:00,,2026-10-04T07:33:59.779000+00:00,,3.3,Aththanagalu Oya,Dunamale,7b70aeb0-1fab-4bac-87dd-7f249d9a7a03,5.5,4.4,1523361,0,1.12
2026-10-04T07:33:44.453000+00:00,,2026-10-04T07:33:44.453000+00:00,,3,Walawe Ganga,Moraketiya,28435786-0d7a-446d-bb1b-c576e9191c3a,7,5,1523360,0,0.9
2026-10-04T07:33:38.967000+00:00,,2026-10-04T07:33:38.967000+00:00,,5.5,Maha Oya,Giriulla,8b5d5f66-e753-41cf-b7bc-92622a2701e9,7.5,6.5,1523359,0,1.31
2026-10-04T07:33:38.452000+00:00,,2026-10-04T07:33:38.452000+00:00,,6.5,Kelani Ganga,Hanwella,c6c62035-9a35-4125-9e23-9c4b7d0ccb86,9.5,7.5,1523358,0,2.64
2026-10-04T07:33:20.529000+00:00,,2026-10-04T07:33:20.529000+00:00,,5,Mahaweli Ganga,Peradeniya,8a8feb5f-a0a2-4672-a9dc-1e349e4e7fcd,9,7,1523357,0,2.04
2026-10-04T07:33:13.497000+00:00,,2026-10-04T07:33:13.497000+00:00,,5,Maha Oya,Badalgama,4b6fbe12-2763-4daa-b7ec-0f0932fddb40,9.6,6.2,1523356,0,2.59
2026-10-04T07:32:50.508000+00:00,,2026-10-04T07:32:50.508000+00:00,,6,Yan Oya,Horowpothana,01188f9a-f575-4561-a8d8-48d49c3eb266,10.5,7.5,1523355,0,1.72
2026-10-04T07:32:38.439000+00:00,,2026-10-04T07:32:38.439000+00:00,,4,Maduru Oya,Padiyathalawa,b439f73d-b4b8-4cf5-86af-7e4184375e76,6,4.5,1523354,0,0.06
2026-10-04T07:32:37.773000+00:00,,2026-10-04T07:32:37.773000+00:00,,5,Kumbukkan Oya,Nakkala,0759f18a-fa7b-483c-8be3-e04fb309aa51,7.5,6,1523353,0,0.74
2026-10-04T07:32:35.582000+00:00,,2026-10-04T07:32:35.582000+00:00,,3,Kelani Ganga,Holombuwa,e3cc77c5-a4ad-4da4-a748-93003931d454,6,4,1523352,0,0.55
2026-10-04T07:32:25.881000+00:00,,2026-10-04T07:32:25.881000+00:00,,4.75,Deduru Oya,Moragaswewa,d7b50c7d-883b-4b6f-9810-509c83036026,7,6,1523351,0,-0.06
2026-10-04T07:32:16.682000+00:00,,2026-10-04T07:32:16.682000+00:00,,4.5,Heda Oya,Siyambalanduwa,f3463ad3-77ef-4a66-ae0a-659931f27e59,7,6,1523350,0,0.48
2026-10-04T07:32:14.534000+00:00,,2026-10-04T07:32:14.534000+00:00,,10,Kalu Ganga,Ellagawa,18f7c605-dcf3-425f-acb6-3bc586ecdaa5,12.2,10.7,1523349,0,5.99
2026-10-04T07:32:04.967000+00:00,,2026-10-04T07:32:04.967000+00:00,,5,Malwathu Oya,Thanthirimale,ed5aefe0-9556-4e9f-bf6e-b404e48a4ba1,7.8,6.8,1523348,0,0.4
2026-10-04T07:31:54.618000+00:00,,2026-10-04T07:31:54.618000+00:00,,4,Ma Oya,Yaka Wewa,7cee267a-5669-4e70-8188-f5cdf9447fb7,6,5,1523347,0,0.4
2026-10-04T07:31:51.061000+00:00,,2026-10-04T07:31:51.061000+00:00,,3,Kelani Ganga,Kithulgala,31c4b4f5-2ad3-46ab-a7a7-7a830a8f41d6,6,4,1523346,0,2.1
2026-10-04T07:31:50.374000+00:00,,2026-10-04T07:31:50.374000+00:00,,4.84,Mee Oya,Galgamuwa,c583fc62-003b-4324-a495-e6ba18c033f5,8,5.94,1523345,0,0.02
2026-10-04T07:31:16.340000+00:00,,2026-10-04T07:31:16.340000+00:00,,3.5,Mahaweli Ganga,Nawalapitiya,0a57b41d-18bd-4354-8bb5-e1574f42dce9,6,5,1523344,1.6,1.37
2026-10-04T07:30:52.030000+00:00,,2026-10-04T07:30:52.030000+00:00,,4,Nilwala Ganga,Pitabeddara,c8b70119-0287-4e1f-a99a-4ad41d588bd5,6.5,5,1523343,4.9,1.04
2026-10-04T07:30:36.857000+00:00,,2026-10-04T07:30:36.857000+00:00,,,Gal Oya,Ampara,6c6806ba-60b1-4d7d-89b9-6069da5feda9,,,1523342,0,0
2026-10-04T07:30:35.791000+00:00,,2026-10-04T07:30:35.791000+00:00,,5,Mahaweli Ganga,Weraganthota,a1f52f0b-b148-4097-b0a1-ee0e1d730c98,8,6,1523341,0,-3.47
2026-10-04T07:30:16.805000+00:00,,2026-10-04T07:30:16.805000+00:00,,4.4,Kirindi Oya,Wellawaya,02a3764e-cac6-4eda-b586-a24aadaf9990,5.9,5.4,1523340,0,0.96
2026-10-04T06:40:45.011000+00:00,,2026-10-04T06:40:45.011000+00:00,,4,Gin Ganga,Thawalama,3e459a7b-1d78-431c-ad7a-24b49e237e00,7.5,6,1523339,0,1.75
2026-10-04T06:37:37.805000+00:00,,2026-10-04T06:37:37.805000+00:00,,10,Kalu Ganga,Ellagawa,3ae18ecc-dd45-40b0-b865-49be4f0de1aa,12.2,10.7,1523338,0,6.02
2026-10-04T06:37:37.301000+00:00,,2026-10-04T06:37:37.301000+00:00,,3,Walawe Ganga,Moraketiya,9253cb67-d052-4baf-b183-305ccc4bd389,7,5,1523337,0,0.9
2026-10-04T06:37:03.877000+00:00,,2026-10-04T06:37:03.877000+00:00,,3,Kelani Ganga,Holombuwa,f75ae4d4-158c-4154-87a7-317977fe7aac,6,4,1523336,0,0.57
2026-10-04T06:36:55.195000+00:00,,2026-10-04T06:36:55.195000+00:00,,4,Kalu Ganga,Magura,cf60787a-c7e6-4997-a9af-cfa4e77fc3ba,7.5,6,1523335,0,1.66
2026-10-04T06:36:21.529000+00:00,,2026-10-04T06:36:21.529000+00:00,,3.5,Gin Ganga,Baddegama,f0c2bb14-eadc-4789-a86f-4f984244809f,5,4,1523334,0,1.84
2026-10-04T06:36:17.194000+00:00,,2026-10-04T06:36:17.194000+00:00,,15,Kelani Ganga,Glencourse,3ade6be2-beb7-4e2d-9724-90813df49429,19,15.5,1523333,0,10.7
2026-10-04T06:35:52.152000+00:00,,2026-10-04T06:35:52.152000+00:00,,1.4,Nilwala Ganga,Thalgahagoda,9701ad2e-c17c-42af-9054-20562d1820d2,2.8,1.7,1523332,0,0.63
2026-10-04T06:35:09.714000+00:00,,2026-10-04T06:35:09.714000+00:00,,4,Maduru Oya,Padiyathalawa,479cb988-3756-4213-8359-534c8ef8c859,6,4.5,1523331,0,0.06
2026-10-04T06:34:54.849000+00:00,,2026-10-04T06:34:54.849000+00:00,,4.8,Kelani Ganga,Deraniyagala,c3549712-c737-46d5-9f95-afaf2b87f2fb,7,5.8,1523330,0,0.7
2026-10-04T06:34:44.916000+00:00,,2026-10-04T06:34:44.916000+00:00,,5,Mahaweli Ganga,Peradeniya,568e02af-75cd-44f6-820b-e23f3f120288,9,7,1523329,0,2.16
2026-10-04T06:34:19.544000+00:00,,2026-10-04T06:34:19.544000+00:00,,5,Nilwala Ganga,Panadugama,a95aeae2-8b2d-47c8-abe6-51acedc98a6f,7.5,6,1523328,0,3.32
2026-10-04T06:34:10.792000+00:00,,2026-10-04T06:34:10.792000+00:00,,4,Kelani Ganga,Nagalagam Street,4c1485a9-67ae-4678-9033-55c1134928f5,7,5,1523327,0,1.8
2026-10-04T06:34:09.030000+00:00,,2026-10-04T06:34:09.030000+00:00,,5,Kalu Ganga,Kalawellawa (Millakanda),2480d797-2d7f-4724-b4b7-62ea4c20e4b2,8,6.5,1523326,0,2.61
2026-10-04T06:34:05.422000+00:00,,2026-10-04T06:34:05.422000+00:00,,3.3,Aththanagalu Oya,Dunamale,c52aa27c-a037-475c-9853-79346e4339a6,5.5,4.4,1523325,0,1.12
2026-10-04T06:33:59.861000+00:00,,2026-10-04T06:33:59.861000+00:00,,4,Kirindi Oya,Thanamalwila,46d5d479-7f11-43c0-9d93-aca1204dfe0c,5.5,5,1523324,0,0.51
2026-10-04T06:33:26.163000+00:00,,2026-10-04T06:33:26.163000+00:00,,1.5,Kelani Ganga,Norwood,2ce79418-10f5-4d2c-8351-f67705cdc351,4.5,3,1523323,0,0.92
2026-10-04T06:33:07.128000+00:00,,2026-10-04T06:33:07.128000+00:00,,2.5,Nilwala Ganga,Urawa,be2220b3-5eeb-42fa-a936-841109523240,6,4,1523322,0,0.44
2026-10-04T06:33:06.538000+00:00,,2026-10-04T06:33:06.538000+00:00,,5.2,Kalu Ganga,Rathnapura,0acef725-09ef-4b84-8ce8-aa16effd7bc9,9.5,7.5,1523321,0,1.78
2026-10-04T06:33:06.329000+00:00,,2026-10-04T06:33:06.329000+00:00,,3,Kalu Ganga,Putupaula,0721d038-e407-46f7-a8c0-9e7be6da69fc,5,4,1523320,0,0.77
2026-10-04T06:32:51.531000+00:00,,2026-10-04T06:32:51.531000+00:00,,6,Yan Oya,Horowpothana,85d25473-479c-459d-a599-075ea15e03a0,10.5,7.5,1523319,0,1.73
2026-10-04T06:32:51.394000+00:00,,2026-10-04T06:32:51.394000+00:00,,6.9,Kirindi Oya,Kuda Oya,f416e290-42f8-48c8-bd85-cf833096e983,8.8,8.4,1523318,0,1.35
2026-10-04T06:32:48.622000+00:00,,2026-10-04T06:32:48.622000+00:00,,5.5,Maha Oya,Giriulla,77cc6208-4304-4e59-8fa3-362f90b4493f,7.5,6.5,1523317,0,1.33
2026-10-04T06:32:43.338000+00:00,,2026-10-04T06:32:43.338000+00:00,,4.84,Mee Oya,Galgamuwa,fc855b16-9c91-4d35-9962-489aeaf990a6,8,5.94,1523316,0,0.02
2026-10-04T06:32:34.021000+00:00,,2026-10-04T06:32:34.021000+00:00,,4,Menik Ganga,Katharagama,b4e9daf6-87c8-43ed-aa6e-a6534f7b1c6b,6.5,4.6,1523315,0,-0.26
2026-10-04T06:32:32.773000+00:00,,2026-10-04T06:32:32.773000+00:00,,3,Kelani Ganga,Kithulgala,4f7b37a8-27d9-4b4e-8079-79f0858ebe2b,6,4,1523314,0,1.43
2026-10-04T06:32:30.448000+00:00,,2026-10-04T06:32:30.448000+00:00,,5,Mahaweli Ganga,Weraganthota,4a445399-4eb3-4b23-b559-f121ce8fa80a,8,6,1523313,0,-3.48
2026-10-04T06:32:28.982000+00:00,,2026-10-04T06:32:28.982000+00:00,,6.5,Kelani Ganga,Hanwella,3b5649f5-61b8-4470-ae7a-fc92062861d5,9.5,7.5,1523312,0,2.71
2026-10-04T06:32:27.033000+00:00,,2026-10-04T06:32:27.033000+00:00,,5,Maha Oya,Badalgama,f9e974a8-e8da-4634-877f-d0409840bc23,9.6,6.2,1523311,0,2.62
2026-10-04T06:32:26.955000+00:00,,2026-10-04T06:32:26.955000+00:00,,4.75,Deduru Oya,Moragaswewa,cf4cfae3-eb0e-4e3e-a2f6-13ae00241691,7,6,1523310,0,-0.06
2026-10-04T06:31:50.330000+00:00,,2026-10-04T06:31:50.330000+00:00,,4.5,Heda Oya,Siyambalanduwa,9ca79b3d-aea6-418a-9ae6-3dc468bde84d,7,6,1523309,0,0.48
2026-10-04T06:31:42.796000+00:00,,2026-10-04T06:31:42.796000+00:00,,3,Mahaweli Ganga,Thaldena,b19bd055-5544-47ce-8ba1-8fff181a6c62,5,4,1523308,0,0.18
2026-10-04T06:31:22.330000+00:00,,2026-10-04T06:31:22.330000+00:00,,4,Ma Oya,Yaka Wewa,d28f4031-3ed2-4435-b50c-a46d281053df,6,5,1523307,0,0.4
2026-10-04T06:31:21.924000+00:00,,2026-10-04T06:31:21.924000+00:00,,3,Mahaweli Ganga,Manampitiya,8bd0d4ae-5db7-4ccd-a32a-c6a4907a7afc,6,4.3,1523306,0,-0.23
2026-10-04T06:31:20.654000+00:00,,2026-10-04T06:31:20.654000+00:00,,5,Kumbukkan Oya,Nakkala,0d7b945c-f2bf-49e4-8e05-16e6bd2966a7,7.5,6,1523305,0,0.77
2026-10-04T06:31:17.485000+00:00,,2026-10-04T06:31:17.485000+00:00,,4,Nilwala Ganga,Pitabeddara,f03ae344-0abb-49e8-8c45-1f2cf5433ce8,6.5,5,1523304,0,1.06
2026-10-04T06:31:02.245000+00:00,,2026-10-04T06:31:02.245000+00:00,,4.4,Kirindi Oya,Wellawaya,3b34fb5c-729e-4c05-84d7-7ec525975b20,5.9,5.4,1523303,0,0.97
2026-10-04T06:30:47.412000+00:00,,2026-10-04T06:30:47.412000+00:00,,3.5,Mahaweli Ganga,Nawalapitiya,fb213dd1-694c-4e71-8ecc-e949c30ae2f6,6,5,1523302,0,1.38
2026-10-04T06:30:43.830000+00:00,,2026-10-04T06:30:43.830000+00:00,,5,Malwathu Oya,Thanthirimale,6a559c63-f99b-41b7-88c5-0115abdfb994,7.8,6.8,1523301,0,0.4
2026-10-04T06:30:29.439000+00:00,,2026-10-04T06:30:29.439000+00:00,,,Gal Oya,Ampara,df50570f-fdfe-4f01-8c4a-9e5df69ee9d9,,,1523300,0,0
2026-10-04T05:40:10.019000+00:00,,2026-10-04T05:40:10.019000+00:00,,4,Kalu Ganga,Magura,313ae3d5-780f-4c91-9294-f96dabb31d8b,7.5,6,1523299,0,1.71
2026-10-04T05:38:20.505000+00:00,,2026-10-04T05:38:20.505000+00:00,,3,Kelani Ganga,Kithulgala,161cb260-f982-40d1-b4bc-bd3966db97c7,6,4,1523298,0,1.51
2026-10-04T05:38:08.192000+00:00,,2026-10-04T05:38:08.192000+00:00,,5,Kalu Ganga,Kalawellawa (Millakanda),eea85e96-69c1-441b-ae93-bad52135987c,8,6.5,1523297,0,2.62
2026-10-04T05:38:07.080000+00:00,,2026-10-04T05:38:07.080000+00:00,,4,Menik Ganga,Katharagama,b303403e-484a-449a-a5c0-a6369add53b0,6.5,4.6,1523296,0,-0.26
2026-10-04T05:37:20.790000+00:00,,2026-10-04T05:37:20.790000+00:00,,5,Nilwala Ganga,Panadugama,6b12a9a9-b582-4473-8050-ad252ec00123,7.5,6,1523295,0,3.34
2026-10-04T05:37:07.323000+00:00,,2026-10-04T05:37:07.323000+00:00,,3.5,Gin Ganga,Baddegama,751c9f5c-134a-4d9f-b7df-80e281d8f284,5,4,1523294,0,1.86
2026-10-04T05:37:03.001000+00:00,,2026-10-04T05:37:03.001000+00:00,,3,Kelani Ganga,Holombuwa,e44d18c3-a8f7-4187-a2d5-64af14cce1a1,6,4,1523293,0,0.61
2026-10-04T05:36:31.872000+00:00,,2026-10-04T05:36:31.872000+00:00,,10,Kalu Ganga,Ellagawa,ad3540f7-3f66-493c-932e-8b0bd7243e92,12.2,10.7,1523292,0,6.02
2026-10-04T05:36:15.479000+00:00,,2026-10-04T05:36:15.479000+00:00,,4,Gin Ganga,Thawalama,f905368c-1ea4-4869-9356-0137ce294e4c,7.5,6,1523291,0,1.78
2026-10-04T05:35:47.576000+00:00,,2026-10-04T05:35:47.576000+00:00,,5,Maha Oya,Badalgama,8a5287bd-10ef-4dc6-8d41-c62f705e3af0,9.6,6.2,1523290,0,2.65
2026-10-04T05:35:43.723000+00:00,,2026-10-04T05:35:43.723000+00:00,,2.5,Nilwala Ganga,Urawa,c3ae3222-0405-4631-8ecd-3161b1e7dc84,6,4,1523289,0,0.46
2026-10-04T05:35:13.251000+00:00,,2026-10-04T05:35:13.251000+00:00,,1.4,Nilwala Ganga,Thalgahagoda,29059304-5f31-482c-aabd-e32d0fa02245,2.8,1.7,1523288,0,0.6
2026-10-04T05:35:01.237000+00:00,,2026-10-04T05:35:01.237000+00:00,,4.8,Kelani Ganga,Deraniyagala,e36e2f59-3198-4767-83a9-b89b287230c3,7,5.8,1523287,0,0.76
2026-10-04T05:34:56.495000+00:00,,2026-10-04T05:34:56.495000+00:00,,5.2,Kalu Ganga,Rathnapura,4e78f39a-89b9-4a07-9e0f-06ca9802b63f,9.5,7.5,1523286,0,1.88
2026-10-04T05:34:46.822000+00:00,,2026-10-04T05:34:46.822000+00:00,,5.5,Maha Oya,Giriulla,73a43451-b158-4d9b-baba-0b4b939ed998,7.5,6.5,1523285,0,1.35
2026-10-04T05:34:38.968000+00:00,,2026-10-04T05:34:38.968000+00:00,,5,Mahaweli Ganga,Peradeniya,bd70e8d7-a5e6-4385-af8e-3084e9cd5e9e,9,7,1523284,0,2.36
2026-10-04T05:34:00.329000+00:00,,2026-10-04T05:34:00.329000+00:00,,3.3,Aththanagalu Oya,Dunamale,a7ad58a7-594a-4629-a2b7-5af0d08bc3c4,5.5,4.4,1523283,0,1.14
2026-10-04T05:33:59.226000+00:00,,2026-10-04T05:33:59.226000+00:00,,3,Walawe Ganga,Moraketiya,b61b6197-65c6-48ae-93af-7e8a864ec82e,7,5,1523282,0,0.9
2026-10-04T05:33:57.055000+00:00,,2026-10-04T05:33:57.055000+00:00,,15,Kelani Ganga,Glencourse,deedab5d-784c-4c3d-acbb-3e6ba8d6798e,19,15.5,1523281,0,10.76
2026-10-04T05:33:52.754000+00:00,,2026-10-04T05:33:52.754000+00:00,,4,Maduru Oya,Padiyathalawa,2553b69a-33dd-4857-9d55-85d43283adf2,6,4.5,1523280,0,0.06
2026-10-04T05:33:17.566000+00:00,,2026-10-04T05:33:17.566000+00:00,,4,Kirindi Oya,Thanamalwila,605cd189-c1e2-4259-b34e-c4e58cfd911b,5.5,5,1523279,0,0.42
2026-10-04T05:33:13.960000+00:00,,2026-10-04T05:33:13.960000+00:00,,5,Kumbukkan Oya,Nakkala,ed3aa80a-63f7-4680-b8fc-8b8dbcd19659,7.5,6,1523278,0,0.78
2026-10-04T05:32:55.469000+00:00,,2026-10-04T05:32:55.469000+00:00,,4.75,Deduru Oya,Moragaswewa,cae0f483-15ed-46e3-97a5-2e83e2797e60,7,6,1523277,0,-0.06
2026-10-04T05:32:49.816000+00:00,,2026-10-04T05:32:49.816000+00:00,,6,Yan Oya,Horowpothana,93da5495-1f7d-48a0-99dd-e6c1867eec76,10.5,7.5,1523276,0,1.73
2026-10-04T05:32:37.697000+00:00,,2026-10-04T05:32:37.697000+00:00,,6.5,Kelani Ganga,Hanwella,ca8b3a03-24fc-4a9f-8ea4-c672e21a5c45,9.5,7.5,1523275,0,2.79
2026-10-04T05:32:16.946000+00:00,,2026-10-04T05:32:16.946000+00:00,,3,Kalu Ganga,Putupaula,58fc253c-90cf-4e7a-9492-9358998579ed,5,4,1523274,0,0.79
2026-10-04T05:31:52.988000+00:00,,2026-10-04T05:31:52.988000+00:00,,1.5,Kelani Ganga,Norwood,2f58dd97-a30b-428f-be3a-0a845e25690a,4.5,3,1523273,0,0.94
2026-10-04T05:31:42.597000+00:00,,2026-10-04T05:31:42.597000+00:00,,4.4,Kirindi Oya,Wellawaya,f2eb64af-6b9d-4b19-9507-42dd43c86c5c,5.9,5.4,1523272,0,0.98
2026-10-04T05:31:39.192000+00:00,,2026-10-04T05:31:39.192000+00:00,,3,Mahaweli Ganga,Thaldena,b06005d2-72aa-492a-8eac-cd68291c8c75,5,4,1523271,0,0.2
2026-10-04T05:31:37.464000+00:00,,2026-10-04T05:31:37.464000+00:00,,4,Ma Oya,Yaka Wewa,99b439ca-429a-4506-afaa-f0daf3aae4a3,6,5,1523270,0,0.4
2026-10-04T05:31:34.896000+00:00,,2026-10-04T05:31:34.896000+00:00,,6.9,Kirindi Oya,Kuda Oya,8b397d7a-d8ea-4d27-a12a-34490e80506d,8.8,8.4,1523269,0,1.33
2026-10-04T05:31:26.789000+00:00,,2026-10-04T05:31:26.789000+00:00,,4.84,Mee Oya,Galgamuwa,30e88bfb-9be3-4983-b7b7-34688248c758,8,5.94,1523268,0,0.02
2026-10-04T05:31:22.072000+00:00,,2026-10-04T05:31:22.072000+00:00,,4.5,Heda Oya,Siyambalanduwa,85d4f58b-5914-4b87-9f88-74585f094305,7,6,1523267,0,0.49
2026-10-04T05:30:59.939000+00:00,,2026-10-04T05:30:59.939000+00:00,,3.5,Mahaweli Ganga,Nawalapitiya,f5c141ee-3760-41ef-a599-56ce62612e24,6,5,1523266,0,1.39
2026-10-04T05:30:55.543000+00:00,,2026-10-04T05:30:55.543000+00:00,,4,Kelani Ganga,Nagalagam Street,0f885a30-2bde-4cd4-b956-cb70b73e3b70,7,5,1523265,0,1.9
2026-10-04T05:30:51.410000+00:00,,2026-10-04T05:30:51.410000+00:00,,4,Nilwala Ganga,Pitabeddara,137346ef-b090-4562-9f6f-24131d181153,6.5,5,1523264,0,1.07
2026-10-04T05:30:49.361000+00:00,,2026-10-04T05:30:49.361000+00:00,,5,Malwathu Oya,Thanthirimale,78d7038b-b903-425e-a707-ed71d3a5eefa,7.8,6.8,1523263,0,0.4
2026-10-04T05:30:49.135000+00:00,,2026-10-04T05:30:49.135000+00:00,,,Gal Oya,Ampara,57e78281-0e01-4f8f-a436-58cf48b52dac,,,1523262,0,0
2026-10-04T05:30:12.483000+00:00,,2026-10-04T05:30:12.483000+00:00,,5,Mahaweli Ganga,Weraganthota,b2df64c8-6083-4b8e-8904-30a9e3e8a5db,8,6,1523261,0,-3.43
2026-10-04T04:44:43.930000+00:00,,2026-10-04T04:44:43.930000+00:00,,5,Kalu Ganga,Kalawellawa (Millakanda),3eae5cac-8bd4-4d2c-ac1e-37bcaa87a87b,8,6.5,1523260,0,2.57
2026-10-04T04:42:35.212000+00:00,,2026-10-04T04:42:35.212000+00:00,,5,Nilwala Ganga,Panadugama,20c46c4d-47b5-4e9e-b1da-9da94a70c288,7.5,6,1523259,0,3.37
2026-10-04T04:42:23.601000+00:00,,2026-10-04T04:42:23.601000+00:00,,4,Kalu Ganga,Magura,750fab28-173f-4464-bdb8-13bf0d7cd05d,7.5,6,1523258,0,1.76
2026-10-04T04:41:16.162000+00:00,,2026-10-04T04:41:16.162000+00:00,,10,Kalu Ganga,Ellagawa,fc462ffb-8958-42f5-bf02-3b7e70b4855b,12.2,10.7,1523257,0,6.01
2026-10-04T04:41:00.135000+00:00,,2026-10-04T04:41:00.135000+00:00,,3.5,Gin Ganga,Baddegama,82697aba-508a-4c22-bcaf-7a139c745b31,5,4,1523256,0,1.9
2026-10-04T04:39:33.846000+00:00,,2026-10-04T04:39:33.846000+00:00,,4,Gin Ganga,Thawalama,19bc66b1-7ba8-4f3c-a06a-25cb603c39e8,7.5,6,1523255,0,1.81
2026-10-04T04:38:46.152000+00:00,,2026-10-04T04:38:46.152000+00:00,,1.4,Nilwala Ganga,Thalgahagoda,5e9890e1-c7a8-4ccf-9c29-eca58b4da88c,2.8,1.7,1523254,0,0.65
2026-10-04T04:38:35.523000+00:00,,2026-10-04T04:38:35.523000+00:00,,15,Kelani Ganga,Glencourse,7e697162-572e-457e-bba7-e57d7578a535,19,15.5,1523253,0,10.52
2026-10-04T04:36:44.259000+00:00,,2026-10-04T04:36:44.259000+00:00,,3,Kelani Ganga,Holombuwa,17be20aa-b3ac-4810-83e0-b4e6dfe70296,6,4,1523252,0,0.63
2026-10-04T04:36:14.969000+00:00,,2026-10-04T04:36:14.969000+00:00,,4,Nilwala Ganga,Pitabeddara,a5154dfc-69a3-4cd2-a869-549380fce4df,6.5,5,1523251,0,1.1
2026-10-04T04:35:44.275000+00:00,,2026-10-04T04:35:44.275000+00:00,,3,Walawe Ganga,Moraketiya,749a86a7-6a8f-421d-af93-976ea03292f1,7,5,1523250,0,0.91
2026-10-04T04:35:10.851000+00:00,,2026-10-04T04:35:10.851000+00:00,,4,Kirindi Oya,Thanamalwila,6c6d6e4b-908b-4d82-b253-6e9897df0aa0,5.5,5,1523249,0,0.3
2026-10-04T04:34:52.889000+00:00,,2026-10-04T04:34:52.889000+00:00,,1.5,Kelani Ganga,Norwood,42e6e9f6-c6be-4c09-a949-38a038e4a486,4.5,3,1523248,0,0.96
2026-10-04T04:34:34.994000+00:00,,2026-10-04T04:34:34.994000+00:00,,5,Maha Oya,Badalgama,58e330e1-649a-4d0f-802a-b76ea5d25f93,9.6,6.2,1523247,0,2.68
2026-10-04T04:34:28.694000+00:00,,2026-10-04T04:34:28.694000+00:00,,4.75,Deduru Oya,Moragaswewa,819c6f44-8732-4951-b9eb-f5b94c6f4047,7,6,1523246,0,-0.05
2026-10-04T04:34:09.671000+00:00,,2026-10-04T04:34:09.671000+00:00,,4.8,Kelani Ganga,Deraniyagala,5f9728aa-922d-4a15-a63a-0208c7a6aaca,7,5.8,1523245,0,0.76
2026-10-04T04:34:07.975000+00:00,,2026-10-04T04:34:07.975000+00:00,,3,Kelani Ganga,Kithulgala,a11192a4-c0f6-4fac-9df6-4d719750ee73,6,4,1523244,0,1.94
2026-10-04T04:33:30.360000+00:00,,2026-10-04T04:33:30.360000+00:00,,5,Mahaweli Ganga,Peradeniya,eb9da223-7b0b-4add-9646-96c7b7705c44,9,7,1523243,0,2.52
2026-10-04T04:33:24.627000+00:00,,2026-10-04T04:33:24.627000+00:00,,4.84,Mee Oya,Galgamuwa,8447e4e0-8128-46c3-b707-46b33bd96944,8,5.94,1523242,0,0.02
2026-10-04T04:33:23.752000+00:00,,2026-10-04T04:33:23.752000+00:00,,4.5,Heda Oya,Siyambalanduwa,8f546b71-962d-42e9-b475-ff8fc13db8aa,7,6,1523241,0,0.51
2026-10-04T04:33:21.724000+00:00,,2026-10-04T04:33:21.724000+00:00,,4,Menik Ganga,Katharagama,2a6e39ed-f2ca-4904-8090-3345a1426be2,6.5,4.6,1523240,0,-0.26
2026-10-04T04:33:20.495000+00:00,,2026-10-04T04:33:20.495000+00:00,,3,Kalu Ganga,Putupaula,a595c8bb-025b-4471-847d-573637ced427,5,4,1523239,0,0.79
2026-10-04T04:33:19.706000+00:00,,2026-10-04T04:33:19.706000+00:00,,4,Maduru Oya,Padiyathalawa,0ae5a670-566d-40e6-a295-8afe8d37021b,6,4.5,1523238,0,0.06
2026-10-04T04:33:14.990000+00:00,,2026-10-04T04:33:14.990000+00:00,,3,Mahaweli Ganga,Thaldena,41b2d78b-2950-4f07-9b61-64c535d366a7,5,4,1523237,0,0.25
2026-10-04T04:32:59.597000+00:00,,2026-10-04T04:32:59.597000+00:00,,3.3,Aththanagalu Oya,Dunamale,c4ea6c67-1709-4eec-b5ea-2980fa56a8bd,5.5,4.4,1523236,0,1.15
2026-10-04T04:32:26.893000+00:00,,2026-10-04T04:32:26.893000+00:00,,6.5,Kelani Ganga,Hanwella,e1926743-085b-4c30-aa71-14dd7e4c7e14,9.5,7.5,1523235,0,2.86
2026-10-04T04:32:19.586000+00:00,,2026-10-04T04:32:19.586000+00:00,,4,Kelani Ganga,Nagalagam Street,e5a58c65-1b7d-4449-953a-cc0a41e279d5,7,5,1523234,0,2
2026-10-04T04:32:15.307000+00:00,,2026-10-04T04:32:15.307000+00:00,,5.5,Maha Oya,Giriulla,443e3ce9-95cd-48ea-86c8-045c8c821f4e,7.5,6.5,1523233,0,1.38
2026-10-04T04:32:09.957000+00:00,,2026-10-04T04:32:09.957000+00:00,,2.5,Nilwala Ganga,Urawa,2bcb1638-fd35-4c68-9e9d-30692591ad0c,6,4,1523232,0,0.47
2026-10-04T04:32:05.605000+00:00,,2026-10-04T04:32:05.605000+00:00,,4,Ma Oya,Yaka Wewa,f4bdd3c8-7b97-41dc-a7a9-d09b9e0ea9e8,6,5,1523231,0,0.4
2026-10-04T04:31:34.547000+00:00,,2026-10-04T04:31:34.547000+00:00,,5.2,Kalu Ganga,Rathnapura,a27968fd-ed0a-455e-83b2-f5d9dc5a44a9,9.5,7.5,1523230,0,2.01
2026-10-04T04:31:21.561000+00:00,,2026-10-04T04:31:21.561000+00:00,,,Gal Oya,Ampara,48e893cd-8b51-4a23-9dd7-dceac365c3fb,,,1523229,0,0
2026-10-04T04:31:19.190000+00:00,,2026-10-04T04:31:19.190000+00:00,,5,Mahaweli Ganga,Weraganthota,1b9a9c76-eb24-4816-ae89-6253a675a77e,8,6,1523228,0,-3.38
2026-10-04T04:31:15.716000+00:00,,2026-10-04T04:31:15.716000+00:00,,5,Malwathu Oya,Thanthirimale,e2877258-4b6d-4a96-a0ab-69212076e286,7.8,6.8,1523227,0,0.4
2026-10-04T04:30:47.282000+00:00,,2026-10-04T04:30:47.282000+00:00,,3,Mahaweli Ganga,Manampitiya,043d1842-2b86-49b8-8b2b-fe400d2d3122,6,4.3,1523226,0,-0.22
2026-10-04T04:30:39.993000+00:00,,2026-10-04T04:30:39.993000+00:00,,6,Yan Oya,Horowpothana,8030f2fc-3220-492d-9753-665f412608f4,10.5,7.5,1523225,0,1.74
2026-10-04T04:30:37.407000+00:00,,2026-10-04T04:30:37.407000+00:00,,5,Kumbukkan Oya,Nakkala,132262f8-46db-4602-a1a0-0153dc88c4b5,7.5,6,1523224,0,0.9
2026-10-04T04:30:22.443000+00:00,,2026-10-04T04:30:22.443000+00:00,,3.5,Mahaweli Ganga,Nawalapitiya,45474312-7e0b-4c9f-856c-6ff0efce0b25,6,5,1523223,0,1.39
2026-10-04T04:30:21.428000+00:00,,2026-10-04T04:30:21.428000+00:00,,4.4,Kirindi Oya,Wellawaya,6571458b-a353-4efb-9aa6-c8eecb33cfa3,5.9,5.4,1523222,0,1
2026-10-04T03:40:14.445000+00:00,,2026-10-04T03:40:14.445000+00:00,,4,Maduru Oya,Padiyathalawa,d999046d-ac10-4f28-a8e7-a0edeb06f3b9,6,4.5,1523221,0,0.06
2026-10-04T03:39:07.276000+00:00,,2026-10-04T03:39:07.276000+00:00,,3.5,Gin Ganga,Baddegama,ba06e1af-bbd9-463e-b116-aa2e9580e4d3,5,4,1523220,0,1.94
2026-10-04T03:38:50.908000+00:00,,2026-10-04T03:38:50.908000+00:00,,3,Kelani Ganga,Holombuwa,379f6671-5f76-44d8-baf1-8ce0b767967e,6,4,1523219,0,0.63
2026-10-04T03:38:50.834000+00:00,,2026-10-04T03:38:50.834000+00:00,,4,Kirindi Oya,Thanamalwila,41ee74b9-2819-4b3a-9c8b-ae46129b78a6,5.5,5,1523218,0,0.29
2026-10-04T03:38:35.239000+00:00,,2026-10-04T03:38:35.239000+00:00,,4,Kalu Ganga,Magura,08b99e7a-3fdf-41d5-9f54-f7996f43f8a8,7.5,6,1523217,0,1.79
2026-10-04T03:37:52.301000+00:00,,2026-10-04T03:37:52.301000+00:00,,5,Maha Oya,Badalgama,dd56b23c-b48b-43f1-8ec9-73775b540444,9.6,6.2,1523216,0,2.67
2026-10-04T03:37:01.342000+00:00,,2026-10-04T03:37:01.342000+00:00,,4,Menik Ganga,Katharagama,0a5b2575-46f0-4856-9679-8015cf204873,6.5,4.6,1523215,0,-0.26
2026-10-04T03:35:54.910000+00:00,,2026-10-04T03:35:54.910000+00:00,,4,Kelani Ganga,Nagalagam Street,4de70da8-db97-4538-814f-c6eda6d609f5,7,5,1523214,0,2.1
2026-10-04T03:35:50.802000+00:00,,2026-10-04T03:35:50.802000+00:00,,5,Nilwala Ganga,Panadugama,724d9111-90f7-48bb-829a-acfa15366323,7.5,6,1523213,0,3.41
2026-10-04T03:34:53.983000+00:00,,2026-10-04T03:34:53.983000+00:00,,4.84,Mee Oya,Galgamuwa,9c10d262-0452-4c38-b68e-9b4d386a589a,8,5.94,1523212,0,0.02
2026-10-04T03:34:28.528000+00:00,,2026-10-04T03:34:28.528000+00:00,,4,Gin Ganga,Thawalama,7472065a-4bb4-4c62-9d05-8e66b608bf17,7.5,6,1523211,0,1.84
2026-10-04T03:34:22.649000+00:00,,2026-10-04T03:34:22.649000+00:00,,3,Kelani Ganga,Kithulgala,709bc511-efab-4d96-9069-b0f59dad732a,6,4,1523210,0,1.96
2026-10-04T03:34:16.948000+00:00,,2026-10-04T03:34:16.948000+00:00,,2.5,Nilwala Ganga,Urawa,00642433-ee5b-4f75-9fb5-71fd64b2f2d0,6,4,1523209,0,0.49
2026-10-04T03:34:12.938000+00:00,,2026-10-04T03:34:12.938000+00:00,,3.3,Aththanagalu Oya,Dunamale,f113c0b8-a0d8-40e9-ba1a-b9815b209398,5.5,4.4,1523208,0,1.15
2026-10-04T03:33:39.320000+00:00,,2026-10-04T03:33:39.320000+00:00,,1.4,Nilwala Ganga,Thalgahagoda,1756be15-f4dd-4a4c-8b95-97a29011aa20,2.8,1.7,1523207,0,0.7
2026-10-04T03:33:38.678000+00:00,,2026-10-04T03:33:38.678000+00:00,,4.75,Deduru Oya,Moragaswewa,a0e3407e-4f92-4f2a-8aaa-f34247a224b3,7,6,1523206,0,-0.05
2026-10-04T03:33:23.419000+00:00,,2026-10-04T03:33:23.419000+00:00,,3,Walawe Ganga,Moraketiya,d4223e5d-ae73-4d10-a6bb-c546405d8716,7,5,1523205,0,0.92
2026-10-04T03:33:10.024000+00:00,,2026-10-04T03:33:10.024000+00:00,,4.5,Heda Oya,Siyambalanduwa,7173ae1d-4eed-4be5-9a29-6cdd5f395f9e,7,6,1523204,0,0.53
2026-10-04T03:33:00.122000+00:00,,2026-10-04T03:33:00.122000+00:00,,4.8,Kelani Ganga,Deraniyagala,b89efce2-16e5-42f3-acb8-865ca262a73f,7,5.8,1523203,0,0.76
2026-10-04T03:32:56.483000+00:00,,2026-10-04T03:32:56.483000+00:00,,5.5,Maha Oya,Giriulla,37186357-ff5c-4117-afde-d145a6a27217,7.5,6.5,1523202,0,1.41
2026-10-04T03:32:46.213000+00:00,,2026-10-04T03:32:46.213000+00:00,,5,Kalu Ganga,Kalawellawa (Millakanda),f052bd0b-b77f-4df6-8f9f-371c6e8d0bbd,8,6.5,1523201,0,2.48
2026-10-04T03:32:44.047000+00:00,,2026-10-04T03:32:44.047000+00:00,,1.5,Kelani Ganga,Norwood,cf209c2d-a541-4ac2-9ab3-052fdef78791,4.5,3,1523200,0,0.98
2026-10-04T03:32:40.964000+00:00,,2026-10-04T03:32:40.964000+00:00,,6.5,Kelani Ganga,Hanwella,cddeeece-48ad-4a41-a2eb-209e60e37846,9.5,7.5,1523199,0,2.94
2026-10-04T03:32:40.905000+00:00,,2026-10-04T03:32:40.905000+00:00,,5.2,Kalu Ganga,Rathnapura,bf34baa6-75d7-44d5-8964-a8a11ff0cc5a,9.5,7.5,1523198,0,2.08
2026-10-04T03:32:40.819000+00:00,,2026-10-04T03:32:40.819000+00:00,,3,Mahaweli Ganga,Manampitiya,06c44463-bb47-48d1-bf78-6708ddb8bf25,6,4.3,1523197,0,-0.2
2026-10-04T03:32:24.166000+00:00,,2026-10-04T03:32:24.166000+00:00,,6.9,Kirindi Oya,Kuda Oya,c57c468d-d3ac-467b-a1ca-f52f1afa93f1,8.8,8.4,1523196,0,1.07
2026-10-04T03:32:06.810000+00:00,,2026-10-04T03:32:06.810000+00:00,,10,Kalu Ganga,Ellagawa,5dabdbb1-92a6-429f-bb57-73fbab105f7e,12.2,10.7,1523195,0,5.98
2026-10-04T03:31:58.232000+00:00,,2026-10-04T03:31:58.232000+00:00,,15,Kelani Ganga,Glencourse,704d1420-6269-4d75-9f2d-e48954cd90b2,19,15.5,1523194,0,10.89
2026-10-04T03:31:41.042000+00:00,,2026-10-04T03:31:41.042000+00:00,,4,Nilwala Ganga,Pitabeddara,c06b528c-4d6b-4aa4-9582-d6ba4fda5df8,6.5,5,1523193,0,1.13
2026-10-04T03:31:35.428000+00:00,,2026-10-04T03:31:35.428000+00:00,,3.5,Mahaweli Ganga,Nawalapitiya,69e9bfee-4826-455a-9ace-2a11d5c82bb8,6,5,1523192,0,1.39
2026-10-04T03:31:17.488000+00:00,,2026-10-04T03:31:17.488000+00:00,,4,Ma Oya,Yaka Wewa,f6200e6a-9d4a-4a30-844d-7209dc6e3884,6,5,1523191,0,0.4
2026-10-04T03:31:08.184000+00:00,,2026-10-04T03:31:08.184000+00:00,,6,Yan Oya,Horowpothana,17939fa1-3b27-4949-b7fa-f3349d75a265,10.5,7.5,1523190,0,1.74
2026-10-04T03:31:02.764000+00:00,,2026-10-04T03:31:02.764000+00:00,,3,Mahaweli Ganga,Thaldena,79bba6fd-b1ea-4d3d-a8e4-ab8403e6f962,5,4,1523189,0,0.29
2026-10-04T03:30:52.944000+00:00,,2026-10-04T03:30:52.944000+00:00,,5,Kumbukkan Oya,Nakkala,8ce34e7d-0be7-4675-bc65-0e1bbddb4501,7.5,6,1523188,0,0.83
2026-10-04T03:30:47.884000+00:00,,2026-10-04T03:30:47.884000+00:00,,,Gal Oya,Ampara,e24f7ccd-2bc3-4478-96fa-9e4ec28b2825,,,1523187,0,0
2026-10-04T03:30:45.309000+00:00,,2026-10-04T03:30:45.309000+00:00,,3,Kalu Ganga,Putupaula,c0749f8f-ac04-4c40-b63d-d146bda07638,5,4,1523186,0,0.8
2026-10-04T03:30:29.991000+00:00,,2026-10-04T03:30:29.991000+00:00,,4.4,Kirindi Oya,Wellawaya,bcfe6b12-5a2f-4e3e-9cdb-dcc2db225f9f,5.9,5.4,1523185,0,1.04
2026-10-04T03:30:28.706000+00:00,,2026-10-04T03:30:28.706000+00:00,,5,Malwathu Oya,Thanthirimale,9cffea7f-a498-42e2-86e1-b2952797bd88,7.8,6.8,1523184,0,0.4
2026-10-04T03:30:11.125000+00:00,,2026-10-04T03:30:11.125000+00:00,,5,Mahaweli Ganga,Weraganthota,fa5552a3-4114-49bf-9d12-f5cef6b27902,8,6,1523183,0,-3.36
2026-10-04T02:44:47.971000+00:00,,2026-10-04T02:44:47.971000+00:00,,5,Maha Oya,Badalgama,d3ed67a2-fcf5-4a6a-9fe2-af240fce410e,9.6,6.2,1523182,0,2.58
2026-10-04T02:40:33.951000+00:00,,2026-10-04T02:40:33.951000+00:00,,15,Kelani Ganga,Glencourse,32d34559-ebb8-4811-a7e9-845ea907c2ce,19,15.5,1523181,0,10.95
2026-10-04T02:39:08.767000+00:00,,2026-10-04T02:39:08.767000+00:00,,3.5,Gin Ganga,Baddegama,bc382e87-b4ad-4d9a-ad17-22cd37bf917e,5,4,1523180,0,1.94
2026-10-04T02:39:00.027000+00:00,,2026-10-04T02:39:00.027000+00:00,,4.84,Mee Oya,Galgamuwa,2de1e599-7d91-481b-ada3-06d58a79d893,8,5.94,1523179,0,0.02
2026-10-04T02:37:51.190000+00:00,,2026-10-04T02:37:51.190000+00:00,,3,Kelani Ganga,Holombuwa,f20d0f81-e060-4387-84b8-1a7ccff83ed2,6,4,1523178,0,0.64
2026-10-04T02:37:17.499000+00:00,,2026-10-04T02:37:17.499000+00:00,,2.5,Nilwala Ganga,Urawa,1680fc6e-54c5-4a9f-a991-f5d324cc6c5e,6,4,1523177,0,0.49
2026-10-04T02:36:48.563000+00:00,,2026-10-04T02:36:48.563000+00:00,,4,Kalu Ganga,Magura,849c2760-1f59-4cd1-9961-c469cf5226ca,7.5,6,1523176,0,1.79
2026-10-04T02:36:35.735000+00:00,,2026-10-04T02:36:35.735000+00:00,,3,Kelani Ganga,Kithulgala,f702cf68-68ec-4f7b-9290-d6f3394eb106,6,4,1523175,0,1.94
2026-10-04T02:36:14.974000+00:00,,2026-10-04T02:36:14.974000+00:00,,4.75,Deduru Oya,Moragaswewa,ebb2ba1f-2cd7-463f-918e-3838181d8798,7,6,1523174,0,-0.04
2026-10-04T02:36:04.256000+00:00,,2026-10-04T02:36:04.256000+00:00,,5,Nilwala Ganga,Panadugama,1cc22ec0-14ca-44d0-8790-17b7f1e97c4c,7.5,6,1523173,0,3.45
2026-10-04T02:35:18.223000+00:00,,2026-10-04T02:35:18.223000+00:00,,5,Maha Oya,Badalgama,41b6790c-f068-47ce-9daa-061e9c0f531c,9.6,6.2,1523172,0,2.58
2026-10-04T02:35:01.574000+00:00,,2026-10-04T02:35:01.574000+00:00,,6.5,Kelani Ganga,Hanwella,a6897c47-dd41-4d8f-9301-082250a9bf7e,9.5,7.5,1523171,0,3.06
2026-10-04T02:34:57.938000+00:00,,2026-10-04T02:34:57.938000+00:00,,3,Walawe Ganga,Moraketiya,e2d2a465-69f9-4141-b389-44aec1bb3cf2,7,5,1523170,0,0.9
2026-10-04T02:34:51.643000+00:00,,2026-10-04T02:34:51.643000+00:00,,4.8,Kelani Ganga,Deraniyagala,b72ff6d5-ba4e-4fbc-8e03-13f04bbf36ca,7,5.8,1523169,0,0.79
2026-10-04T02:34:49.237000+00:00,,2026-10-04T02:34:49.237000+00:00,,1.4,Nilwala Ganga,Thalgahagoda,956c44aa-0570-4f1f-812d-4f441e00a806,2.8,1.7,1523168,0,0.7
2026-10-04T02:34:30.293000+00:00,,2026-10-04T02:34:30.293000+00:00,,6.9,Kirindi Oya,Kuda Oya,5a00df7f-dd71-438e-8373-2f9fd76a9427,8.8,8.4,1523167,0,1.03
2026-10-04T02:34:25.257000+00:00,,2026-10-04T02:34:25.257000+00:00,,4,Gin Ganga,Thawalama,398a2692-4a9e-4a23-bc5c-531f39f0a9d9,7.5,6,1523166,0,1.9
2026-10-04T02:33:48.766000+00:00,,2026-10-04T02:33:48.766000+00:00,,5.2,Kalu Ganga,Rathnapura,309028e5-06c3-468c-a8f6-d0e836a4cb36,9.5,7.5,1523165,0,2.13
2026-10-04T02:33:37.205000+00:00,,2026-10-04T02:33:37.205000+00:00,,3.3,Aththanagalu Oya,Dunamale,7d0c3f30-c34e-48af-8d29-60aa49ce82a6,5.5,4.4,1523164,0,1.15
2026-10-04T02:33:32.179000+00:00,,2026-10-04T02:33:32.179000+00:00,,3,Mahaweli Ganga,Thaldena,e0ca60dd-aeb0-4d54-87c2-d69847f575d5,5,4,1523163,0,0.28
2026-10-04T02:33:20.180000+00:00,,2026-10-04T02:33:20.180000+00:00,,5.5,Maha Oya,Giriulla,c48a2679-91ad-4f33-865c-fdc268c5bec9,7.5,6.5,1523162,0,1.43
2026-10-04T02:33:05.588000+00:00,,2026-10-04T02:33:05.588000+00:00,,4,Nilwala Ganga,Pitabeddara,0f9dfb8f-6daf-4b22-9906-f10c8550cd66,6.5,5,1523161,0,1.15
2026-10-04T02:33:01.740000+00:00,,2026-10-04T02:33:01.740000+00:00,,3,Kalu Ganga,Putupaula,56c18534-1564-4d5d-9a66-29fd676ac45b,5,4,1523160,0,0.8
2026-10-04T02:32:44.403000+00:00,,2026-10-04T02:32:44.403000+00:00,,4,Menik Ganga,Katharagama,4a64acab-1bcc-4fa4-a2a6-1309c6422770,6.5,4.6,1523159,0,-0.26
2026-10-04T02:32:43.143000+00:00,,2026-10-04T02:32:43.143000+00:00,,5,Kalu Ganga,Kalawellawa (Millakanda),5be137e0-ab29-419d-af62-a8c39b9eb1a1,8,6.5,1523158,0,2.5
2026-10-04T02:32:38.178000+00:00,,2026-10-04T02:32:38.178000+00:00,,10,Kalu Ganga,Ellagawa,b1313dac-d0dc-4f1c-a72a-9b85957e9f5f,12.2,10.7,1523157,0,5.97
2026-10-04T02:32:33.606000+00:00,,2026-10-04T02:32:33.606000+00:00,,5,Mahaweli Ganga,Peradeniya,cb5655c6-0151-4579-89b8-a1ee9fceb08e,9,7,1523156,0,2.7
2026-10-04T02:32:23.255000+00:00,,2026-10-04T02:32:23.255000+00:00,,1.5,Kelani Ganga,Norwood,185e5108-3ea3-49af-8749-511da9ae1738,4.5,3,1523155,0,1
2026-10-04T02:32:11.655000+00:00,,2026-10-04T02:32:11.655000+00:00,,4,Maduru Oya,Padiyathalawa,6cc093da-4649-4c4c-a632-50e3aed07173,6,4.5,1523154,0,0.06
2026-10-04T02:32:01.638000+00:00,,2026-10-04T02:32:01.638000+00:00,,4,Kirindi Oya,Thanamalwila,4de500d1-c88f-4714-ab75-1eb6649f57de,5.5,5,1523153,0,0.24
2026-10-04T02:32:00.994000+00:00,,2026-10-04T02:32:00.994000+00:00,,4,Nilwala Ganga,Pitabeddara,5eb633cc-702e-4ea5-bbd6-3ded33662e85,6.5,5,1523152,0,1.15
2026-10-04T02:31:59.987000+00:00,,2026-10-04T02:31:59.987000+00:00,,4,Nilwala Ganga,Pitabeddara,0a4f6630-4255-4ce7-b07d-7e126b20f75f,6.5,5,1523151,0,1.15
2026-10-04T02:31:58.902000+00:00,,2026-10-04T02:31:58.902000+00:00,,4,Nilwala Ganga,Pitabeddara,3e2629ec-8e94-40a3-91b7-a6988a4bffd7,6.5,5,1523150,0,1.15
2026-10-04T02:31:57.812000+00:00,,2026-10-04T02:31:57.812000+00:00,,4,Nilwala Ganga,Pitabeddara,acb9eb6a-dc55-4316-96a9-19ab346830fa,6.5,5,1523149,0,1.15
2026-10-04T02:31:56.512000+00:00,,2026-10-04T02:31:56.512000+00:00,,4,Nilwala Ganga,Pitabeddara,7de1dec5-5707-4e82-a421-66679d691184,6.5,5,1523148,0,1.15
2026-10-04T02:31:50.851000+00:00,,2026-10-04T02:31:50.851000+00:00,,4.5,Heda Oya,Siyambalanduwa,14d74fc3-484e-403c-ba9a-f8bed77c40aa,7,6,1523147,0,0.56
2026-10-04T02:31:48.321000+00:00,,2026-10-04T02:31:48.321000+00:00,,4,Ma Oya,Yaka Wewa,94192531-9348-42bc-bb5a-fc86c0699b04,6,5,1523146,0,0.4
2026-10-04T02:31:39.794000+00:00,,2026-10-04T02:31:39.794000+00:00,,5,Kumbukkan Oya,Nakkala,9fe48d58-dc80-4f6e-9996-2ca2509da956,7.5,6,1523145,0,0.86
2026-10-04T02:31:22.340000+00:00,,2026-10-04T02:31:22.340000+00:00,,4.4,Kirindi Oya,Wellawaya,feb1de4b-6438-4591-b808-0c1423da0fc8,5.9,5.4,1523144,0,1.04
2026-10-04T02:31:18.409000+00:00,,2026-10-04T02:31:18.409000+00:00,,3,Mahaweli Ganga,Manampitiya,51b9a3c4-9e1f-4b32-afa2-2f6053af3948,6,4.3,1523143,0,-0.2
2026-10-04T02:31:10.113000+00:00,,2026-10-04T02:31:10.113000+00:00,,5,Malwathu Oya,Thanthirimale,610747a4-4d8f-4bc7-b7a1-28680b669f7e,7.8,6.8,1523142,0,0.4
2026-10-04T02:31:09.860000+00:00,,2026-10-04T02:31:09.860000+00:00,,4,Kelani Ganga,Nagalagam Street,88ae675c-868e-4aa6-a29d-bcf6aafcfa9d,7,5,1523141,,2.1
2026-10-04T02:30:54.049000+00:00,,2026-10-04T02:30:54.049000+00:00,,6,Yan Oya,Horowpothana,c31faae8-d0b6-4b8c-b406-68a59c8d34c1,10.5,7.5,1523140,0,1.74
2026-10-04T02:30:50.698000+00:00,,2026-10-04T02:30:50.698000+00:00,,3.5,Mahaweli Ganga,Nawalapitiya,f3a3da50-4863-46f3-9ca1-f9556a5d9256,6,5,1523139,0,1.4
2026-10-04T02:30:44.131000+00:00,,2026-10-04T02:30:44.131000+00:00,,,Gal Oya,Ampara,8247e798-f297-4609-9068-7c704fbddfdc,,,1523138,0,0
2026-10-04T02:30:08.958000+00:00,,2026-10-04T02:30:08.958000+00:00,,5,Mahaweli Ganga,Weraganthota,80613136-ed44-44f1-89c5-5c8f3ec6fb14,8,6,1523137,0,-3.31
2026-10-04T01:49:13.710000+00:00,,2026-10-04T01:49:13.710000+00:00,,6.9,Kirindi Oya,Kuda Oya,88ccb0fc-b2d2-4142-83ff-f25e9458a7a1,8.8,8.4,1523136,0,1.03
2026-10-04T01:46:41.704000+00:00,,2026-10-04T01:46:41.704000+00:00,,5,Nilwala Ganga,Panadugama,e51b307d-a58f-4931-8f34-ff20bfaaa828,7.5,6,1523135,0,3.5
2026-10-04T01:44:36.339000+00:00,,2026-10-04T01:44:36.339000+00:00,,3.3,Aththanagalu Oya,Dunamale,5c30a55d-23aa-46c3-ae25-b8d3432f62f5,5.5,4.4,1523134,0,1.14
2026-10-04T01:43:29.464000+00:00,,2026-10-04T01:43:29.464000+00:00,,2.5,Nilwala Ganga,Urawa,dead7530-9835-4641-9642-c56903979db5,6,4,1523133,0,0.48
2026-10-04T01:40:37.172000+00:00,,2026-10-04T01:40:37.172000+00:00,,5.2,Kalu Ganga,Rathnapura,8a65343d-660c-4f26-8f53-ebf803831ff4,9.5,7.5,1523132,0,2.18
2026-10-04T01:40:24.729000+00:00,,2026-10-04T01:40:24.729000+00:00,,5,Kalu Ganga,Kalawellawa (Millakanda),5417749d-b996-4e71-9049-9a523e938fa5,8,6.5,1523131,0,2.52
2026-10-04T01:39:10.599000+00:00,,2026-10-04T01:39:10.599000+00:00,,4,Kelani Ganga,Nagalagam Street,448d5313-e700-4e03-857a-6fb1105e427c,7,5,1523130,,2.1
2026-10-04T01:38:06.212000+00:00,,2026-10-04T01:38:06.212000+00:00,,4.75,Deduru Oya,Moragaswewa,8f94a531-47d5-4b74-bffa-9e8b427e99c1,7,6,1523129,0,-0.04
2026-10-04T01:37:10.861000+00:00,,2026-10-04T01:37:10.861000+00:00,,3,Kalu Ganga,Putupaula,6ce62d92-5d54-4c7c-9883-779128faa63c,5,4,1523128,0,0.8
2026-10-04T01:37:03.045000+00:00,,2026-10-04T01:37:03.045000+00:00,,15,Kelani Ganga,Glencourse,ea9543ce-e4db-42b7-82d1-1414564ff697,19,15.5,1523127,0,11
2026-10-04T01:36:36.930000+00:00,,2026-10-04T01:36:36.930000+00:00,,3,Kelani Ganga,Holombuwa,ebde8a74-f775-41a6-893c-17c3ca07773f,6,4,1523126,0,0.66
2026-10-04T01:35:50.461000+00:00,,2026-10-04T01:35:50.461000+00:00,,5,Maha Oya,Badalgama,c9db3363-0256-4b71-9b47-399229e719bf,9.6,6.2,1523125,0,2.34
2026-10-04T01:35:41.295000+00:00,,2026-10-04T01:35:41.295000+00:00,,4,Kirindi Oya,Thanamalwila,206bfa6f-4ba6-451d-b5b2-ff2f1ea84074,5.5,5,1523124,0,0.21
2026-10-04T01:35:30.226000+00:00,,2026-10-04T01:35:30.226000+00:00,,4,Menik Ganga,Katharagama,0eae3769-5571-4986-888b-f0583ddd85b1,6.5,4.6,1523123,0,-0.26
2026-10-04T01:35:24.675000+00:00,,2026-10-04T01:35:24.675000+00:00,,4.84,Mee Oya,Galgamuwa,27e62654-ace6-4736-867d-ec4472df4248,8,5.94,1523122,0,0.03
2026-10-04T01:35:22.450000+00:00,,2026-10-04T01:35:22.450000+00:00,,3,Walawe Ganga,Moraketiya,89d4837c-20cd-4405-96ae-e87e5c0f855c,7,5,1523121,0,0.86
2026-10-04T01:35:17.530000+00:00,,2026-10-04T01:35:17.530000+00:00,,3,Mahaweli Ganga,Thaldena,f313e866-5512-40ff-a4a1-7e5b3015b15d,5,4,1523120,0,0.22
2026-10-04T01:35:11.618000+00:00,,2026-10-04T01:35:11.618000+00:00,,3.5,Gin Ganga,Baddegama,64021cef-550e-4f81-a7a6-10f77aedb7a7,5,4,1523119,0,1.94
2026-10-04T01:34:41.123000+00:00,,2026-10-04T01:34:41.123000+00:00,,3,Kelani Ganga,Kithulgala,c7f73dd7-7643-4caf-818e-bd164108714d,6,4,1523118,0,1.97
2026-10-04T01:34:16.882000+00:00,,2026-10-04T01:34:16.882000+00:00,,4,Maduru Oya,Padiyathalawa,267764e4-0fa3-45a3-b430-500a1854e9dc,6,4.5,1523117,0,0.06
2026-10-04T01:34:12.842000+00:00,,2026-10-04T01:34:12.842000+00:00,,1.4,Nilwala Ganga,Thalgahagoda,2c15ae8b-8d35-48c9-9d6b-9bc07419d439,2.8,1.7,1523116,0,0.72
2026-10-04T01:33:56.380000+00:00,,2026-10-04T01:33:56.380000+00:00,,10,Kalu Ganga,Ellagawa,f2d0cdf4-61ae-4dae-bc98-6c31170e0150,12.2,10.7,1523115,0,5.96
2026-10-04T01:33:33.193000+00:00,,2026-10-04T01:33:33.193000+00:00,,4.8,Kelani Ganga,Deraniyagala,94e0ae22-effb-4f1d-8d46-b6b21195afad,7,5.8,1523114,0,0.79
2026-10-04T01:33:10.566000+00:00,,2026-10-04T01:33:10.566000+00:00,,6.5,Kelani Ganga,Hanwella,561de9d2-58ab-4e8a-a46a-65ff211f620e,9.5,7.5,1523113,0,3.18
2026-10-04T01:33:06.363000+00:00,,2026-10-04T01:33:06.363000+00:00,,4,Kalu Ganga,Magura,58f061b1-ce92-454b-a053-0528b5f2efc3,7.5,6,1523112,0,1.78
2026-10-04T01:32:48.867000+00:00,,2026-10-04T01:32:48.867000+00:00,,1.5,Kelani Ganga,Norwood,062750db-cd5f-4e7b-8d97-41de2861eae6,4.5,3,1523111,0,1.01
2026-10-04T01:32:36.002000+00:00,,2026-10-04T01:32:36.002000+00:00,,3.3,Aththanagalu Oya,Dunamale,426352da-f1a5-4595-a0ae-95f720e3647c,5.5,4.4,1523110,0,1.14
2026-10-04T01:32:29.478000+00:00,,2026-10-04T01:32:29.478000+00:00,,4.5,Heda Oya,Siyambalanduwa,f7f958a7-e3bf-41b8-b06e-1883e1c80862,7,6,1523109,0,0.61
2026-10-04T01:32:23.148000+00:00,,2026-10-04T01:32:23.148000+00:00,,5,Mahaweli Ganga,Peradeniya,26f2577e-714d-4294-9c69-e9ee5f191704,9,7,1523108,0,2.85
2026-10-04T01:32:04.809000+00:00,,2026-10-04T01:32:04.809000+00:00,,6,Yan Oya,Horowpothana,f7aacd3c-6233-4c2f-bc0f-15e93236fb1e,10.5,7.5,1523107,0,1.75
2026-10-04T01:31:49.822000+00:00,,2026-10-04T01:31:49.822000+00:00,,5,Mahaweli Ganga,Weraganthota,e516c36c-79ae-46b3-8544-21e98546ac1f,8,6,1523106,0,-3.26
2026-10-04T01:31:48.225000+00:00,,2026-10-04T01:31:48.225000+00:00,,4,Gin Ganga,Thawalama,5a8acef9-95a7-450c-81db-ed8e6a72e879,7.5,6,1523105,0,2.06
2026-10-04T01:31:46.506000+00:00,,2026-10-04T01:31:46.506000+00:00,,4,Ma Oya,Yaka Wewa,43413fca-94c6-49d2-9dc5-fde3fd924f3e,6,5,1523104,0,0.4
2026-10-04T01:31:44.598000+00:00,,2026-10-04T01:31:44.598000+00:00,,5.5,Maha Oya,Giriulla,c4a91dc0-976c-490c-8bf3-32d777a37f5d,7.5,6.5,1523103,0,1.47
2026-10-04T01:31:25.009000+00:00,,2026-10-04T01:31:25.009000+00:00,,3,Mahaweli Ganga,Manampitiya,3175dd67-5270-45d1-9dc8-79cedfa321a7,6,4.3,1523102,0,-0.25
2026-10-04T01:31:22.923000+00:00,,2026-10-04T01:31:22.923000+00:00,,5,Malwathu Oya,Thanthirimale,a6971580-30ca-4723-b8d6-2877b782d6a8,7.8,6.8,1523101,0,0.4
2026-10-04T01:31:19.464000+00:00,,2026-10-04T01:31:19.464000+00:00,,5,Kumbukkan Oya,Nakkala,1b2b4123-4278-4070-b302-5dcb1f412bbf,7.5,6,1523100,0,0.9
2026-10-04T01:31:08.208000+00:00,,2026-10-04T01:31:08.208000+00:00,,4.75,Deduru Oya,Moragaswewa,9910a9b9-953f-4089-a666-6dbc5785f460,7,6,1523099,0,-0.04
2026-10-04T01:30:47.299000+00:00,,2026-10-04T01:30:47.299000+00:00,,3.5,Mahaweli Ganga,Nawalapitiya,4edb826f-3132-409b-94dc-b8ad40d6f643,6,5,1523098,0,1.41
2026-10-04T01:30:38.908000+00:00,,2026-10-04T01:30:38.908000+00:00,,,Gal Oya,Ampara,a1830ccf-48a2-4c77-b1cb-9739f243725e,,,1523097,0,0
2026-10-04T01:30:31.049000+00:00,,2026-10-04T01:30:31.049000+00:00,,4.4,Kirindi Oya,Wellawaya,691f3057-b775-481e-91a7-d045a2ac99ad,5.9,5.4,1523096,0,1.04
2026-10-04T00:44:06.210000+00:00,,2026-10-04T00:44:06.210000+00:00,,3,Kelani Ganga,Kithulgala,8e14a853-67d1-41d4-9609-d2b6ee20153b,6,4,1523095,0,1.97
2026-10-04T00:43:43.210000+00:00,,2026-10-04T00:43:43.210000+00:00,,2.5,Nilwala Ganga,Urawa,9a4fd963-9cad-41c6-ad78-c0623c437dfd,6,4,1523094,0,0.44
2026-10-04T00:41:14.072000+00:00,,2026-10-04T00:41:14.072000+00:00,,10,Kalu Ganga,Ellagawa,3e5c63b6-2ee9-45b3-b9ea-ba3ecdae7ade,12.2,10.7,1523093,0,5.95
2026-10-04T00:40:54.506000+00:00,,2026-10-04T00:40:54.506000+00:00,,1.4,Nilwala Ganga,Thalgahagoda,e73f48cb-b6aa-4c35-99a7-4f374389744b,2.8,1.7,1523092,0,0.72
2026-10-04T00:39:34.419000+00:00,,2026-10-04T00:39:34.419000+00:00,,4.8,Kelani Ganga,Deraniyagala,cbf0a33d-51e0-4a08-94e7-b1ab5ba3d8cf,7,5.8,1523091,0,0.85
2026-10-04T00:37:38.539000+00:00,,2026-10-04T00:37:38.539000+00:00,,5,Nilwala Ganga,Panadugama,e12398ce-1837-4884-9ecb-d2feab089fd6,7.5,6,1523090,0,3.56
2026-10-04T00:37:33.795000+00:00,,2026-10-04T00:37:33.795000+00:00,,6.5,Kelani Ganga,Hanwella,a8028992-c255-4f1b-a60f-dc0959bd89cb,9.5,7.5,1523089,0,3.26
2026-10-04T00:37:10.260000+00:00,,2026-10-04T00:37:10.260000+00:00,,5.2,Kalu Ganga,Rathnapura,e0504d43-9f56-4241-9cc8-9f3d0aa25c74,9.5,7.5,1523088,0,2.22
2026-10-04T00:36:09.467000+00:00,,2026-10-04T00:36:09.467000+00:00,,1.5,Kelani Ganga,Norwood,4402335a-c4d5-45a2-b296-ff03343f7d33,4.5,3,1523087,0,1.12
2026-10-04T00:36:08.166000+00:00,,2026-10-04T00:36:08.166000+00:00,,4,Kelani Ganga,Nagalagam Street,ffb31086-70eb-4c05-ad04-3a22e29f750b,7,5,1523086,,2.1
2026-10-04T00:35:29.279000+00:00,,2026-10-04T00:35:29.279000+00:00,,2.5,Nilwala Ganga,Urawa,455d362b-c6b7-4dd7-b238-e2efdd83a256,6,4,1523085,0,0.44
2026-10-04T00:35:19.928000+00:00,,2026-10-04T00:35:19.928000+00:00,,5,Mahaweli Ganga,Peradeniya,d87294c5-f3ea-4b04-a79c-90d7ddc4370d,9,7,1523084,0,3.15
2026-10-04T00:34:58.305000+00:00,,2026-10-04T00:34:58.305000+00:00,,3,Kelani Ganga,Holombuwa,5826e772-0b6b-4957-a2e5-8a270aea1d6b,6,4,1523083,0,0.7
2026-10-04T00:34:47.920000+00:00,,2026-10-04T00:34:47.920000+00:00,,5.5,Maha Oya,Giriulla,940f6b85-1354-40c0-888e-8bff258e90c2,7.5,6.5,1523082,0,1.52
2026-10-04T00:34:39.694000+00:00,,2026-10-04T00:34:39.694000+00:00,,4,Kirindi Oya,Thanamalwila,cfd33d6d-6f10-42d9-af54-9bf5fa5fc9ca,5.5,5,1523081,0,0.17
2026-10-04T00:34:38.463000+00:00,,2026-10-04T00:34:38.463000+00:00,,5,Mahaweli Ganga,Weraganthota,c4dd00e7-4275-4cf5-8fdd-cea259e5e7aa,8,6,1523080,0,-3.21
2026-10-04T00:34:37.544000+00:00,,2026-10-04T00:34:37.544000+00:00,,3,Mahaweli Ganga,Thaldena,d3d371b7-be4f-403b-bba1-d8d7b9a1f878,5,4,1523079,0,0.23
2026-10-04T00:34:27.072000+00:00,,2026-10-04T00:34:27.072000+00:00,,3.5,Mahaweli Ganga,Nawalapitiya,9532a817-edff-480f-bcf5-389db29053c0,6,5,1523078,0,1.41
2026-10-04T00:34:19.370000+00:00,,2026-10-04T00:34:19.370000+00:00,,15,Kelani Ganga,Glencourse,2a376021-fb09-4a7a-a654-5999ad535fc0,19,15.5,1523077,0,11.15
2026-10-04T00:34:17.876000+00:00,,2026-10-04T00:34:17.876000+00:00,,15,Kelani Ganga,Glencourse,cf2988ea-cdb3-4de2-bef0-96f9ce80daf6,19,15.5,1523076,0,11.19
2026-10-04T00:33:54.623000+00:00,,2026-10-04T00:33:54.623000+00:00,,4,Nilwala Ganga,Pitabeddara,9b00b10b-7756-40b3-9154-57cccf69427b,6.5,5,1523075,0,1.16
2026-10-04T00:33:53.548000+00:00,,2026-10-04T00:33:53.548000+00:00,,4,Nilwala Ganga,Pitabeddara,79474dce-8804-44eb-9c42-ac108acbdd15,6.5,5,1523074,0,1.16
2026-10-04T00:33:53.190000+00:00,,2026-10-04T00:33:53.190000+00:00,,6,Yan Oya,Horowpothana,bafc469c-5da6-4fd0-a256-000f554f092e,10.5,7.5,1523073,0,1.75
2026-10-04T00:33:52.437000+00:00,,2026-10-04T00:33:52.437000+00:00,,4,Nilwala Ganga,Pitabeddara,b20691c5-070e-4b51-a077-84a126700587,6.5,5,1523072,0,1.17
2026-10-04T00:33:51.072000+00:00,,2026-10-04T00:33:51.072000+00:00,,4,Nilwala Ganga,Pitabeddara,4a358629-1c3e-43d3-8494-23b3c08b5e1c,6.5,5,1523071,0,1.17
2026-10-04T00:33:50.557000+00:00,,2026-10-04T00:33:50.557000+00:00,,4,Menik Ganga,Katharagama,9ecf9db9-4696-4944-b2b2-3551551daa1d,6.5,4.6,1523070,0,-0.26
2026-10-04T00:33:44.789000+00:00,,2026-10-04T00:33:44.789000+00:00,,3.5,Gin Ganga,Baddegama,7c3bcd20-68d2-4b84-976d-1f48758d4d2e,5,4,1523069,0,1.92
2026-10-04T00:33:23.630000+00:00,,2026-10-04T00:33:23.630000+00:00,,4,Gin Ganga,Thawalama,6347d993-3f1f-4e08-9c50-499002db2e7b,7.5,6,1523068,0,2.15
2026-10-04T00:33:18.718000+00:00,,2026-10-04T00:33:18.718000+00:00,,4,Maduru Oya,Padiyathalawa,f6e5e010-f121-471b-802f-2c0d2a9bedba,6,4.5,1523067,0,0.06
2026-10-04T00:33:15.748000+00:00,,2026-10-04T00:33:15.748000+00:00,,3,Kalu Ganga,Putupaula,80cfd6b0-9f68-4d84-896d-93b77814b79e,5,4,1523066,0,0.83
2026-10-04T00:32:55.512000+00:00,,2026-10-04T00:32:55.512000+00:00,,3,Mahaweli Ganga,Manampitiya,70959dce-2283-4f90-b92f-6180d84580be,6,4.3,1523065,0,-0.3
2026-10-04T00:32:34.183000+00:00,,2026-10-04T00:32:34.183000+00:00,,4.75,Deduru Oya,Moragaswewa,8a9f3365-4477-4b14-b343-4dd7a9696b46,7,6,1523064,0,-0.04
2026-10-04T00:32:28.213000+00:00,,2026-10-04T00:32:28.213000+00:00,,3,Walawe Ganga,Moraketiya,a8207867-2e20-4fe8-ba69-92ea7a8f73ac,7,5,1523063,0,0.78
2026-10-04T00:32:22.278000+00:00,,2026-10-04T00:32:22.278000+00:00,,5,Maha Oya,Badalgama,17884e53-d631-4b5b-ac11-074252fac61c,9.6,6.2,1523062,0,2.19
2026-10-04T00:32:21.213000+00:00,,2026-10-04T00:32:21.213000+00:00,,5,Kalu Ganga,Kalawellawa (Millakanda),f7b33c37-8994-4748-a133-49551d0fc7ee,8,6.5,1523061,0,2.64
2026-10-04T00:32:00.209000+00:00,,2026-10-04T00:32:00.209000+00:00,,5,Kumbukkan Oya,Nakkala,be647a80-d582-478b-b088-5944804a5150,7.5,6,1523060,0,0.93
2026-10-04T00:31:48.822000+00:00,,2026-10-04T00:31:48.822000+00:00,,4,Kalu Ganga,Magura,6e73dd9e-3c8d-4544-8d5e-f92a71c9f2bf,7.5,6,1523059,0,1.76
2026-10-04T00:31:40.587000+00:00,,2026-10-04T00:31:40.587000+00:00,,3.3,Aththanagalu Oya,Dunamale,98d9636b-b2cb-40ec-a99d-c182ab89b380,5.5,4.4,1523058,0.5,1.14
2026-10-04T00:31:23.143000+00:00,,2026-10-04T00:31:23.143000+00:00,,4,Ma Oya,Yaka Wewa,47a166e7-9cc4-45df-97a1-7e51f2123b74,6,5,1523057,0,0.4
2026-10-04T00:31:20.578000+00:00,,2026-10-04T00:31:20.578000+00:00,,6.9,Kirindi Oya,Kuda Oya,e3603c82-2f10-4d71-809c-e7f93a0278c6,8.8,8.4,1523056,0,1.03
2026-10-04T00:31:15.291000+00:00,,2026-10-04T00:31:15.291000+00:00,,,Gal Oya,Ampara,2f621186-f8c1-4214-bd9c-d651d403ceac,,,1523055,0,0
2026-10-04T00:31:01.199000+00:00,,2026-10-04T00:31:01.199000+00:00,,4.4,Kirindi Oya,Wellawaya,76b9e33d-ef20-4273-9ca3-0f531389bb5f,5.9,5.4,1523054,0,1.06
2026-10-04T00:30:10.664000+00:00,,2026-10-04T00:30:10.664000+00:00,,4.5,Heda Oya,Siyambalanduwa,51525918-7ac2-41bf-9887-e7748193efbe,7,6,1523053,0,0.63
2026-10-04T00:26:18.628000+00:00,,2026-10-04T00:26:18.628000+00:00,,5,Kalu Ganga,Kalawellawa (Millakanda),ebe57874-4c60-4b4e-bcf3-ca9c8d653057,8,6.5,1523052,0,2.71
2026-10-04T00:18:50.723000+00:00,,2026-10-04T00:18:50.723000+00:00,,5,Nilwala Ganga,Panadugama,88abba9d-05e6-4ddf-8ce5-ba80e74d92f5,7.5,6,1523051,0,3.56
2026-10-04T00:17:18.258000+00:00,,2026-10-04T00:17:18.258000+00:00,,3,Kalu Ganga,Putupaula,ebcd3649-e58b-4261-8d3e-392904159672,5,4,1523050,0,0.9
2026-10-04T00:08:56.044000+00:00,,2026-10-04T00:08:56.044000+00:00,,4,Kalu Ganga,Magura,7baffad2-f52a-4695-9300-3a5f88a926d6,7.5,6,1523049,0,1.75
2026-10-04T00:06:21.628000+00:00,,2026-10-04T00:06:21.628000+00:00,,4.8,Kelani Ganga,Deraniyagala,5b5ddc18-6982-4b6c-9eae-c2419c20cb59,7,5.8,1523048,0,0.89
2026-10-04T00:05:56.532000+00:00,,2026-10-04T00:05:56.532000+00:00,,4.8,Kelani Ganga,Deraniyagala,85650e49-d703-4eb4-889d-daa1d57ef242,7,5.8,1523047,0,0.86
2026-10-03T23:46:06.660000+00:00,,2026-10-03T23:46:06.660000+00:00,,2.5,Nilwala Ganga,Urawa,af2a6b06-ea2c-464c-8292-d07f7591b3ba,6,4,1523046,0,0.38
2026-10-03T23:45:27.465000+00:00,,2026-10-03T23:45:27.465000+00:00,,3.3,Aththanagalu Oya,Dunamale,64b513d4-9b57-4b36-bd8b-39738a26d345,5.5,4.4,1523045,0.5,1.13
2026-10-03T23:45:06.568000+00:00,,2026-10-03T23:45:06.568000+00:00,,4,Kalu Ganga,Magura,af458cbe-d01a-4ef4-9db7-9881a5940855,7.5,6,1523044,0,1.73
2026-10-03T23:42:40.668000+00:00,,2026-10-03T23:42:40.668000+00:00,,4,Kelani Ganga,Nagalagam Street,681481ab-1ecb-4416-9607-f5e825b25d87,7,5,1523043,,2.2
2026-10-03T23:42:28.397000+00:00,,2026-10-03T23:42:28.397000+00:00,,4,Menik Ganga,Katharagama,e81a9f38-dff5-4961-a82e-9f90f920f61d,6.5,4.6,1523042,0,-0.26
2026-10-03T23:41:04.019000+00:00,,2026-10-03T23:41:04.019000+00:00,,4,Kirindi Oya,Thanamalwila,c017d6e5-6b39-43bd-92c0-881320f0f8ce,5.5,5,1523041,0,0.17
2026-10-03T23:41:00.610000+00:00,,2026-10-03T23:41:00.610000+00:00,,3,Kelani Ganga,Kithulgala,c5981a1e-0813-4034-9156-00189a20e3fa,6,4,1523040,0,2.04
2026-10-03T23:38:24.530000+00:00,,2026-10-03T23:38:24.530000+00:00,,3.5,Gin Ganga,Baddegama,1606b3d4-e619-4ff2-b785-9c0c1b192b6a,5,4,1523039,0,1.92
2026-10-03T23:37:34.903000+00:00,,2026-10-03T23:37:34.903000+00:00,,2.5,Nilwala Ganga,Urawa,d1fa0eee-b15d-4035-a050-29488ee69835,6,4,1523038,0,0.36
2026-10-03T23:37:30.133000+00:00,,2026-10-03T23:37:30.133000+00:00,,5.5,Maha Oya,Giriulla,0472db8d-fe85-43c5-a707-e96f882318a3,7.5,6.5,1523037,0,1.58
2026-10-03T23:35:52.842000+00:00,,2026-10-03T23:35:52.842000+00:00,,6.5,Kelani Ganga,Hanwella,b72f1a44-6182-4592-b61a-53342e7ee922,9.5,7.5,1523036,0,3.35
2026-10-03T23:34:44.228000+00:00,,2026-10-03T23:34:44.228000+00:00,,5.2,Kalu Ganga,Rathnapura,dcc8f62d-05d7-4358-bc11-fb53850a5b51,9.5,7.5,1523035,0,2.28
2026-10-03T23:34:07.556000+00:00,,2026-10-03T23:34:07.556000+00:00,,3.5,Mahaweli Ganga,Nawalapitiya,b8754af8-a400-431e-86fb-6b08176b6fb8,6,5,1523034,0,1.42
2026-10-03T23:33:57.594000+00:00,,2026-10-03T23:33:57.594000+00:00,,3,Kelani Ganga,Holombuwa,e6b8456b-4f93-45aa-a182-01debeb513fe,6,4,1523033,0,0.71
2026-10-03T23:33:51.715000+00:00,,2026-10-03T23:33:51.715000+00:00,,5,Nilwala Ganga,Panadugama,1a3e03a6-3b2a-4a9b-a2ef-8d2549bd27cd,7.5,6,1523032,0,3.61
2026-10-03T23:33:23.625000+00:00,,2026-10-03T23:33:23.625000+00:00,,5,Maha Oya,Badalgama,1e91015d-d48b-4d4d-a230-c0dd923ae216,9.6,6.2,1523031,0,2.2
2026-10-03T23:33:05.487000+00:00,,2026-10-03T23:33:05.487000+00:00,,6,Yan Oya,Horowpothana,3ac57fb1-ba56-456b-b26d-7c6e6ffd531b,10.5,7.5,1523030,0,1.75
2026-10-03T23:32:53.299000+00:00,,2026-10-03T23:32:53.299000+00:00,,1.5,Kelani Ganga,Norwood,4b044671-6a3f-4f3a-ba80-c13a31c7cb3b,4.5,3,1523029,0,1.14
2026-10-03T23:32:41.389000+00:00,,2026-10-03T23:32:41.389000+00:00,,5,Mahaweli Ganga,Peradeniya,e8f0da1b-70f1-43f5-90cb-7dc2ff7862dd,9,7,1523028,0,3.69
2026-10-03T23:32:40.940000+00:00,,2026-10-03T23:32:40.940000+00:00,,3,Mahaweli Ganga,Manampitiya,204f5832-e054-4793-9e81-e3ed4737ead1,6,4.3,1523027,0,-0.32
2026-10-03T23:32:29.021000+00:00,,2026-10-03T23:32:29.021000+00:00,,10,Kalu Ganga,Ellagawa,2d28a3cf-b5d8-4ecc-b17e-dd6ea6625c8e,12.2,10.7,1523026,0,5.85
2026-10-03T23:32:28.096000+00:00,,2026-10-03T23:32:28.096000+00:00,,5,Kumbukkan Oya,Nakkala,0d6a1189-a585-45ab-b665-e45dc5b18e30,7.5,6,1523025,0,0.98
2026-10-03T23:31:56.753000+00:00,,2026-10-03T23:31:56.753000+00:00,,4.4,Kirindi Oya,Wellawaya,a83f54d5-caab-46c4-b66a-ee5eb7c474c5,5.9,5.4,1523024,0,1.05
2026-10-03T23:31:55.305000+00:00,,2026-10-03T23:31:55.305000+00:00,,4,Gin Ganga,Thawalama,05c0b8e8-46c7-4b8e-8355-f8ef07a8dabf,7.5,6,1523023,0,2.24
2026-10-03T23:31:47.617000+00:00,,2026-10-03T23:31:47.617000+00:00,,4,Ma Oya,Yaka Wewa,e69fffa5-e439-48e3-a307-e289ac939731,6,5,1523022,0,0.4
2026-10-03T23:31:43.954000+00:00,,2026-10-03T23:31:43.954000+00:00,,6.9,Kirindi Oya,Kuda Oya,a434d7e3-1263-445a-8e1e-4a5274c7efde,8.8,8.4,1523021,0,1.04
2026-10-03T23:31:27.095000+00:00,,2026-10-03T23:31:27.095000+00:00,,3,Mahaweli Ganga,Thaldena,c1235764-b97e-4338-b77f-8a409661a713,5,4,1523020,0,0.22
2026-10-03T23:31:18.436000+00:00,,2026-10-03T23:31:18.436000+00:00,,4,Kalu Ganga,Magura,7b95b43f-5763-4779-9b4c-c9707f40b512,7.5,6,1523019,0,1.71
2026-10-03T23:31:04.828000+00:00,,2026-10-03T23:31:04.828000+00:00,,4.75,Deduru Oya,Moragaswewa,329617a4-af33-4228-9534-2f7e0e5ff364,7,6,1523018,0,-0.04
2026-10-03T23:31:00.899000+00:00,,2026-10-03T23:31:00.899000+00:00,,4.5,Heda Oya,Siyambalanduwa,773c6497-bb0f-4539-8956-d0a14766a4a3,7,6,1523017,0,0.59
2026-10-03T23:30:57.558000+00:00,,2026-10-03T23:30:57.558000+00:00,,,Gal Oya,Ampara,9f2563d9-cdef-4e90-b1af-f297bac25b18,,,1523016,0,0
2026-10-03T23:30:41.561000+00:00,,2026-10-03T23:30:41.561000+00:00,,1.4,Nilwala Ganga,Thalgahagoda,fe9b7edc-61bb-4054-a9d6-74835f766931,2.8,1.7,1523015,0,0.73
2026-10-03T23:30:29.243000+00:00,,2026-10-03T23:30:29.243000+00:00,,4,Maduru Oya,Padiyathalawa,c56022a2-942a-4da0-8ce7-ee4c35581dbc,6,4.5,1523014,0,0.06
2026-10-03T23:30:25.501000+00:00,,2026-10-03T23:30:25.501000+00:00,,3,Walawe Ganga,Moraketiya,f86fe527-19a2-443c-88b8-b21d72f1d173,7,5,1523013,0,0.71
2026-10-03T23:26:52.127000+00:00,,2026-10-03T23:26:52.127000+00:00,,3,Kalu Ganga,Putupaula,a2b14449-7101-464d-b194-156ffe181f1d,5,4,1523012,0,0.85
2026-10-03T23:22:24.600000+00:00,,2026-10-03T23:22:24.600000+00:00,,3.3,Aththanagalu Oya,Dunamale,5c4c269e-44be-4c78-abec-abfb237a9e9e,5.5,4.4,1523011,0,1.12
2026-10-03T23:22:03.634000+00:00,,2026-10-03T23:22:03.634000+00:00,,4,Kalu Ganga,Magura,e14958e1-ff1e-45a0-8a34-6402d2e1b6c1,7.5,6,1523010,0,1.7
2026-10-03T23:03:04.807000+00:00,,2026-10-03T23:03:04.807000+00:00,,6,Yan Oya,Horowpothana,1f79676d-dd8f-47a9-9b22-acbed896badd,10.5,7.5,1523009,0,1.74
2026-10-03T23:00:18.989000+00:00,,2026-10-03T23:00:18.989000+00:00,,3.5,Mahaweli Ganga,Nawalapitiya,29b8cb0d-50f1-4c9a-986e-2796e6ccdd03,6,5,1523008,0,1.42
2026-10-03T22:47:53.557000+00:00,,2026-10-03T22:47:53.557000+00:00,,4.4,Kirindi Oya,Wellawaya,d1914704-6ade-4f5f-94e0-0caac212eff2,5.9,5.4,1523007,0,1.02
2026-10-03T22:46:17.424000+00:00,,2026-10-03T22:46:17.424000+00:00,,1.4,Nilwala Ganga,Thalgahagoda,b0418949-0131-4fd0-88ac-289730a08452,2.8,1.7,1523006,0,0.75
2026-10-03T22:42:05.143000+00:00,,2026-10-03T22:42:05.143000+00:00,,2.5,Nilwala Ganga,Urawa,f4dccaec-638a-4afa-8245-cdd4af2e4eda,6,4,1523005,0,0.36
2026-10-03T22:40:28.001000+00:00,,2026-10-03T22:40:28.001000+00:00,,5,Nilwala Ganga,Panadugama,4803b9b4-61cd-4826-a5a3-db83f49a87ca,7.5,6,1523004,0,3.65
2026-10-03T22:38:25.127000+00:00,,2026-10-03T22:38:25.127000+00:00,,3,Kelani Ganga,Kithulgala,89021bc7-f7ff-4c79-aefb-6519ae60013c,6,4,1523003,0,2.04
2026-10-03T22:37:48.705000+00:00,,2026-10-03T22:37:48.705000+00:00,,4,Kirindi Oya,Thanamalwila,8d891d15-9785-45c3-80f2-753031d42496,5.5,5,1523002,0,0.16
2026-10-03T22:37:06.456000+00:00,,2026-10-03T22:37:06.456000+00:00,,3,Kelani Ganga,Holombuwa,1b461aac-a99f-4e6b-8f33-417f469b93a4,6,4,1523001,0,0.71
2026-10-03T22:36:34.879000+00:00,,2026-10-03T22:36:34.879000+00:00,,4,Kelani Ganga,Nagalagam Street,6bcaef37-9dbd-4f17-92b9-7b9d9c9eccde,7,5,1523000,,2
2026-10-03T22:35:55.584000+00:00,,2026-10-03T22:35:55.584000+00:00,,4,Menik Ganga,Katharagama,a6d6bac8-f383-4a0b-8d1d-b8702ee63653,6.5,4.6,1522999,0,-0.25
2026-10-03T22:35:40.538000+00:00,,2026-10-03T22:35:40.538000+00:00,,4,Gin Ganga,Thawalama,55d9c413-dd6f-43b2-b2dc-6e431b4dcd2f,7.5,6,1522998,0,2.25
2026-10-03T22:35:18.936000+00:00,,2026-10-03T22:35:18.936000+00:00,,3.5,Gin Ganga,Baddegama,90ee0278-e867-4228-a092-7224f2928113,5,4,1522997,0,1.94
2026-10-03T22:34:44.324000+00:00,,2026-10-03T22:34:44.324000+00:00,,15,Kelani Ganga,Glencourse,86c4088a-f23d-480c-ad37-53ba8ee8a8f0,19,15.5,1522996,0,11.31
2026-10-03T22:34:42.472000+00:00,,2026-10-03T22:34:42.472000+00:00,,5.5,Maha Oya,Giriulla,2ea2ad65-3dae-457f-8ab3-bf8b1547f0dd,7.5,6.5,1522995,0,1.58
2026-10-03T22:34:17.008000+00:00,,2026-10-03T22:34:17.008000+00:00,,3,Mahaweli Ganga,Manampitiya,96b0b33b-f7af-4945-b25f-b1dedb79752c,6,4.3,1522994,0,-0.35
2026-10-03T22:34:12.259000+00:00,,2026-10-03T22:34:12.259000+00:00,,6.5,Kelani Ganga,Hanwella,105114d4-43e9-4b33-b17f-0fc0c1341094,9.5,7.5,1522993,0,3.44
2026-10-03T22:33:36.976000+00:00,,2026-10-03T22:33:36.976000+00:00,,3,Mahaweli Ganga,Thaldena,0a25a0ba-0c4e-4f2e-9150-80e13e1e8277,5,4,1522992,0,0.2
2026-10-03T22:33:30.954000+00:00,,2026-10-03T22:33:30.954000+00:00,,5.2,Kalu Ganga,Rathnapura,97a6f390-85d6-4b67-8079-d3719446cbac,9.5,7.5,1522991,0,2.29
2026-10-03T22:33:28.179000+00:00,,2026-10-03T22:33:28.179000+00:00,,4.5,Heda Oya,Siyambalanduwa,b3f07b9a-071d-4a21-9a0f-e129180ad417,7,6,1522990,0,0.33
2026-10-03T22:33:06.287000+00:00,,2026-10-03T22:33:06.287000+00:00,,1.5,Kelani Ganga,Norwood,4d297748-b288-4c23-8614-8f8e728122ac,4.5,3,1522989,0,1.2
2026-10-03T22:32:53.908000+00:00,,2026-10-03T22:32:53.908000+00:00,,5,Kalu Ganga,Kalawellawa (Millakanda),60ae2378-d8e1-4a46-8218-3ab24a93a533,8,6.5,1522988,0,2.88
2026-10-03T22:32:47.572000+00:00,,2026-10-03T22:32:47.572000+00:00,,10,Kalu Ganga,Ellagawa,49300605-7b43-46e1-acd5-876bde930086,12.2,10.7,1522987,0,5.66
2026-10-03T22:32:39.736000+00:00,,2026-10-03T22:32:39.736000+00:00,,3.3,Aththanagalu Oya,Dunamale,7e6c544e-ae27-44bf-8701-b8dee0628cd1,5.5,4.4,1522986,0,1.12
2026-10-03T22:32:36.236000+00:00,,2026-10-03T22:32:36.236000+00:00,,5,Mahaweli Ganga,Peradeniya,57bc47e1-5fef-440d-99df-657b060d5031,9,7,1522985,0,3.8
2026-10-03T22:32:11.276000+00:00,,2026-10-03T22:32:11.276000+00:00,,5,Maha Oya,Badalgama,f00efc60-23d1-4265-9a64-76c26c0fc8e7,9.6,6.2,1522984,0,2.21
2026-10-03T22:31:58.702000+00:00,,2026-10-03T22:31:58.702000+00:00,,4.4,Kirindi Oya,Wellawaya,80f3d795-6156-406a-a941-485c716cff16,5.9,5.4,1522983,0,1
2026-10-03T22:31:50.385000+00:00,,2026-10-03T22:31:50.385000+00:00,,4,Ma Oya,Yaka Wewa,4c152459-8f80-449e-8283-78acafdaffb3,6,5,1522982,0,0.4
2026-10-03T22:31:32.135000+00:00,,2026-10-03T22:31:32.135000+00:00,,4,Maduru Oya,Padiyathalawa,b9c36745-1e75-4c51-a06f-580ea7b55a06,6,4.5,1522981,0,0.06
2026-10-03T22:31:26.355000+00:00,,2026-10-03T22:31:26.355000+00:00,,5,Kumbukkan Oya,Nakkala,c1b4c5ed-c19f-4057-b577-f71184025783,7.5,6,1522980,0,0.97
2026-10-03T22:31:20.881000+00:00,,2026-10-03T22:31:20.881000+00:00,,3,Walawe Ganga,Moraketiya,fbb7e31a-345b-4f77-9e05-208d3c657f64,7,5,1522979,0,0.71
2026-10-03T22:31:09.860000+00:00,,2026-10-03T22:31:09.860000+00:00,,6.9,Kirindi Oya,Kuda Oya,14330ef2-5d74-4b40-9d43-c82057b538bf,8.8,8.4,1522978,0,1.03
2026-10-03T22:30:55.179000+00:00,,2026-10-03T22:30:55.179000+00:00,,,Gal Oya,Ampara,9294ef70-68ee-4353-8006-459be84608fc,,,1522977,0,0
2026-10-03T22:30:50.039000+00:00,,2026-10-03T22:30:50.039000+00:00,,4.75,Deduru Oya,Moragaswewa,4a89df4b-38b7-4c65-b5b2-9b16679ffcfa,7,6,1522976,0,-0.05
2026-10-03T22:26:38.019000+00:00,,2026-10-03T22:26:38.019000+00:00,,5,Nilwala Ganga,Panadugama,bf019f51-8197-4da4-82fb-179c1c15246d,7.5,6,1522975,0,3.65
2026-10-03T21:49:06.591000+00:00,,2026-10-03T21:49:06.591000+00:00,,3,Kelani Ganga,Kithulgala,264374dd-035c-4885-ac08-7c4a96f6c23e,6,4,1522974,0,2
2026-10-03T21:46:53.503000+00:00,,2026-10-03T21:46:53.503000+00:00,,4.8,Kelani Ganga,Deraniyagala,737f24e7-cfca-4d44-9d8e-8e68f1fe29ae,7,5.8,1522973,0,0.89
2026-10-03T21:45:59.682000+00:00,,2026-10-03T21:45:59.682000+00:00,,4,Gin Ganga,Thawalama,df318e00-fab6-43bc-bac7-de2872897163,7.5,6,1522972,0,2.27
2026-10-03T21:45:42.826000+00:00,,2026-10-03T21:45:42.826000+00:00,,4,Gin Ganga,Thawalama,5ce4daed-2844-4c61-acda-361d93adf121,7.5,6,1522971,0,2.3
2026-10-03T21:40:38.875000+00:00,,2026-10-03T21:40:38.875000+00:00,,6.5,Kelani Ganga,Hanwella,0a96bf31-91db-40e1-b785-13d6ad598e55,9.5,7.5,1522970,0,3.49
2026-10-03T21:39:56.552000+00:00,,2026-10-03T21:39:56.552000+00:00,,3.5,Gin Ganga,Baddegama,2be7d53f-d890-4b23-a042-35d705deba77,5,4,1522969,0,1.98
2026-10-03T21:39:19.057000+00:00,,2026-10-03T21:39:19.057000+00:00,,3.3,Aththanagalu Oya,Dunamale,66e284fb-424c-419c-971e-821b3b50d2f6,5.5,4.4,1522968,0,1.12
2026-10-03T21:37:49.546000+00:00,,2026-10-03T21:37:49.546000+00:00,,5.5,Maha Oya,Giriulla,3cf073f2-9088-4878-94dc-4ce16fb3956b,7.5,6.5,1522967,0,1.4
2026-10-03T21:37:21.125000+00:00,,2026-10-03T21:37:21.125000+00:00,,3,Kelani Ganga,Holombuwa,dd4661df-1c8c-4a9a-a20d-b0859ce8509b,6,4,1522966,0,0.71
2026-10-03T21:37:06.959000+00:00,,2026-10-03T21:37:06.959000+00:00,,5,Nilwala Ganga,Panadugama,88d8be50-21d0-43eb-b56c-99d3a07bd5f1,7.5,6,1522965,0,3.68
2026-10-03T21:37:05.471000+00:00,,2026-10-03T21:37:05.471000+00:00,,5,Kalu Ganga,Kalawellawa (Millakanda),78bb70bd-2fa2-46dd-bb22-2c2fca2c61d7,8,6.5,1522964,0,2.94
2026-10-03T21:36:25.147000+00:00,,2026-10-03T21:36:25.147000+00:00,,5,Kalu Ganga,Kalawellawa (Millakanda),1e1168a7-2497-48c9-9580-6573bcf6244c,8,6.5,1522963,0,2.96
2026-10-03T21:35:43.990000+00:00,,2026-10-03T21:35:43.990000+00:00,,3,Mahaweli Ganga,Thaldena,07c974f9-0299-4d1a-a3f2-f8ed34abc35e,5,4,1522962,0,0.18
2026-10-03T21:35:22.617000+00:00,,2026-10-03T21:35:22.617000+00:00,,5,Kalu Ganga,Kalawellawa (Millakanda),7add15bc-3069-42f0-907e-a566ce270a3e,8,6.5,1522961,0,2.98
2026-10-03T21:35:02.636000+00:00,,2026-10-03T21:35:02.636000+00:00,,15,Kelani Ganga,Glencourse,2474ccef-1f95-40b4-91f4-033b5d2f8670,19,15.5,1522960,0,11.5
2026-10-03T21:33:56.573000+00:00,,2026-10-03T21:33:56.573000+00:00,,4,Menik Ganga,Katharagama,05d6977c-4f43-48ad-b823-063f7ad180a3,6.5,4.6,1522959,0,-0.25
2026-10-03T21:33:53.117000+00:00,,2026-10-03T21:33:53.117000+00:00,,3.5,Mahaweli Ganga,Nawalapitiya,ad75b13d-3b2d-4399-8cde-19f9e9de52ea,6,5,1522958,0,1.41
2026-10-03T21:33:49.153000+00:00,,2026-10-03T21:33:49.153000+00:00,,5,Maha Oya,Badalgama,3b4325cc-b653-4f17-940f-586bb15da533,9.6,6.2,1522957,0,2.22
2026-10-03T21:33:43.708000+00:00,,2026-10-03T21:33:43.708000+00:00,,4,Kelani Ganga,Nagalagam Street,9fee104b-1b95-4c53-b9ab-aed18d065f24,7,5,1522956,,1.9
2026-10-03T21:33:34.922000+00:00,,2026-10-03T21:33:34.922000+00:00,,4,Maduru Oya,Padiyathalawa,69e87777-8fa6-48f3-a5d0-ec7859d7d3fe,6,4.5,1522955,0,0.06
2026-10-03T21:33:32.224000+00:00,,2026-10-03T21:33:32.224000+00:00,,3.5,Mahaweli Ganga,Nawalapitiya,6063fad9-65e7-4e0f-a139-327b82a646b1,6,5,1522954,0,1.41
2026-10-03T21:33:15.548000+00:00,,2026-10-03T21:33:15.548000+00:00,,5.2,Kalu Ganga,Rathnapura,49452d24-17da-4781-ad4d-69e7db1efcf7,9.5,7.5,1522953,0,2.25
2026-10-03T21:33:14.179000+00:00,,2026-10-03T21:33:14.179000+00:00,,4,Kirindi Oya,Thanamalwila,1af1c98c-9ad2-46da-b338-050895de51a6,5.5,5,1522952,0,0.16
2026-10-03T21:33:12.786000+00:00,,2026-10-03T21:33:12.786000+00:00,,4,Kirindi Oya,Thanamalwila,3e85642c-b712-437f-bef5-9a9ab59dad03,5.5,5,1522951,0,0.16
2026-10-03T21:33:09.914000+00:00,,2026-10-03T21:33:09.914000+00:00,,1.5,Kelani Ganga,Norwood,299daacf-d43c-404e-a8a7-68cbff8fdd05,4.5,3,1522950,0,1.24
2026-10-03T21:33:03.755000+00:00,,2026-10-03T21:33:03.755000+00:00,,10,Kalu Ganga,Ellagawa,4d56e58d-560a-44ed-a585-3e4ab1e01653,12.2,10.7,1522949,0,5.68
2026-10-03T21:32:40.564000+00:00,,2026-10-03T21:32:40.564000+00:00,,1.4,Nilwala Ganga,Thalgahagoda,2d98037d-7f07-4ebc-96d2-0d467d84fdbc,2.8,1.7,1522948,0,0.76
2026-10-03T21:32:30.468000+00:00,,2026-10-03T21:32:30.468000+00:00,,3,Mahaweli Ganga,Manampitiya,a6e74d45-f4e6-4372-bd41-0781d0d38cf3,6,4.3,1522947,0,-0.35
2026-10-03T21:32:11.348000+00:00,,2026-10-03T21:32:11.348000+00:00,,5,Kumbukkan Oya,Nakkala,33ac1a99-3e79-4c84-bbc1-ff6cc76645bf,7.5,6,1522946,0,1.1
2026-10-03T21:32:06.752000+00:00,,2026-10-03T21:32:06.752000+00:00,,4,Ma Oya,Yaka Wewa,3f3160a2-8ea9-48ce-977f-7898eb5dea0f,6,5,1522945,0,0.4
2026-10-03T21:32:03.967000+00:00,,2026-10-03T21:32:03.967000+00:00,,4.5,Heda Oya,Siyambalanduwa,8c534a3a-6bad-4ab0-b930-434d1b4783b0,7,6,1522944,0,0.33
2026-10-03T21:32:00.962000+00:00,,2026-10-03T21:32:00.962000+00:00,,5,Mahaweli Ganga,Peradeniya,75ff36ab-b28f-406f-8516-19729690d5e4,9,7,1522943,0,3.92
2026-10-03T21:31:59.644000+00:00,,2026-10-03T21:31:59.644000+00:00,,4.4,Kirindi Oya,Wellawaya,600d2bb6-d9b0-4348-b94f-baf71d43f068,5.9,5.4,1522942,0,1.07
2026-10-03T21:31:53.827000+00:00,,2026-10-03T21:31:53.827000+00:00,,6,Yan Oya,Horowpothana,a6f68681-03dc-4fa0-9f53-026e7ac88bbe,10.5,7.5,1522941,0,1.73
2026-10-03T21:31:22.240000+00:00,,2026-10-03T21:31:22.240000+00:00,,4.75,Deduru Oya,Moragaswewa,d63854e7-d091-4d5c-9bc5-9ef6972a3f2e,7,6,1522940,0,-0.05
2026-10-03T21:30:48.570000+00:00,,2026-10-03T21:30:48.570000+00:00,,,Gal Oya,Ampara,9b68818b-4fd0-45fa-b680-57d37e569cad,,,1522939,0,0
2026-10-03T21:30:16.849000+00:00,,2026-10-03T21:30:16.849000+00:00,,3,Walawe Ganga,Moraketiya,f17b98bc-9c76-481b-86f1-b1747a98da43,7,5,1522938,0,0.7
2026-10-03T21:11:02.377000+00:00,,2026-10-03T21:11:02.377000+00:00,,2.5,Nilwala Ganga,Urawa,7411cbda-5d20-46e5-a7be-f29bde6f06e8,6,4,1522937,0,0.36
2026-10-03T20:58:43.044000+00:00,,2026-10-03T20:58:43.044000+00:00,,3.3,Aththanagalu Oya,Dunamale,27a72521-2310-4b08-b03a-0b5264251fab,5.5,4.4,1522936,0,1.12
2026-10-03T20:57:00.014000+00:00,,2026-10-03T20:57:00.014000+00:00,,4,Kelani Ganga,Nagalagam Street,6b4931e2-95d4-4ba4-859f-b764e05af0e3,7,5,1522935,,1.6
2026-10-03T20:52:31.401000+00:00,,2026-10-03T20:52:31.401000+00:00,,5,Nilwala Ganga,Panadugama,b56b024f-0073-41e6-8832-8b2adb84dc80,7.5,6,1522934,0,3.7
2026-10-03T20:50:06.038000+00:00,,2026-10-03T20:50:06.038000+00:00,,4.8,Kelani Ganga,Deraniyagala,9036caf1-a6ff-4fc2-936d-4ac2e40feda0,7,5.8,1522933,0,0.87
2026-10-03T20:38:41.803000+00:00,,2026-10-03T20:38:41.803000+00:00,,3,Kelani Ganga,Holombuwa,82cffbf6-264a-4d86-8e1c-22a4065e32a4,6,4,1522932,0,0.72
2026-10-03T20:37:01.294000+00:00,,2026-10-03T20:37:01.294000+00:00,,3,Mahaweli Ganga,Thaldena,bdaf9f29-e482-4f1b-8991-dcbf77648207,5,4,1522931,0,0.17
2026-10-03T20:37:00.175000+00:00,,2026-10-03T20:37:00.175000+00:00,,3,Mahaweli Ganga,Thaldena,ce88c6ba-a56c-4c01-b9df-71196d572d2e,5,4,1522930,0,0.17
2026-10-03T20:36:53.906000+00:00,,2026-10-03T20:36:53.906000+00:00,,3.5,Gin Ganga,Baddegama,3eb179ff-0dfb-489d-9d02-39c05c44f410,5,4,1522929,0,2.03
2026-10-03T20:35:58.993000+00:00,,2026-10-03T20:35:58.993000+00:00,,4.4,Kirindi Oya,Wellawaya,3245cbb1-0d5b-4289-8bc9-2ffa274a22e6,5.9,5.4,1522928,0,1.22
2026-10-03T20:35:52.197000+00:00,,2026-10-03T20:35:52.197000+00:00,,6.5,Kelani Ganga,Hanwella,3e56504b-23fa-4d3b-ab26-e4bab63674b9,9.5,7.5,1522927,0,3.5
2026-10-03T20:35:17.458000+00:00,,2026-10-03T20:35:17.458000+00:00,,4,Menik Ganga,Katharagama,108fc6aa-5794-4fbb-88e0-0096c9b09205,6.5,4.6,1522926,0,-0.25
2026-10-03T20:34:28.437000+00:00,,2026-10-03T20:34:28.437000+00:00,,5.2,Kalu Ganga,Rathnapura,3cc3ff72-e9ea-4b02-85ce-0622f9a13f6d,9.5,7.5,1522925,0,2.13
2026-10-03T20:33:31.441000+00:00,,2026-10-03T20:33:31.441000+00:00,,5.5,Maha Oya,Giriulla,fae3a8a1-f813-4e27-9539-cf88f809a34e,7.5,6.5,1522924,0,1.27
2026-10-03T20:33:29.067000+00:00,,2026-10-03T20:33:29.067000+00:00,,3,Kelani Ganga,Kithulgala,461408c7-a7cc-46d6-9a99-5b931223f5f0,6,4,1522923,0,2.1
2026-10-03T20:33:07.654000+00:00,,2026-10-03T20:33:07.654000+00:00,,5,Maha Oya,Badalgama,5cd8c080-2e4e-42fe-965d-11b4dc7c86e4,9.6,6.2,1522922,0,2.23
2026-10-03T20:32:46.303000+00:00,,2026-10-03T20:32:46.303000+00:00,,1.5,Kelani Ganga,Norwood,2325a51c-ac1d-4336-8466-4c6d1a4890d1,4.5,3,1522921,0,1.26
2026-10-03T20:32:42.580000+00:00,,2026-10-03T20:32:42.580000+00:00,,3,Mahaweli Ganga,Manampitiya,00727bb7-05b9-494c-833e-e2098a3b4450,6,4.3,1522920,0,-0.36
2026-10-03T20:32:29.509000+00:00,,2026-10-03T20:32:29.509000+00:00,,4,Nilwala Ganga,Pitabeddara,a95e89a1-27a1-4c74-bac2-3fda58560c7d,6.5,5,1522919,0,1.17
2026-10-03T20:32:22.348000+00:00,,2026-10-03T20:32:22.348000+00:00,,5,Nilwala Ganga,Panadugama,439217f1-3cb4-4e2e-95aa-99d700df6692,7.5,6,1522918,0,3.7
2026-10-03T20:32:14.537000+00:00,,2026-10-03T20:32:14.537000+00:00,,5,Mahaweli Ganga,Peradeniya,c0e1b613-dcea-46fb-a789-92b06234a71c,9,7,1522917,0,4.02
2026-10-03T20:31:59.877000+00:00,,2026-10-03T20:31:59.877000+00:00,,4,Ma Oya,Yaka Wewa,b1594a92-b190-4646-a2bc-e030cb2a8fc3,6,5,1522916,0,0.4
2026-10-03T20:31:58.532000+00:00,,2026-10-03T20:31:58.532000+00:00,,10,Kalu Ganga,Ellagawa,06b22747-0bfa-44dd-b5eb-b2c6cd8e96bb,12.2,10.7,1522915,0,5.69
2026-10-03T20:31:43.336000+00:00,,2026-10-03T20:31:43.336000+00:00,,6.9,Kirindi Oya,Kuda Oya,b3a839fd-839f-4da4-a12c-0fc8cc5142d2,8.8,8.4,1522914,0,1.04
2026-10-03T20:31:38.789000+00:00,,2026-10-03T20:31:38.789000+00:00,,6,Yan Oya,Horowpothana,d81a98f1-aaaa-4a44-a07e-27b033569b6e,10.5,7.5,1522913,0,1.72
2026-10-03T20:31:36.278000+00:00,,2026-10-03T20:31:36.278000+00:00,,4.5,Heda Oya,Siyambalanduwa,b8a30fb4-c916-4a37-a6f7-7ad203fd2e4e,7,6,1522912,0,0.33
2026-10-03T20:31:33.601000+00:00,,2026-10-03T20:31:33.601000+00:00,,4,Kirindi Oya,Thanamalwila,177af100-9628-46bf-8cf2-8137029671c7,5.5,5,1522911,0,0.16
2026-10-03T20:31:25.085000+00:00,,2026-10-03T20:31:25.085000+00:00,,5,Kumbukkan Oya,Nakkala,9fc1d086-e210-4109-b428-46e787f9cdbe,7.5,6,1522910,0,1.31
2026-10-03T20:30:49.324000+00:00,,2026-10-03T20:30:49.324000+00:00,,4.75,Deduru Oya,Moragaswewa,2d28d7a1-840b-4217-9014-a92fcb16ab0f,7,6,1522908,0,-0.06
2026-10-03T20:30:49.233000+00:00,,2026-10-03T20:30:49.233000+00:00,,1.4,Nilwala Ganga,Thalgahagoda,6ff75d65-f5d8-42b0-b016-ff5cfc097ef6,2.8,1.7,1522907,0,0.78
2026-10-03T20:30:43.547000+00:00,,2026-10-03T20:30:43.547000+00:00,,15,Kelani Ganga,Glencourse,88895987-653d-4a52-847e-2786ff03f823,19,15.5,1522906,0,11.86
2026-10-03T20:30:29.684000+00:00,,2026-10-03T20:30:29.684000+00:00,,3,Walawe Ganga,Moraketiya,1bb9c9f2-0e3a-47b9-aa56-bd9e85a06cb0,7,5,1522905,0,0.7
2026-10-03T20:16:07.383000+00:00,,2026-10-03T20:16:07.383000+00:00,,3.5,Mahaweli Ganga,Nawalapitiya,2365b937-e19f-4a87-8deb-2e9ef275386c,6,5,1522904,0,1.41
2026-10-03T19:41:08.674000+00:00,,2026-10-03T19:41:08.674000+00:00,,2.5,Nilwala Ganga,Urawa,879c4d92-4a8c-4485-bd73-913ef65d1c9d,6,4,1522903,0,0.36
2026-10-03T19:40:48.944000+00:00,,2026-10-03T19:40:48.944000+00:00,,10,Kalu Ganga,Ellagawa,42be2b45-1d57-4a88-89eb-46ce34f2d6dd,12.2,10.7,1522902,0,5.69
2026-10-03T19:39:40.100000+00:00,,2026-10-03T19:39:40.100000+00:00,,4.5,Heda Oya,Siyambalanduwa,52206aaf-f9b7-46c0-b8e9-ff1c1ae34913,7,6,1522901,0,0.33
2026-10-03T19:37:48.044000+00:00,,2026-10-03T19:37:48.044000+00:00,,5.2,Kalu Ganga,Rathnapura,7e6e2ed3-1356-4bf0-9714-a641c42ce1df,9.5,7.5,1522900,0,1.95
2026-10-03T19:37:43.042000+00:00,,2026-10-03T19:37:43.042000+00:00,,3,Kelani Ganga,Kithulgala,7e38495c-4d93-46e8-a1d8-7defefd7714b,6,4,1522899,0,2.12
2026-10-03T19:36:52.698000+00:00,,2026-10-03T19:36:52.698000+00:00,,3.5,Gin Ganga,Baddegama,6c012fa7-2473-4a0a-a8da-1f5aacd99850,5,4,1522898,0,2.07
2026-10-03T19:36:38.730000+00:00,,2026-10-03T19:36:38.730000+00:00,,6.5,Kelani Ganga,Hanwella,03b760ad-3971-4a78-b26b-aec82315b5ca,9.5,7.5,1522897,0,3.47
2026-10-03T19:36:09.001000+00:00,,2026-10-03T19:36:09.001000+00:00,,4,Menik Ganga,Katharagama,39191993-a497-4ea4-9493-7ff4cb1b08b6,6.5,4.6,1522896,0,-0.25
2026-10-03T19:35:37.543000+00:00,,2026-10-03T19:35:37.543000+00:00,,3,Kelani Ganga,Holombuwa,d89c00e9-fbbd-4501-92b0-5afb7d636ba8,6,4,1522895,0,0.71
2026-10-03T19:35:25.480000+00:00,,2026-10-03T19:35:25.480000+00:00,,5,Nilwala Ganga,Panadugama,476cfd5a-84c1-4242-979d-23c73c2ccfce,7.5,6,1522894,0,3.75
2026-10-03T19:34:44.903000+00:00,,2026-10-03T19:34:44.903000+00:00,,4,Kirindi Oya,Thanamalwila,c946ebef-2f82-4f33-9b95-5caf14c435b6,5.5,5,1522893,0,0.16
2026-10-03T19:34:21.956000+00:00,,2026-10-03T19:34:21.956000+00:00,,4,Gin Ganga,Thawalama,b5708d2d-f082-470b-9088-428763624c3f,7.5,6,1522892,0,2.33
2026-10-03T19:34:21.853000+00:00,,2026-10-03T19:34:21.853000+00:00,,5.5,Maha Oya,Giriulla,46688393-ca54-407b-a36d-631e58fdbd61,7.5,6.5,1522891,0,1.1
2026-10-03T19:34:03.663000+00:00,,2026-10-03T19:34:03.663000+00:00,,3.3,Aththanagalu Oya,Dunamale,ffb34ca7-a605-438d-934d-70fcc6a4842c,5.5,4.4,1522890,0,1.12
2026-10-03T19:33:58.215000+00:00,,2026-10-03T19:33:58.215000+00:00,,1.4,Nilwala Ganga,Thalgahagoda,a0922474-3655-499f-a473-f4c51e7f655a,2.8,1.7,1522889,0,0.78
2026-10-03T19:33:43.371000+00:00,,2026-10-03T19:33:43.371000+00:00,,4.75,Deduru Oya,Moragaswewa,93c2730e-bed4-4da2-a11c-7b344bc6be62,7,6,1522888,3.5,-0.06
2026-10-03T19:33:41.061000+00:00,,2026-10-03T19:33:41.061000+00:00,,4,Kalu Ganga,Magura,3cf6f63e-4080-46f0-8fb9-88c52fa4180a,7.5,6,1522887,0,1.71
2026-10-03T19:33:34.798000+00:00,,2026-10-03T19:33:34.798000+00:00,,3,Kalu Ganga,Putupaula,dc9a541d-88aa-478b-a349-9f7f5989cdc4,5,4,1522886,0,0.77
2026-10-03T19:33:32.112000+00:00,,2026-10-03T19:33:32.112000+00:00,,1.5,Kelani Ganga,Norwood,0c051d16-b8f5-4ba4-bcc6-a12dfc0e6dd1,4.5,3,1522885,1,1.32
2026-10-03T19:33:23.751000+00:00,,2026-10-03T19:33:23.751000+00:00,,4,Kelani Ganga,Nagalagam Street,d64f55c8-63d2-4607-a1a9-06ad972be286,7,5,1522884,,1.4
2026-10-03T19:33:23.699000+00:00,,2026-10-03T19:33:23.699000+00:00,,6,Yan Oya,Horowpothana,accefd03-37b1-485b-951a-70c6a996d98a,10.5,7.5,1522883,0,1.7
2026-10-03T19:33:06.089000+00:00,,2026-10-03T19:33:06.089000+00:00,,3,Mahaweli Ganga,Manampitiya,a8893e7f-6a04-4bae-9e67-35715f79a63e,6,4.3,1522882,0,-0.38
2026-10-03T19:32:57.455000+00:00,,2026-10-03T19:32:57.455000+00:00,,4.8,Kelani Ganga,Deraniyagala,36725483-33de-4568-8a68-540788121d6c,7,5.8,1522881,0,0.9
2026-10-03T19:32:18.187000+00:00,,2026-10-03T19:32:18.187000+00:00,,5,Kumbukkan Oya,Nakkala,9a8c836f-3a5d-4f7a-9abf-5f7bfc8ec457,7.5,6,1522880,0,1.37
2026-10-03T19:32:15.478000+00:00,,2026-10-03T19:32:15.478000+00:00,,15,Kelani Ganga,Glencourse,5f0bfdcf-3876-46ef-9ded-42aba15299cd,19,15.5,1522879,0,11.9
2026-10-03T19:32:10.085000+00:00,,2026-10-03T19:32:10.085000+00:00,,4,Ma Oya,Yaka Wewa,a91032ea-ed6d-492f-a8a4-e284af4ab0cc,6,5,1522878,0,0.4
2026-10-03T19:32:06.808000+00:00,,2026-10-03T19:32:06.808000+00:00,,5,Maha Oya,Badalgama,bd3b5c3a-c378-4f93-9de0-82e47c74fd15,9.6,6.2,1522877,0,2.24
2026-10-03T19:31:56.766000+00:00,,2026-10-03T19:31:56.766000+00:00,,5,Mahaweli Ganga,Peradeniya,9e890798-944c-4b7a-b447-f9cd59b98c96,9,7,1522876,0,4.1
2026-10-03T19:31:44.513000+00:00,,2026-10-03T19:31:44.513000+00:00,,4,Nilwala Ganga,Pitabeddara,1acb0849-e3eb-47e9-9469-f24ec33e1dc6,6.5,5,1522875,0,1.16
2026-10-03T19:31:14.715000+00:00,,2026-10-03T19:31:14.715000+00:00,,4,Maduru Oya,Padiyathalawa,6bfc0295-72eb-44a4-a558-d1c383940a0f,6,4.5,1522874,0,0.06
2026-10-03T19:31:12.248000+00:00,,2026-10-03T19:31:12.248000+00:00,,6.9,Kirindi Oya,Kuda Oya,35fb3906-96f3-4857-9308-c3c39a08f675,8.8,8.4,1522873,0,1.04
2026-10-03T19:30:47.112000+00:00,,2026-10-03T19:30:47.112000+00:00,,,Gal Oya,Ampara,2f7609b2-c57d-434b-a23a-df6740fb0b87,,,1522872,0,0
2026-10-03T19:30:14.591000+00:00,,2026-10-03T19:30:14.591000+00:00,,4.4,Kirindi Oya,Wellawaya,4a759fe5-f9a9-497b-b586-32004867f6a3,5.9,5.4,1522871,0,1.23
2026-10-03T19:09:08.749000+00:00,,2026-10-03T19:09:08.749000+00:00,,2.5,Nilwala Ganga,Urawa,76bfd7f4-8b2e-4e47-8efc-c2f629deff57,6,4,1522870,0,0.37
2026-10-03T18:41:15.745000+00:00,,2026-10-03T18:41:15.745000+00:00,,4,Nilwala Ganga,Pitabeddara,bdf0606d-9b7d-4692-be63-18544d711706,6.5,5,1522869,0,1.17
2026-10-03T18:40:39.857000+00:00,,2026-10-03T18:40:39.857000+00:00,,5,Nilwala Ganga,Panadugama,b2555c89-a31d-4da9-80b2-dc42561e2cab,7.5,6,1522868,0,3.8
2026-10-03T18:39:20.346000+00:00,,2026-10-03T18:39:20.346000+00:00,,4,Kalu Ganga,Magura,e8c0a372-f6f2-4c14-a9e8-e29b8e9c3e93,7.5,6,1522867,0,1.71
2026-10-03T18:38:56.068000+00:00,,2026-10-03T18:38:56.068000+00:00,,3,Kelani Ganga,Holombuwa,ee77e7fb-502d-4b81-829d-593d0db9c1a1,6,4,1522866,0,0.7
2026-10-03T18:38:09.525000+00:00,,2026-10-03T18:38:09.525000+00:00,,5.2,Kalu Ganga,Rathnapura,73671a95-49e8-4686-9552-d23b2bf168fd,9.5,7.5,1522865,0,1.84
2026-10-03T18:37:56.119000+00:00,,2026-10-03T18:37:56.119000+00:00,,1.4,Nilwala Ganga,Thalgahagoda,e3109b90-2874-4378-88ef-a8f4bbd3261d,2.8,1.7,1522864,0,0.8
2026-10-03T18:37:18.522000+00:00,,2026-10-03T18:37:18.522000+00:00,,10,Kalu Ganga,Ellagawa,38f1415e-7859-4896-839c-685d8c3d4c43,12.2,10.7,1522863,0,5.72
2026-10-03T18:37:17.113000+00:00,,2026-10-03T18:37:17.113000+00:00,,10,Kalu Ganga,Ellagawa,37254167-8be0-42f2-bf57-01bae3a44e7c,12.2,10.7,1522862,0,5.78
2026-10-03T18:36:08.589000+00:00,,2026-10-03T18:36:08.589000+00:00,,3.5,Gin Ganga,Baddegama,20625a90-8301-4425-8f03-0ed222d0ebdb,5,4,1522861,0,2.1
2026-10-03T18:35:44.072000+00:00,,2026-10-03T18:35:44.072000+00:00,,3,Kelani Ganga,Kithulgala,7daa7dd3-c3c4-4c2d-b20e-db56fe95a390,6,4,1522860,0,2.11
2026-10-03T18:35:41.253000+00:00,,2026-10-03T18:35:41.253000+00:00,,1.5,Kelani Ganga,Norwood,3a7605cb-78ee-4806-bd59-c81686053711,4.5,3,1522859,0,1.31
2026-10-03T18:35:29.862000+00:00,,2026-10-03T18:35:29.862000+00:00,,3,Kalu Ganga,Putupaula,44b93ef3-a858-497a-a73c-c4473b1b865b,5,4,1522858,0,0.75
2026-10-03T18:35:23.412000+00:00,,2026-10-03T18:35:23.412000+00:00,,4,Menik Ganga,Katharagama,3d5bc409-209f-4dfe-b38c-98acaf0080d9,6.5,4.6,1522857,0,-0.24
2026-10-03T18:34:33.878000+00:00,,2026-10-03T18:34:33.878000+00:00,,15,Kelani Ganga,Glencourse,d1d9dc8c-9cdb-416e-bd82-be21592881a5,19,15.5,1522856,0,12.05
2026-10-03T18:34:28.308000+00:00,,2026-10-03T18:34:28.308000+00:00,,3,Mahaweli Ganga,Thaldena,f24ab9b3-f2bf-4cd4-a231-16c5d851b822,5,4,1522855,0,0.18
2026-10-03T18:34:27.186000+00:00,,2026-10-03T18:34:27.186000+00:00,,3,Mahaweli Ganga,Thaldena,95c5fb21-707e-4de9-b4d1-e1b23ccbf1e7,5,4,1522854,0,0.14
2026-10-03T18:34:19.181000+00:00,,2026-10-03T18:34:19.181000+00:00,,5,Kalu Ganga,Kalawellawa (Millakanda),4aafedf5-0f22-4c8b-aaad-ec0a186e2190,8,6.5,1522853,0,3.01
2026-10-03T18:33:57.549000+00:00,,2026-10-03T18:33:57.549000+00:00,,4,Maduru Oya,Padiyathalawa,f3b636b4-7a7b-46df-a75d-e088f0271f08,6,4.5,1522852,0,0.06
2026-10-03T18:33:44.290000+00:00,,2026-10-03T18:33:44.290000+00:00,,6.9,Kirindi Oya,Kuda Oya,c779f5ac-2b05-4ec3-9f6b-9ec48210a0d0,8.8,8.4,1522851,0,1.03
2026-10-03T18:33:39.274000+00:00,,2026-10-03T18:33:39.274000+00:00,,4.5,Heda Oya,Siyambalanduwa,f650c2b2-9655-4442-bde4-cd66ffd069a9,7,6,1522850,0,0.33
2026-10-03T18:33:21.198000+00:00,,2026-10-03T18:33:21.198000+00:00,,3.5,Mahaweli Ganga,Nawalapitiya,8e9f0334-46ed-4a8b-ad17-d99cbe605399,6,5,1522849,0,1.48
2026-10-03T18:33:19.683000+00:00,,2026-10-03T18:33:19.683000+00:00,,4.8,Kelani Ganga,Deraniyagala,4a044ebe-a92f-42df-b83d-3c46f1a758b3,7,5.8,1522848,0,0.86
2026-10-03T18:33:16.970000+00:00,,2026-10-03T18:33:16.970000+00:00,,5.5,Maha Oya,Giriulla,fdc237c7-08f4-40d7-9182-b41544d481df,7.5,6.5,1522847,0.8,1.08
2026-10-03T18:32:55.863000+00:00,,2026-10-03T18:32:55.863000+00:00,,3.3,Aththanagalu Oya,Dunamale,6ab8a1e9-51f7-4eef-bb34-c8f2ed86be4f,5.5,4.4,1522846,0,1.13
2026-10-03T18:32:44.413000+00:00,,2026-10-03T18:32:44.413000+00:00,,4,Kirindi Oya,Thanamalwila,dd34bd67-c59e-4b31-b199-b596a01cbf92,5.5,5,1522845,0,0.16
2026-10-03T18:32:36.100000+00:00,,2026-10-03T18:32:36.100000+00:00,,4,Gin Ganga,Thawalama,9e658915-2e01-4538-a796-84bb858bd0ef,7.5,6,1522844,0,2.29
2026-10-03T18:32:29.638000+00:00,,2026-10-03T18:32:29.638000+00:00,,4,Ma Oya,Yaka Wewa,d19dac48-aa3d-4644-bdce-f2589d2dc894,6,5,1522843,0,0.4
2026-10-03T18:32:29.054000+00:00,,2026-10-03T18:32:29.054000+00:00,,5,Maha Oya,Badalgama,7a7c64c2-eac3-4006-b8a4-c81244f26a41,9.6,6.2,1522842,1,2.25
2026-10-03T18:32:23.514000+00:00,,2026-10-03T18:32:23.514000+00:00,,6.5,Kelani Ganga,Hanwella,a84367c7-c2eb-4212-8503-fbd19e16df6b,9.5,7.5,1522841,0,3.37
2026-10-03T18:32:23.482000+00:00,,2026-10-03T18:32:23.482000+00:00,,4.75,Deduru Oya,Moragaswewa,3eb210e2-aecb-4600-b178-1b48ca52d61b,7,6,1522840,2.1,-0.06
2026-10-03T18:32:19.810000+00:00,,2026-10-03T18:32:19.810000+00:00,,5,Mahaweli Ganga,Peradeniya,dcc11488-26f0-40e7-8456-60247bfee3c8,9,7,1522839,0,4.05
2026-10-03T18:32:09.765000+00:00,,2026-10-03T18:32:09.765000+00:00,,5,Kumbukkan Oya,Nakkala,063f52e2-3189-4fa9-8545-06a3433c22fb,7.5,6,1522838,0,1.41
2026-10-03T18:31:57.243000+00:00,,2026-10-03T18:31:57.243000+00:00,,3,Mahaweli Ganga,Manampitiya,4b23c6bf-4096-470b-8df6-8e672ad9bc4b,6,4.3,1522837,0,-0.4
2026-10-03T18:31:41.758000+00:00,,2026-10-03T18:31:41.758000+00:00,,4,Kelani Ganga,Nagalagam Street,71b41b11-d5ac-474b-907b-28abf5a7a420,7,5,1522836,,1.2
2026-10-03T18:30:55.624000+00:00,,2026-10-03T18:30:55.624000+00:00,,4.4,Kirindi Oya,Wellawaya,e95ddbbc-83f4-4486-852a-a1468727e4b0,5.9,5.4,1522835,0,1.08
2026-10-03T18:30:50.180000+00:00,,2026-10-03T18:30:50.180000+00:00,,6,Yan Oya,Horowpothana,d011b87f-0aef-4c36-820a-4f5dcd7a76a3,10.5,7.5,1522834,0,1.67
2026-10-03T18:30:40.823000+00:00,,2026-10-03T18:30:40.823000+00:00,,,Gal Oya,Ampara,c31e9bfe-7f5f-4992-ace0-92d575789e37,,,1522833,0,0
2026-10-03T18:30:40.067000+00:00,,2026-10-03T18:30:40.067000+00:00,,3,Walawe Ganga,Moraketiya,b87aeafc-6584-4a82-afc7-189213323886,7,5,1522832,0,0.7
2026-10-03T18:05:08.680000+00:00,,2026-10-03T18:05:08.680000+00:00,,5,Nilwala Ganga,Panadugama,02dd2506-41f0-467f-ad51-131a2942ac33,7.5,6,1522831,0,3.84
2026-10-03T17:48:25.815000+00:00,,2026-10-03T17:48:25.815000+00:00,,4,Nilwala Ganga,Pitabeddara,e43a301d-95de-488d-b242-07bf8b371bb9,6.5,5,1522830,0,1.18
2026-10-03T17:43:57.965000+00:00,,2026-10-03T17:43:57.965000+00:00,,3,Kalu Ganga,Putupaula,c5702887-124f-4266-9a18-4096460a323a,5,4,1522829,0,0.73
2026-10-03T17:39:04.390000+00:00,,2026-10-03T17:39:04.390000+00:00,,3,Kelani Ganga,Kithulgala,339a7a10-5570-45ed-adc8-b28ca8af3743,6,4,1522828,0,1.96
2026-10-03T17:38:56.128000+00:00,,2026-10-03T17:38:56.128000+00:00,,3.5,Mahaweli Ganga,Nawalapitiya,d8480e82-4f3c-4814-937b-18d22bbf3d4d,6,5,1522827,0,1.53
2026-10-03T17:38:02.145000+00:00,,2026-10-03T17:38:02.145000+00:00,,6,Yan Oya,Horowpothana,ab29b6db-c1e6-41f9-b1e0-3e460f2e4268,10.5,7.5,1522826,21.6,1.66
2026-10-03T17:37:31.917000+00:00,,2026-10-03T17:37:31.917000+00:00,,1.4,Nilwala Ganga,Thalgahagoda,01ccd024-23f1-4507-b537-964db941f86a,2.8,1.7,1522825,0,0.8
2026-10-03T17:36:51.133000+00:00,,2026-10-03T17:36:51.133000+00:00,,4,Kalu Ganga,Magura,c922d4a4-6ebc-4021-95d5-bc20b7276273,7.5,6,1522824,0,1.72
2026-10-03T17:35:54.827000+00:00,,2026-10-03T17:35:54.827000+00:00,,5.2,Kalu Ganga,Rathnapura,d5e402bb-3cc5-4b81-96f8-f948d1d54cf9,9.5,7.5,1522823,0,1.78
2026-10-03T17:35:53.323000+00:00,,2026-10-03T17:35:53.323000+00:00,,5,Maha Oya,Badalgama,0fe96a79-497b-429c-9263-f055c336b7bb,9.6,6.2,1522822,2,2.26
2026-10-03T17:35:29.301000+00:00,,2026-10-03T17:35:29.301000+00:00,,3,Kelani Ganga,Holombuwa,92104f52-475e-4034-b8e9-74726c27a134,6,4,1522821,0.6,0.66
2026-10-03T17:34:48.728000+00:00,,2026-10-03T17:34:48.728000+00:00,,4,Menik Ganga,Katharagama,78f3a86a-7782-44fa-bc86-83e9fb0813d9,6.5,4.6,1522820,0,-0.24
2026-10-03T17:34:31.279000+00:00,,2026-10-03T17:34:31.279000+00:00,,3,Mahaweli Ganga,Manampitiya,cb1cf738-5157-4b71-898b-8a1fc73d07e5,6,4.3,1522819,0,-0.4
2026-10-03T17:34:28.462000+00:00,,2026-10-03T17:34:28.462000+00:00,,6.5,Kelani Ganga,Hanwella,66255c1e-865d-4837-a11f-ed43ffb58f07,9.5,7.5,1522818,0,3.19
2026-10-03T17:34:12.846000+00:00,,2026-10-03T17:34:12.846000+00:00,,5.5,Maha Oya,Giriulla,40e598d0-8617-40e5-97a8-67b349f2704b,7.5,6.5,1522817,1.8,1.08
2026-10-03T17:33:57.421000+00:00,,2026-10-03T17:33:57.421000+00:00,,4,Kelani Ganga,Nagalagam Street,9ecf229a-1f00-442a-afc4-127c522921d0,7,5,1522816,,1.1
2026-10-03T17:33:30.784000+00:00,,2026-10-03T17:33:30.784000+00:00,,3.3,Aththanagalu Oya,Dunamale,0bedd888-2c3a-43fd-999f-0f834e8e1c41,5.5,4.4,1522815,1,1.13
2026-10-03T17:33:28.706000+00:00,,2026-10-03T17:33:28.706000+00:00,,2.5,Nilwala Ganga,Urawa,c8f95437-17b3-4841-9247-830cfc3f9d19,6,4,1522814,0,0.37
2026-10-03T17:33:08.846000+00:00,,2026-10-03T17:33:08.846000+00:00,,4.8,Kelani Ganga,Deraniyagala,3f3467be-666b-4c6a-966b-16a4dbe97757,7,5.8,1522813,0,0.85
2026-10-03T17:33:04.949000+00:00,,2026-10-03T17:33:04.949000+00:00,,5,Kumbukkan Oya,Nakkala,4acf6485-4fae-43f0-93db-52e6c5b3ee6c,7.5,6,1522812,0,1.38
2026-10-03T17:33:01.037000+00:00,,2026-10-03T17:33:01.037000+00:00,,3.5,Gin Ganga,Baddegama,7c0b9944-8690-4062-baf3-b56d89966c93,5,4,1522811,0,2.14
2026-10-03T17:32:49.229000+00:00,,2026-10-03T17:32:49.229000+00:00,,1.5,Kelani Ganga,Norwood,2c9a45e8-3b09-4a03-a77b-9f4b39825074,4.5,3,1522810,0,1.23
2026-10-03T17:32:43.221000+00:00,,2026-10-03T17:32:43.221000+00:00,,4.5,Heda Oya,Siyambalanduwa,a1a83205-d159-4b36-9a35-07bbadbcd891,7,6,1522809,0,0.33
2026-10-03T17:32:37.661000+00:00,,2026-10-03T17:32:37.661000+00:00,,3,Walawe Ganga,Moraketiya,d59d30d8-5896-4723-b5a9-e4cab4d85657,7,5,1522808,0,0.7
2026-10-03T17:32:36.004000+00:00,,2026-10-03T17:32:36.004000+00:00,,4,Kirindi Oya,Thanamalwila,2638d67f-237c-4a91-be20-f4d51b8e667a,5.5,5,1522807,0,0.16
2026-10-03T17:32:31.639000+00:00,,2026-10-03T17:32:31.639000+00:00,,5,Kalu Ganga,Kalawellawa (Millakanda),b158b3a7-824c-4900-8d34-bbdf8a84a578,8,6.5,1522806,0,3.04
2026-10-03T17:32:23.332000+00:00,,2026-10-03T17:32:23.332000+00:00,,5,Mahaweli Ganga,Peradeniya,b7caeb05-e65f-426a-a168-f6f0f4ccf013,9,7,1522805,0.2,3.91
2026-10-03T17:32:12.922000+00:00,,2026-10-03T17:32:12.922000+00:00,,15,Kelani Ganga,Glencourse,1ca5b0aa-a7b2-4da8-b058-37c3884d83d3,19,15.5,1522804,0,12.2
2026-10-03T17:32:06.164000+00:00,,2026-10-03T17:32:06.164000+00:00,,4,Maduru Oya,Padiyathalawa,cd549809-a4c5-4d85-acc4-d862753e53a9,6,4.5,1522803,0,0.06
2026-10-03T17:32:04.161000+00:00,,2026-10-03T17:32:04.161000+00:00,,5,Nilwala Ganga,Panadugama,1c69c2f2-fe10-4636-8fa3-e21064086c44,7.5,6,1522802,0,3.84
2026-10-03T17:32:00.014000+00:00,,2026-10-03T17:32:00.014000+00:00,,4,Gin Ganga,Thawalama,c25b4a93-ca75-4586-8a3b-77374c73c012,7.5,6,1522801,0,2.24
2026-10-03T17:31:42.043000+00:00,,2026-10-03T17:31:42.043000+00:00,,,Gal Oya,Ampara,fb644c09-1174-454a-9af4-449dc2d7e731,,,1522800,0,0
2026-10-03T17:31:40.142000+00:00,,2026-10-03T17:31:40.142000+00:00,,4,Ma Oya,Yaka Wewa,7ae29724-9777-4ff9-b5a6-9e35e36d34df,6,5,1522799,0,0.4
2026-10-03T17:31:27.922000+00:00,,2026-10-03T17:31:27.922000+00:00,,4.75,Deduru Oya,Moragaswewa,baa8c983-4fd5-4237-a506-4a5644183e0c,7,6,1522798,1.3,-0.07
2026-10-03T17:31:24.001000+00:00,,2026-10-03T17:31:24.001000+00:00,,6.9,Kirindi Oya,Kuda Oya,a4f499ad-965d-43ab-8c00-26f0581eb0cc,8.8,8.4,1522797,0,1.03
2026-10-03T17:30:37.010000+00:00,,2026-10-03T17:30:37.010000+00:00,,4.4,Kirindi Oya,Wellawaya,7654c190-f9d3-493e-a6b5-f3be5ad78f24,5.9,5.4,1522796,0,0.85
2026-10-03T17:30:08.742000+00:00,,2026-10-03T17:30:08.742000+00:00,,4.4,Kirindi Oya,Wellawaya,562059ad-81fc-4e58-9191-d708f545d8fa,5.9,5.4,1522795,0,0.85
2026-10-03T16:59:28.869000+00:00,,2026-10-03T16:59:28.869000+00:00,,3.5,Mahaweli Ganga,Nawalapitiya,f272bcd4-a99e-4948-8c6b-4da6a3d046a8,6,5,1522794,0.6,1.65
2026-10-03T16:53:02.109000+00:00,,2026-10-03T16:53:02.109000+00:00,,10,Kalu Ganga,Ellagawa,3b0931e3-32ac-4089-a319-c4c71450b2b9,12.2,10.7,1522793,0,5.8
2026-10-03T16:46:47.687000+00:00,,2026-10-03T16:46:47.687000+00:00,,3,Kalu Ganga,Putupaula,6eac262a-c642-42cc-88d7-c35cddab8928,5,4,1522792,0,0.8
2026-10-03T16:45:03.860000+00:00,,2026-10-03T16:45:03.860000+00:00,,4,Kalu Ganga,Magura,a8a3c9d2-033c-4e20-85d5-8200a4af12fc,7.5,6,1522791,0,1.72
2026-10-03T16:42:12.077000+00:00,,2026-10-03T16:42:12.077000+00:00,,5,Nilwala Ganga,Panadugama,1ac3f6c1-169a-4cbf-853a-4649701fb528,7.5,6,1522790,0,3.87
2026-10-03T16:41:03.825000+00:00,,2026-10-03T16:41:03.825000+00:00,,5.2,Kalu Ganga,Rathnapura,859e9f1f-edb7-40a2-bf7c-25b79c275a2b,9.5,7.5,1522789,0,1.8
2026-10-03T16:39:00.688000+00:00,,2026-10-03T16:39:00.688000+00:00,,3,Mahaweli Ganga,Thaldena,7c1e8104-a645-4461-9e84-53e77d19c9a7,5,4,1522788,0,0.14
2026-10-03T16:38:41.750000+00:00,,2026-10-03T16:38:41.750000+00:00,,3,Mahaweli Ganga,Manampitiya,66b7ed01-8d2a-49c0-b15c-5f8bf2f598b9,6,4.3,1522787,3.6,-0.4
2026-10-03T16:38:14.926000+00:00,,2026-10-03T16:38:14.926000+00:00,,6.5,Kelani Ganga,Hanwella,fa5c30cb-99fa-4c87-b211-7f08dc613a45,9.5,7.5,1522786,0.5,2.9
2026-10-03T16:36:14.405000+00:00,,2026-10-03T16:36:14.405000+00:00,,5,Kalu Ganga,Kalawellawa (Millakanda),8934486c-745e-4f28-803d-b5501d039686,8,6.5,1522785,0,3.06
2026-10-03T16:36:06.123000+00:00,,2026-10-03T16:36:06.123000+00:00,,3,Kelani Ganga,Holombuwa,f333126c-9f5f-4b4b-a90b-76f68b1abfef,6,4,1522784,1.4,0.66
2026-10-03T16:35:53.031000+00:00,,2026-10-03T16:35:53.031000+00:00,,5,Mahaweli Ganga,Peradeniya,73c90a67-d01e-4a76-99ce-442b32ad16fe,9,7,1522783,15.5,3.75
2026-10-03T16:35:19.777000+00:00,,2026-10-03T16:35:19.777000+00:00,,4,Kelani Ganga,Nagalagam Street,173ff2df-07bb-4e38-ad4b-4c483229d780,7,5,1522782,,1.2
2026-10-03T16:35:13.452000+00:00,,2026-10-03T16:35:13.452000+00:00,,1.5,Kelani Ganga,Norwood,077d2f34-915c-438c-8d4a-47f0c6e22c79,4.5,3,1522781,0,1.24
2026-10-03T16:35:13.305000+00:00,,2026-10-03T16:35:13.305000+00:00,,15,Kelani Ganga,Glencourse,1d0aa158-57d6-4268-98b9-ec188c20226b,19,15.5,1522780,0.7,12.26
2026-10-03T16:35:07.948000+00:00,,2026-10-03T16:35:07.948000+00:00,,4,Menik Ganga,Katharagama,21737b5c-45dd-4251-a0d5-01091388b7aa,6.5,4.6,1522779,0,-0.23
2026-10-03T16:35:03.726000+00:00,,2026-10-03T16:35:03.726000+00:00,,1.4,Nilwala Ganga,Thalgahagoda,99d2fc2b-c99b-41ac-9fad-16ec8a6f023e,2.8,1.7,1522778,0,0.83
2026-10-03T16:35:03.482000+00:00,,2026-10-03T16:35:03.482000+00:00,,3,Kelani Ganga,Kithulgala,11d0d405-db2f-4fbb-bae3-c7ecb5a8e9f3,6,4,1522777,0,1.97
2026-10-03T16:34:54.790000+00:00,,2026-10-03T16:34:54.790000+00:00,,3.5,Gin Ganga,Baddegama,26f0e5ec-ce9c-44cc-9d0a-7ccb91ff5759,5,4,1522776,0,2.18
2026-10-03T16:34:35.096000+00:00,,2026-10-03T16:34:35.096000+00:00,,2.5,Nilwala Ganga,Urawa,96454ab6-1649-464f-99e4-bd3d3ca08257,6,4,1522775,0,0.37
2026-10-03T16:33:52.750000+00:00,,2026-10-03T16:33:52.750000+00:00,,5,Maha Oya,Badalgama,98d0a005-dfc0-4888-a816-bbd6a85ea847,9.6,6.2,1522774,0,2.27
2026-10-03T16:33:40.869000+00:00,,2026-10-03T16:33:40.869000+00:00,,4,Maduru Oya,Padiyathalawa,cf095a9b-6983-46bf-9b31-d2e2a461c7fc,6,4.5,1522773,0,0.06
2026-10-03T16:33:12.059000+00:00,,2026-10-03T16:33:12.059000+00:00,,4,Nilwala Ganga,Pitabeddara,3297dde0-a2be-4de8-9642-6f834a5de23a,6.5,5,1522772,0,1.18
2026-10-03T16:33:02.536000+00:00,,2026-10-03T16:33:02.536000+00:00,,5,Kumbukkan Oya,Nakkala,0a2e8a3b-e1e7-4f29-9b5d-406bf1c08111,7.5,6,1522771,0,1.23
2026-10-03T16:32:45.502000+00:00,,2026-10-03T16:32:45.502000+00:00,,4,Kirindi Oya,Thanamalwila,1b2cb4c4-67f5-475b-a78b-2d64710cb2cf,5.5,5,1522770,0,0.16
2026-10-03T16:32:42.824000+00:00,,2026-10-03T16:32:42.824000+00:00,,5.5,Maha Oya,Giriulla,9da04da8-c025-49b4-a463-fa81070d323b,7.5,6.5,1522769,0.3,1.09
2026-10-03T16:32:42.236000+00:00,,2026-10-03T16:32:42.236000+00:00,,6.9,Kirindi Oya,Kuda Oya,1191f6e0-3bd8-4f92-9573-7cd332fff040,8.8,8.4,1522768,0,1.03
2026-10-03T16:32:35.783000+00:00,,2026-10-03T16:32:35.783000+00:00,,4.8,Kelani Ganga,Deraniyagala,06b24a57-e1cf-4d9f-8f61-939fca7dab05,7,5.8,1522767,1.7,0.89
2026-10-03T16:32:19.907000+00:00,,2026-10-03T16:32:19.907000+00:00,,4,Gin Ganga,Thawalama,c8043951-8923-44bf-aa9b-17d9e4389dec,7.5,6,1522766,1.2,2.18
2026-10-03T16:32:14.715000+00:00,,2026-10-03T16:32:14.715000+00:00,,4,Ma Oya,Yaka Wewa,3b126fa4-d5a3-46d5-ac80-9dd81895a013,6,5,1522765,0,0.4
2026-10-03T16:32:04.810000+00:00,,2026-10-03T16:32:04.810000+00:00,,3.3,Aththanagalu Oya,Dunamale,e66ec406-bf38-4829-a656-c2a215a75a73,5.5,4.4,1522764,0.6,1.13
2026-10-03T16:31:22.371000+00:00,,2026-10-03T16:31:22.371000+00:00,,4,Ma Oya,Yaka Wewa,1128d7d0-9082-4142-98f7-1cca2c284695,6,5,1522763,0,0.4
2026-10-03T16:31:04.182000+00:00,,2026-10-03T16:31:04.182000+00:00,,4.75,Deduru Oya,Moragaswewa,ca7fb9af-3e2f-4b5b-911a-3483483b824c,7,6,1522762,0.6,-0.07
2026-10-03T16:30:43.459000+00:00,,2026-10-03T16:30:43.459000+00:00,,6,Yan Oya,Horowpothana,3f749651-26ec-4a9a-9526-071a6b134062,10.5,7.5,1522761,0,1.64
2026-10-03T16:30:43.429000+00:00,,2026-10-03T16:30:43.429000+00:00,,,Gal Oya,Ampara,dc053383-edf2-4446-a4b3-3bf8901d0a3d,,,1522760,0,0
2026-10-03T16:30:42.917000+00:00,,2026-10-03T16:30:42.917000+00:00,,4.5,Heda Oya,Siyambalanduwa,aaa9c173-1529-465e-abd5-b5401932e8ed,7,6,1522759,0,0.33
2026-10-03T16:30:41.748000+00:00,,2026-10-03T16:30:41.748000+00:00,,3,Walawe Ganga,Moraketiya,d5cecdf3-ba36-4f12-b13c-6052fc5c80ce,7,5,1522758,0,0.72
2026-10-03T15:52:38.307000+00:00,,2026-10-03T15:52:38.307000+00:00,,4,Nilwala Ganga,Pitabeddara,fefbd011-bfaf-46e1-9122-5f7dd04c8613,6.5,5,1522757,0,1.18
2026-10-03T15:49:42.293000+00:00,,2026-10-03T15:49:42.293000+00:00,,5,Nilwala Ganga,Panadugama,e8549355-4fe1-4fd6-850e-3527aa840b04,7.5,6,1522756,0,3.9
2026-10-03T15:49:37.144000+00:00,,2026-10-03T15:49:37.144000+00:00,,2.5,Nilwala Ganga,Urawa,d12548a8-8bab-4abb-9c16-aaa3390368d1,6,4,1522755,0,0.37
2026-10-03T15:40:13.719000+00:00,,2026-10-03T15:40:13.719000+00:00,,3.3,Aththanagalu Oya,Dunamale,01b96318-c198-4255-bf19-056586eae2a6,5.5,4.4,1522754,1.3,1.13
2026-10-03T15:38:22.540000+00:00,,2026-10-03T15:38:22.540000+00:00,,5.2,Kalu Ganga,Rathnapura,5c1be516-6699-4da3-9b5d-00e0d7a7521e,9.5,7.5,1522753,0,1.81
2026-10-03T15:37:50.736000+00:00,,2026-10-03T15:37:50.736000+00:00,,3,Kelani Ganga,Kithulgala,0aa38256-c351-48b6-bdf2-b053457adc27,6,4,1522752,0.5,1.97
2026-10-03T15:37:32.206000+00:00,,2026-10-03T15:37:32.206000+00:00,,2.5,Nilwala Ganga,Urawa,a2a1bb52-6883-4c09-abb9-bb89b826a639,6,4,1522751,0,0.37
2026-10-03T15:37:02.491000+00:00,,2026-10-03T15:37:02.491000+00:00,,4,Maduru Oya,Padiyathalawa,d19ca873-681a-428d-b595-0ee997fc0572,6,4.5,1522750,0.8,0.06
2026-10-03T15:36:55.869000+00:00,,2026-10-03T15:36:55.869000+00:00,,5,Kumbukkan Oya,Nakkala,e538bae7-3d90-4f86-ac20-bcaadc5ae42c,7.5,6,1522749,0,0.63
2026-10-03T15:36:51.282000+00:00,,2026-10-03T15:36:51.282000+00:00,,1.4,Nilwala Ganga,Thalgahagoda,0417d9b5-40cb-4afd-94ef-8f5c9748648b,2.8,1.7,1522748,0,0.84
2026-10-03T15:36:05.748000+00:00,,2026-10-03T15:36:05.748000+00:00,,4,Kelani Ganga,Nagalagam Street,3b916c24-c896-4c67-b63d-29cbd137f4bb,7,5,1522747,,1.3
2026-10-03T15:35:44.869000+00:00,,2026-10-03T15:35:44.869000+00:00,,4,Menik Ganga,Katharagama,e419949e-de5b-4714-a369-bc7ba3061f77,6.5,4.6,1522746,0,-0.23
2026-10-03T15:35:24.810000+00:00,,2026-10-03T15:35:24.810000+00:00,,15,Kelani Ganga,Glencourse,3c02a028-8a42-402d-97ed-db86985de447,19,15.5,1522745,1,12.24
2026-10-03T15:34:50.175000+00:00,,2026-10-03T15:34:50.175000+00:00,,3,Mahaweli Ganga,Manampitiya,e719d65b-b798-4b48-b164-92283da0e4ea,6,4.3,1522744,0,-0.39
2026-10-03T15:34:44.730000+00:00,,2026-10-03T15:34:44.730000+00:00,,3,Walawe Ganga,Moraketiya,8e9bf86c-efd2-46e5-9666-088a958b2fcd,7,5,1522743,0,0.72
2026-10-03T15:34:42.641000+00:00,,2026-10-03T15:34:42.641000+00:00,,3,Kelani Ganga,Holombuwa,a5a44b54-ced0-4c3f-8ea1-2e780d930296,6,4,1522742,0.6,0.66
2026-10-03T15:34:37.306000+00:00,,2026-10-03T15:34:37.306000+00:00,,5,Mahaweli Ganga,Peradeniya,5362509d-bc4e-498b-952c-e8944dd36a1c,9,7,1522741,3.5,3.38
2026-10-03T15:34:26.733000+00:00,,2026-10-03T15:34:26.733000+00:00,,3,Mahaweli Ganga,Thaldena,88368930-d2ce-48b7-b94a-c5c5fcba05ca,5,4,1522740,1,0.14
2026-10-03T15:34:22.700000+00:00,,2026-10-03T15:34:22.700000+00:00,,3.5,Gin Ganga,Baddegama,c975a30a-6630-4912-87a3-f83d081529a7,5,4,1522739,0,2.21
2026-10-03T15:34:10.649000+00:00,,2026-10-03T15:34:10.649000+00:00,,6.5,Kelani Ganga,Hanwella,b7edcc6b-87fa-4329-8d1e-abb8a9bb208c,9.5,7.5,1522738,0.8,2.56
2026-10-03T15:33:48.161000+00:00,,2026-10-03T15:33:48.161000+00:00,,4,Kalu Ganga,Magura,aaa65e28-c959-4200-83b3-4ced0a6edeef,7.5,6,1522737,0,1.73
2026-10-03T15:33:23.694000+00:00,,2026-10-03T15:33:23.694000+00:00,,3.3,Aththanagalu Oya,Dunamale,a705af77-b902-4611-9f40-685251ede86f,5.5,4.4,1522736,0,1.13
2026-10-03T15:33:06.851000+00:00,,2026-10-03T15:33:06.851000+00:00,,4,Gin Ganga,Thawalama,a2a87785-fad1-4a76-9b08-138dab9f2300,7.5,6,1522735,2.9,2.14
2026-10-03T15:33:02.227000+00:00,,2026-10-03T15:33:02.227000+00:00,,5.5,Maha Oya,Giriulla,b0b56e17-c88d-42bd-9375-0eb290208525,7.5,6.5,1522734,0,1.11
2026-10-03T15:33:01.955000+00:00,,2026-10-03T15:33:01.955000+00:00,,4.8,Kelani Ganga,Deraniyagala,1977ca1e-b175-4b6c-bfd2-92f022e31c0d,7,5.8,1522733,0.5,0.91
2026-10-03T15:32:57.875000+00:00,,2026-10-03T15:32:57.875000+00:00,,3,Kalu Ganga,Putupaula,5b87e0bb-5004-478e-b6af-71196220541c,5,4,1522732,0,0.84
2026-10-03T15:32:49.938000+00:00,,2026-10-03T15:32:49.938000+00:00,,5,Maha Oya,Badalgama,24cb18ef-1ddd-4271-861b-7ca2c6ba9a77,9.6,6.2,1522731,0.2,2.28
2026-10-03T15:32:46.761000+00:00,,2026-10-03T15:32:46.761000+00:00,,1.5,Kelani Ganga,Norwood,036d1714-1b4b-46a4-8e1f-307158af59d6,4.5,3,1522730,0,1.24
2026-10-03T15:32:24.008000+00:00,,2026-10-03T15:32:24.008000+00:00,,4,Kirindi Oya,Thanamalwila,a0a73072-db08-4a9b-aaec-371f6065bc63,5.5,5,1522729,0,0.16
2026-10-03T15:32:23.045000+00:00,,2026-10-03T15:32:23.045000+00:00,,3.5,Mahaweli Ganga,Nawalapitiya,b9316851-0b59-4bad-a69f-33e04853423d,6,5,1522728,1.4,1.73
2026-10-03T15:32:05.780000+00:00,,2026-10-03T15:32:05.780000+00:00,,4.4,Kirindi Oya,Wellawaya,8db527a6-8779-4391-afbd-03e70080f900,5.9,5.4,1522727,0,0.85
2026-10-03T15:32:02.270000+00:00,,2026-10-03T15:32:02.270000+00:00,,10,Kalu Ganga,Ellagawa,253bfffc-2592-4681-bff8-ad202583d867,12.2,10.7,1522726,0,5.81
2026-10-03T15:32:01.515000+00:00,,2026-10-03T15:32:01.515000+00:00,,4.75,Deduru Oya,Moragaswewa,16828b80-6560-46ac-82d5-a28b80f0b93b,7,6,1522725,0,-0.07
2026-10-03T15:31:51.238000+00:00,,2026-10-03T15:31:51.238000+00:00,,4.5,Heda Oya,Siyambalanduwa,8dc5723c-63c9-47b9-b400-4c5b09f00237,7,6,1522724,0,0.33
2026-10-03T15:31:22.452000+00:00,,2026-10-03T15:31:22.452000+00:00,,6,Yan Oya,Horowpothana,f25013fe-e1fe-4615-bb9e-ad638d41cad3,10.5,7.5,1522723,0,1.64
2026-10-03T15:31:22.374000+00:00,,2026-10-03T15:31:22.374000+00:00,,4,Ma Oya,Yaka Wewa,721ecd29-9f39-4725-a227-912542bfcbb6,6,5,1522722,0,0.4
2026-10-03T15:31:20.388000+00:00,,2026-10-03T15:31:20.388000+00:00,,5,Kalu Ganga,Kalawellawa (Millakanda),3be4f407-6786-460a-b058-b43c77392591,8,6.5,1522721,0,3.08
2026-10-03T15:31:15.403000+00:00,,2026-10-03T15:31:15.403000+00:00,,6.9,Kirindi Oya,Kuda Oya,7f092e53-8ed8-4c52-ae2e-3b38dca9fd03,8.8,8.4,1522720,0,1.03
2026-10-03T15:30:31.301000+00:00,,2026-10-03T15:30:31.301000+00:00,,,Gal Oya,Ampara,3621d8b3-ebfc-42e7-9011-3e3fed03160f,,,1522719,0,0
2026-10-03T14:52:32.252000+00:00,,2026-10-03T14:52:32.252000+00:00,,5,Nilwala Ganga,Panadugama,87cf7136-5a2a-4f49-ac11-83b51a7bec72,7.5,6,1522718,0,3.95
2026-10-03T14:48:23.361000+00:00,,2026-10-03T14:48:23.361000+00:00,,1.4,Nilwala Ganga,Thalgahagoda,f49544ac-39d0-4b1c-a134-a3df77b9564f,2.8,1.7,1522717,0,0.84
2026-10-03T14:46:47.853000+00:00,,2026-10-03T14:46:47.853000+00:00,,4,Nilwala Ganga,Pitabeddara,6e0c1c66-7d11-4874-80e9-46cd28bb7df4,6.5,5,1522716,0,1.2
2026-10-03T14:41:06.281000+00:00,,2026-10-03T14:41:06.281000+00:00,,2.5,Nilwala Ganga,Urawa,a6e75a3a-5dd4-4bac-bc4d-1f976a26647b,6,4,1522715,0,0.37
2026-10-03T14:40:09.370000+00:00,,2026-10-03T14:40:09.370000+00:00,,5.2,Kalu Ganga,Rathnapura,43f2e4dc-1f36-42a1-a5ba-f119ba687782,9.5,7.5,1522714,0.8,1.83
2026-10-03T14:40:09.227000+00:00,,2026-10-03T14:40:09.227000+00:00,,5,Kalu Ganga,Kalawellawa (Millakanda),da1f1586-94f1-4dc3-8e26-c05239f8a892,8,6.5,1522713,0,3.11
2026-10-03T14:39:52.546000+00:00,,2026-10-03T14:39:52.546000+00:00,,4,Kalu Ganga,Magura,2d7eec0d-c809-4525-b20e-7d50ddc42fa8,7.5,6,1522712,0,1.73
2026-10-03T14:39:35.231000+00:00,,2026-10-03T14:39:35.231000+00:00,,4.75,Deduru Oya,Moragaswewa,8eda5c08-b73f-4b90-8cd8-a2a85c00f296,7,6,1522711,0,-0.08
2026-10-03T14:39:01.111000+00:00,,2026-10-03T14:39:01.111000+00:00,,3.3,Aththanagalu Oya,Dunamale,b71b0519-5dd2-4632-b74b-b3ba97b2e074,5.5,4.4,1522710,3.7,1.14
2026-10-03T14:38:37.078000+00:00,,2026-10-03T14:38:37.078000+00:00,,3,Kelani Ganga,Kithulgala,67b94ee6-71f5-4d85-b22f-802ae0ab4342,6,4,1522709,1.2,2.05
2026-10-03T14:37:25.468000+00:00,,2026-10-03T14:37:25.468000+00:00,,5.5,Maha Oya,Giriulla,d2dc175a-784e-45dd-a216-a2201f63e97d,7.5,6.5,1522708,2.2,1.13
2026-10-03T14:37:13.471000+00:00,,2026-10-03T14:37:13.471000+00:00,,3,Mahaweli Ganga,Thaldena,d1e823ab-fc10-4f75-a123-32028944f898,5,4,1522707,1.6,0.14
2026-10-03T14:37:11.564000+00:00,,2026-10-03T14:37:11.564000+00:00,,5,Kumbukkan Oya,Nakkala,1e9662e6-7ee7-4a8a-a2f5-33eff21575f1,7.5,6,1522706,8.2,0.6
2026-10-03T14:36:09.402000+00:00,,2026-10-03T14:36:09.402000+00:00,,5,Maha Oya,Badalgama,c0194729-1a89-4fa7-acff-f95178e93e78,9.6,6.2,1522705,1.6,2.29
2026-10-03T14:36:02.684000+00:00,,2026-10-03T14:36:02.684000+00:00,,4,Maduru Oya,Padiyathalawa,aff69f5a-df8a-42ba-ae19-7663ad339abb,6,4.5,1522704,0,0.06
2026-10-03T14:35:35.599000+00:00,,2026-10-03T14:35:35.599000+00:00,,3,Mahaweli Ganga,Manampitiya,b7a2ce0a-67d8-4dc4-bc3f-518f1dfddd49,6,4.3,1522703,0,-0.38
2026-10-03T14:35:35.434000+00:00,,2026-10-03T14:35:35.434000+00:00,,3.5,Gin Ganga,Baddegama,51f9538a-199f-4619-ac61-bcc7ae3a7cde,5,4,1522702,0,2.24
2026-10-03T14:35:11.348000+00:00,,2026-10-03T14:35:11.348000+00:00,,1.5,Kelani Ganga,Norwood,b60b0810-0446-4be4-b786-68febd101eb1,4.5,3,1522701,0,1.22
2026-10-03T14:34:26.219000+00:00,,2026-10-03T14:34:26.219000+00:00,,15,Kelani Ganga,Glencourse,1c9b9b56-1a4e-4707-812d-6c5067208633,19,15.5,1522700,1.3,12
2026-10-03T14:34:22.283000+00:00,,2026-10-03T14:34:22.283000+00:00,,4,Menik Ganga,Katharagama,2f72fcf1-5a78-4b80-bffc-2e1663aaa40d,6.5,4.6,1522699,0,-0.23
2026-10-03T14:34:07.405000+00:00,,2026-10-03T14:34:07.405000+00:00,,3,Kelani Ganga,Holombuwa,4bddafe1-8d4a-475f-a204-b6137fc5943d,6,4,1522698,0.3,0.68
2026-10-03T14:33:45.683000+00:00,,2026-10-03T14:33:45.683000+00:00,,6.5,Kelani Ganga,Hanwella,6982c4f9-ac05-4cd9-b8bf-24e4d86c3d51,9.5,7.5,1522697,0,2.24
2026-10-03T14:33:34.744000+00:00,,2026-10-03T14:33:34.744000+00:00,,4.8,Kelani Ganga,Deraniyagala,da40a146-81f9-4880-a3cb-f83e942cf813,7,5.8,1522696,0,0.93
2026-10-03T14:33:32.029000+00:00,,2026-10-03T14:33:32.029000+00:00,,3.5,Mahaweli Ganga,Nawalapitiya,f5fccaf7-6c8a-4664-9802-0ad184e84704,6,5,1522695,0.3,1.83
2026-10-03T14:33:20.705000+00:00,,2026-10-03T14:33:20.705000+00:00,,4,Kirindi Oya,Thanamalwila,1d4e0084-ef1d-472f-91f1-26de76091248,5.5,5,1522694,0,0.17
2026-10-03T14:33:15.151000+00:00,,2026-10-03T14:33:15.151000+00:00,,4,Gin Ganga,Thawalama,21a7d4c7-0adf-4ac8-96a0-e314f2f956ab,7.5,6,1522693,0,2.1
2026-10-03T14:32:57.747000+00:00,,2026-10-03T14:32:57.747000+00:00,,10,Kalu Ganga,Ellagawa,089395ff-ca26-4f9e-aebb-01bd9a87bbec,12.2,10.7,1522692,0,5.85
2026-10-03T14:32:34.470000+00:00,,2026-10-03T14:32:34.470000+00:00,,6,Yan Oya,Horowpothana,ece8fa2f-bf5c-47ac-9ee5-86f9eb110434,10.5,7.5,1522691,0,1.64
2026-10-03T14:32:32.861000+00:00,,2026-10-03T14:32:32.861000+00:00,,5,Mahaweli Ganga,Peradeniya,98d6e921-dbf9-46c3-a291-ba32b7ca4e29,9,7,1522690,0,2.81
2026-10-03T14:32:30.515000+00:00,,2026-10-03T14:32:30.515000+00:00,,3,Kalu Ganga,Putupaula,32a4b1f3-7b52-48df-897d-9964dce8a010,5,4,1522689,0,0.9
2026-10-03T14:32:24.720000+00:00,,2026-10-03T14:32:24.720000+00:00,,4,Kelani Ganga,Nagalagam Street,2425cfc9-9dc4-45ba-8641-565372fb28de,7,5,1522688,,1.3
2026-10-03T14:31:55.764000+00:00,,2026-10-03T14:31:55.764000+00:00,,4,Ma Oya,Yaka Wewa,0515fcb5-7653-48eb-81af-f1619f8039a3,6,5,1522687,0,0.4
2026-10-03T14:31:45.329000+00:00,,2026-10-03T14:31:45.329000+00:00,,6.9,Kirindi Oya,Kuda Oya,7fcb3ad6-fd5b-4999-9d25-9c6756f9c4a0,8.8,8.4,1522686,0,1.03
2026-10-03T14:31:19.532000+00:00,,2026-10-03T14:31:19.532000+00:00,,3,Walawe Ganga,Moraketiya,97429ce9-6bb4-4ad0-bdb0-482d2f22d7f2,7,5,1522685,0,0.72
2026-10-03T14:30:33.389000+00:00,,2026-10-03T14:30:33.389000+00:00,,,Gal Oya,Ampara,4b33f2c1-8229-4963-99b9-d6b31773b49d,,,1522684,0,0
2026-10-03T14:30:22.319000+00:00,,2026-10-03T14:30:22.319000+00:00,,4.5,Heda Oya,Siyambalanduwa,f1154f05-67d4-43dd-b4ca-32d3fdbdb370,7,6,1522683,0,0.34
2026-10-03T14:30:13.757000+00:00,,2026-10-03T14:30:13.757000+00:00,,4.4,Kirindi Oya,Wellawaya,4aa043a5-25f9-4d75-842a-f4f56cb91f24,5.9,5.4,1522682,0,0.84
2026-10-03T14:04:59.125000+00:00,,2026-10-03T14:04:59.125000+00:00,,5,Nilwala Ganga,Panadugama,9c9cffdd-9bae-44cf-9f7f-3e3a8f89105a,7.5,6,1522681,0,4.01
2026-10-03T13:57:03.712000+00:00,,2026-10-03T13:57:03.712000+00:00,,5,Nilwala Ganga,Panadugama,baac929f-ce13-4120-8d3a-c3d425ef06a0,7.5,6,1522680,0,4.01
2026-10-03T13:42:38.870000+00:00,,2026-10-03T13:42:38.870000+00:00,,4.75,Deduru Oya,Moragaswewa,04a4d056-50ce-4b56-9abb-1c3cbdbe69a8,7,6,1522679,0,-0.08
2026-10-03T13:39:51.058000+00:00,,2026-10-03T13:39:51.058000+00:00,,5,Maha Oya,Badalgama,450a0ec5-bcd0-42c6-a014-76e13088de56,9.6,6.2,1522678,0,2.3
2026-10-03T13:39:17.846000+00:00,,2026-10-03T13:39:17.846000+00:00,,4,Kelani Ganga,Nagalagam Street,91c7fcdc-1843-470b-b563-85e2bbfac041,7,5,1522677,,1.4
2026-10-03T13:38:06.808000+00:00,,2026-10-03T13:38:06.808000+00:00,,1.5,Kelani Ganga,Norwood,036449ca-51d0-4b4f-b5c7-5eb01e23bac3,4.5,3,1522676,0,1.11
2026-10-03T13:37:24.330000+00:00,,2026-10-03T13:37:24.330000+00:00,,4,Kalu Ganga,Magura,7d36a1fd-a80c-4b2e-85ce-f468b1b65fbd,7.5,6,1522675,0,1.74
2026-10-03T13:37:09.848000+00:00,,2026-10-03T13:37:09.848000+00:00,,3.5,Gin Ganga,Baddegama,ca2c9beb-5783-473a-b026-9ef2d92c495e,5,4,1522674,0,2.27
2026-10-03T13:36:49.335000+00:00,,2026-10-03T13:36:49.335000+00:00,,5.2,Kalu Ganga,Rathnapura,c415c8b3-44b3-4a2e-a2a3-3ed286598c41,9.5,7.5,1522673,0,1.84
2026-10-03T13:36:41.189000+00:00,,2026-10-03T13:36:41.189000+00:00,,15,Kelani Ganga,Glencourse,a3845bae-475e-473c-8753-570db2f6ebe3,19,15.5,1522672,13,11.47
2026-10-03T13:36:06.685000+00:00,,2026-10-03T13:36:06.685000+00:00,,3,Kelani Ganga,Kithulgala,d7ea9859-ef55-473e-a059-c84bcee32770,6,4,1522671,0,2.05
2026-10-03T13:35:57.092000+00:00,,2026-10-03T13:35:57.092000+00:00,,3,Mahaweli Ganga,Thaldena,c674253b-0b48-49c9-9cd8-35a22e84aaef,5,4,1522670,1.2,0.15
2026-10-03T13:35:38.617000+00:00,,2026-10-03T13:35:38.617000+00:00,,4.8,Kelani Ganga,Deraniyagala,3f8dced5-e8b5-41fc-9c3f-89a72384712e,7,5.8,1522669,11.6,0.96
2026-10-03T13:35:19.401000+00:00,,2026-10-03T13:35:19.401000+00:00,,5,Maha Oya,Badalgama,79e1fda0-0037-43fa-a280-c5b633a85717,9.6,6.2,1522668,0,2.3
2026-10-03T13:35:14.830000+00:00,,2026-10-03T13:35:14.830000+00:00,,3.3,Aththanagalu Oya,Dunamale,163e16e5-fb10-4127-bc2e-f3f0d3068070,5.5,4.4,1522667,1.3,1.15
2026-10-03T13:34:34.599000+00:00,,2026-10-03T13:34:34.599000+00:00,,4,Menik Ganga,Katharagama,8b721bf3-0a9c-4fdd-b69c-2583747e69fa,6.5,4.6,1522666,0,-0.23
2026-10-03T13:34:13.078000+00:00,,2026-10-03T13:34:13.078000+00:00,,10,Kalu Ganga,Ellagawa,e343142c-b500-43fa-922b-9c5af3000818,12.2,10.7,1522665,0,5.88
2026-10-03T13:34:06.391000+00:00,,2026-10-03T13:34:06.391000+00:00,,6.5,Kelani Ganga,Hanwella,ef0afbcf-483b-4355-adcd-a418a1cd742d,9.5,7.5,1522664,0,2.04
2026-10-03T13:33:53.304000+00:00,,2026-10-03T13:33:53.304000+00:00,,2.5,Nilwala Ganga,Urawa,d0a53c91-d461-45e3-9e84-c473fd126b3e,6,4,1522663,0,0.38
2026-10-03T13:33:50.507000+00:00,,2026-10-03T13:33:50.507000+00:00,,3,Mahaweli Ganga,Manampitiya,33b22215-effa-4bfc-aa8a-5d4f2d62884c,6,4.3,1522662,0,-0.37
2026-10-03T13:33:44.476000+00:00,,2026-10-03T13:33:44.476000+00:00,,5,Mahaweli Ganga,Peradeniya,ff7a5717-dd25-438c-8e37-0c9cca8cedb1,9,7,1522661,0,2.02
2026-10-03T13:33:17.975000+00:00,,2026-10-03T13:33:17.975000+00:00,,5,Kumbukkan Oya,Nakkala,32f7618d-6833-4c02-bf43-3abaf69c7370,7.5,6,1522660,25.1,0.57
2026-10-03T13:33:14.707000+00:00,,2026-10-03T13:33:14.707000+00:00,,4.5,Heda Oya,Siyambalanduwa,487141f3-ed5c-4f42-92e5-51cabd439902,7,6,1522659,0,0.35
2026-10-03T13:33:00.042000+00:00,,2026-10-03T13:33:00.042000+00:00,,3,Kalu Ganga,Putupaula,4b128e51-9715-4092-a83c-c36f0ac530b2,5,4,1522658,0,0.95
2026-10-03T13:32:52.639000+00:00,,2026-10-03T13:32:52.639000+00:00,,4,Nilwala Ganga,Pitabeddara,50ce98af-6608-438d-bd0a-a35a57806bab,6.5,5,1522657,0,1.2
2026-10-03T13:32:33.905000+00:00,,2026-10-03T13:32:33.905000+00:00,,3,Walawe Ganga,Moraketiya,54c8cb06-d243-4e2e-b370-ece8530a60e8,7,5,1522656,0,0.72
2026-10-03T13:32:23.458000+00:00,,2026-10-03T13:32:23.458000+00:00,,5.5,Maha Oya,Giriulla,c35925b4-6d84-41b9-beb1-ded2211eed40,7.5,6.5,1522655,0,1.14
2026-10-03T13:32:11.345000+00:00,,2026-10-03T13:32:11.345000+00:00,,4,Maduru Oya,Padiyathalawa,68aed817-b2ad-4214-8d19-93a84b49b0c9,6,4.5,1522654,0,0.07
2026-10-03T13:32:10.368000+00:00,,2026-10-03T13:32:10.368000+00:00,,4,Kirindi Oya,Thanamalwila,cf934a52-a044-4e62-bbaa-6d5cac61f08b,5.5,5,1522653,0,0.17
2026-10-03T13:32:04.121000+00:00,,2026-10-03T13:32:04.121000+00:00,,4,Gin Ganga,Thawalama,499f9c7b-970f-41e0-8e9c-08e93c7ceea0,7.5,6,1522652,0,2
2026-10-03T13:31:28.676000+00:00,,2026-10-03T13:31:28.676000+00:00,,4,Ma Oya,Yaka Wewa,44e4cbf5-aaa3-4759-8d0a-bf91475de3cc,6,5,1522651,0,0.4
2026-10-03T13:31:26.704000+00:00,,2026-10-03T13:31:26.704000+00:00,,6.9,Kirindi Oya,Kuda Oya,12d67596-3079-460f-b0b4-8654610c0502,8.8,8.4,1522650,0,1.03
2026-10-03T13:31:21.357000+00:00,,2026-10-03T13:31:21.357000+00:00,,3,Kelani Ganga,Holombuwa,b13e58e2-59b5-4b8d-b19a-562425fc8c26,6,4,1522649,1.1,0.67
2026-10-03T13:31:18.032000+00:00,,2026-10-03T13:31:18.032000+00:00,,3.5,Mahaweli Ganga,Nawalapitiya,6a31a52f-68d2-43f8-a345-6039d9f6c323,6,5,1522648,0,1.99
2026-10-03T13:31:13.490000+00:00,,2026-10-03T13:31:13.490000+00:00,,6,Yan Oya,Horowpothana,4f1fc35e-644d-41b5-9f9b-3b2bf7d7549a,10.5,7.5,1522647,0,1.64
2026-10-03T13:31:09.881000+00:00,,2026-10-03T13:31:09.881000+00:00,,,Gal Oya,Ampara,10849d42-c9fd-45c0-a164-ba593fd85015,,,1522646,0,0
2026-10-03T13:31:08.510000+00:00,,2026-10-03T13:31:08.510000+00:00,,4.4,Kirindi Oya,Wellawaya,dcb450bc-b728-404d-85ca-aa8824898940,5.9,5.4,1522645,0,0.83
2026-10-03T13:31:07.741000+00:00,,2026-10-03T13:31:07.741000+00:00,,5,Kalu Ganga,Kalawellawa (Millakanda),c8d261b2-63ca-4c9b-bf56-b11135109b64,8,6.5,1522644,0,3.14
2026-10-03T13:29:20.456000+00:00,,2026-10-03T13:29:20.456000+00:00,,1.4,Nilwala Ganga,Thalgahagoda,5dae5969-57ca-4f33-b5a8-dbdd3b6dc028,2.8,1.7,1522643,0,0.84
2026-10-03T12:50:47.730000+00:00,,2026-10-03T12:50:47.730000+00:00,,5,Nilwala Ganga,Panadugama,efffe8d9-6d44-42cb-81e7-f333255280d2,7.5,6,1522642,0,4.08
2026-10-03T12:37:58.538000+00:00,,2026-10-03T12:37:58.538000+00:00,,4,Maduru Oya,Padiyathalawa,a728566c-0e85-4291-85eb-a9e8e3cefd40,6,4.5,1522641,0,0.07
2026-10-03T12:37:51.930000+00:00,,2026-10-03T12:37:51.930000+00:00,,4,Kelani Ganga,Nagalagam Street,92010cbc-ab36-4a38-ac14-69e5e1c910a0,7,5,1522640,,1.5
2026-10-03T12:37:39.137000+00:00,,2026-10-03T12:37:39.137000+00:00,,3,Kelani Ganga,Kithulgala,29884087-8419-4106-8511-a18972cd2772,6,4,1522639,0,2.05
2026-10-03T12:36:06.732000+00:00,,2026-10-03T12:36:06.732000+00:00,,4,Nilwala Ganga,Pitabeddara,54dc1b49-4f17-46e4-af45-b7dbb9fa6ffd,6.5,5,1522638,0,1.2
2026-10-03T12:35:22.665000+00:00,,2026-10-03T12:35:22.665000+00:00,,15,Kelani Ganga,Glencourse,e52ae7bc-f071-42c8-978b-bc5cbf45fa41,19,15.5,1522637,82.6,10.75
2026-10-03T12:35:21.797000+00:00,,2026-10-03T12:35:21.797000+00:00,,4,Kirindi Oya,Thanamalwila,5d4f9b2b-adec-4924-9079-c2c74f551a9f,5.5,5,1522636,0,0.17
2026-10-03T12:35:15.731000+00:00,,2026-10-03T12:35:15.731000+00:00,,3,Kelani Ganga,Holombuwa,1bff49bd-4c19-4b00-a2d7-3d6cd732410b,6,4,1522635,0.6,0.6
2026-10-03T12:34:39.857000+00:00,,2026-10-03T12:34:39.857000+00:00,,3.5,Mahaweli Ganga,Nawalapitiya,acaae13b-fe51-4213-b0fb-b7ab17d671f8,6,5,1522634,11.3,1.76
2026-10-03T12:34:21.544000+00:00,,2026-10-03T12:34:21.544000+00:00,,6,Yan Oya,Horowpothana,d2f36b1b-e158-4612-97cd-77e2f1ceafef,10.5,7.5,1522633,0,1.64
2026-10-03T12:34:04.763000+00:00,,2026-10-03T12:34:04.763000+00:00,,5,Mahaweli Ganga,Peradeniya,333df8bb-74f1-4a71-8cb5-bc3f07d268f9,9,7,1522632,0,1.8
2026-10-03T12:33:55.109000+00:00,,2026-10-03T12:33:55.109000+00:00,,4,Menik Ganga,Katharagama,fb370ca5-c5ee-4bd9-8022-a4a05ffb17e3,6.5,4.6,1522631,0,-0.22
2026-10-03T12:33:49.757000+00:00,,2026-10-03T12:33:49.757000+00:00,,4.84,Mee Oya,Galgamuwa,b4d1dc16-44d6-48eb-bf5a-c6d0cfd30b31,8,5.94,1522630,0,0
2026-10-03T12:33:25.710000+00:00,,2026-10-03T12:33:25.710000+00:00,,1.5,Kelani Ganga,Norwood,cf14f3bd-00ff-47f4-af8b-91ec0e5cf35a,4.5,3,1522629,0,1.13
2026-10-03T12:33:11.020000+00:00,,2026-10-03T12:33:11.020000+00:00,,3.5,Gin Ganga,Baddegama,211530aa-275a-40e2-b45c-7e4ce502b709,5,4,1522628,0,2.31
2026-10-03T12:33:10.276000+00:00,,2026-10-03T12:33:10.276000+00:00,,5,Maha Oya,Badalgama,2c1294a2-845e-4601-b08b-14b101bc5a48,9.6,6.2,1522627,0,2.3
2026-10-03T12:32:57.416000+00:00,,2026-10-03T12:32:57.416000+00:00,,2.5,Nilwala Ganga,Urawa,c8ef6207-9341-4d2a-acfc-c6085ec34bcd,6,4,1522626,0,0.38
2026-10-03T12:32:47.735000+00:00,,2026-10-03T12:32:47.735000+00:00,,4.8,Kelani Ganga,Deraniyagala,e8f0464a-579f-413a-9909-66cd705b6ca9,7,5.8,1522625,0,0.96
2026-10-03T12:32:40.233000+00:00,,2026-10-03T12:32:40.233000+00:00,,10,Kalu Ganga,Ellagawa,10ae2c06-826a-441d-8c29-87887897a4f5,12.2,10.7,1522624,0,5.93
2026-10-03T12:32:38.504000+00:00,,2026-10-03T12:32:38.504000+00:00,,5.5,Maha Oya,Giriulla,95f77f8f-0786-4027-a7d7-0697f874e8cd,7.5,6.5,1522623,0,1.15
2026-10-03T12:32:29.874000+00:00,,2026-10-03T12:32:29.874000+00:00,,5,Malwathu Oya,Thanthirimale,ad42cb67-d31b-4f0d-9ab7-1aa103d170a3,7.8,6.8,1522622,6.7,0.41
2026-10-03T12:32:25.753000+00:00,,2026-10-03T12:32:25.753000+00:00,,5.2,Kalu Ganga,Rathnapura,cc093615-7364-4bb1-9152-e5e54b9571e5,9.5,7.5,1522621,1.5,1.82
2026-10-03T12:32:24.196000+00:00,,2026-10-03T12:32:24.196000+00:00,,1.4,Nilwala Ganga,Thalgahagoda,c9219169-09ce-40f0-8564-cc59e4c226d8,2.8,1.7,1522620,0,0.86
2026-10-03T12:32:22.212000+00:00,,2026-10-03T12:32:22.212000+00:00,,6.5,Kelani Ganga,Hanwella,8d366994-f37d-455e-a075-058bd94ffb54,9.5,7.5,1522619,0,2.02
2026-10-03T12:32:16.404000+00:00,,2026-10-03T12:32:16.404000+00:00,,3,Mahaweli Ganga,Thaldena,5dfbaf06-9ec1-41d0-9b87-4cfc7a3f34bb,5,4,1522618,0.2,0.12
2026-10-03T12:32:14.075000+00:00,,2026-10-03T12:32:14.075000+00:00,,6.9,Kirindi Oya,Kuda Oya,a5cfcef5-6d5a-4d6a-9053-6fa667762e43,8.8,8.4,1522617,0,1.03
2026-10-03T12:32:13.442000+00:00,,2026-10-03T12:32:13.442000+00:00,,5,Kalu Ganga,Kalawellawa (Millakanda),23ee15bc-d210-4b65-970c-148ca0d1820d,8,6.5,1522616,0,3.16
2026-10-03T12:31:53.566000+00:00,,2026-10-03T12:31:53.566000+00:00,,4,Kalu Ganga,Magura,4d8722a6-9652-45e7-b62c-426a8ffa5bc2,7.5,6,1522615,0,1.75
2026-10-03T12:31:48.624000+00:00,,2026-10-03T12:31:48.624000+00:00,,3,Mahaweli Ganga,Manampitiya,73907fad-f0a7-4df2-9cad-259406ad5aee,6,4.3,1522614,0,-0.36
2026-10-03T12:31:38.982000+00:00,,2026-10-03T12:31:38.982000+00:00,,4,Gin Ganga,Thawalama,01e28b14-6a1e-4bb9-827f-70d8f6289bd9,7.5,6,1522613,0,2.06
2026-10-03T12:31:38.691000+00:00,,2026-10-03T12:31:38.691000+00:00,,5,Kumbukkan Oya,Nakkala,83db5f41-9dd0-40a6-b832-9eafc0a09faa,7.5,6,1522612,1.1,0.53
2026-10-03T12:31:21.700000+00:00,,2026-10-03T12:31:21.700000+00:00,,3.3,Aththanagalu Oya,Dunamale,79ea90bb-f722-49e9-8ab7-86739660f9e1,5.5,4.4,1522611,0,1.15
2026-10-03T12:31:21.684000+00:00,,2026-10-03T12:31:21.684000+00:00,,3,Walawe Ganga,Moraketiya,ef1971cb-c83f-4bb0-9377-af09d06de6ba,7,5,1522610,0,0.72
2026-10-03T12:31:20.789000+00:00,,2026-10-03T12:31:20.789000+00:00,,5,Mahaweli Ganga,Weraganthota,acf4ceab-80ce-4df5-8202-49bcecc52cc5,8,6,1522609,0,-3.55
2026-10-03T12:30:47.754000+00:00,,2026-10-03T12:30:47.754000+00:00,,3,Kalu Ganga,Putupaula,dbf1890c-9c50-4628-b012-f966e2ed73bb,5,4,1522608,0,0.97
2026-10-03T12:30:43.657000+00:00,,2026-10-03T12:30:43.657000+00:00,,4.75,Deduru Oya,Moragaswewa,19eea184-9444-4959-bb53-4e1dfe4e762b,7,6,1522607,0,-0.08
2026-10-03T12:30:40.654000+00:00,,2026-10-03T12:30:40.654000+00:00,,4,Ma Oya,Yaka Wewa,4ebf218e-9c05-44bc-a38c-4b2cc42bec5d,6,5,1522606,4,0.4
2026-10-03T12:30:40.203000+00:00,,2026-10-03T12:30:40.203000+00:00,,4.5,Heda Oya,Siyambalanduwa,da8a6d28-6cf5-4f79-b0ff-8fcbbba622a5,7,6,1522605,0,0.36
2026-10-03T12:30:26.320000+00:00,,2026-10-03T12:30:26.320000+00:00,,,Gal Oya,Ampara,20205b6b-a2ce-48cc-b70d-de277e98ea61,,,1522604,0,0
2026-10-03T12:30:14.823000+00:00,,2026-10-03T12:30:14.823000+00:00,,4.4,Kirindi Oya,Wellawaya,37c49abe-265d-4d7f-a347-7d26c53d9764,5.9,5.4,1522603,0,0.83
2026-10-03T11:50:31.162000+00:00,,2026-10-03T11:50:31.162000+00:00,,5,Nilwala Ganga,Panadugama,86890f71-28b7-4a9b-b835-5de09992520b,7.5,6,1522602,0,4.15
2026-10-03T11:47:31.943000+00:00,,2026-10-03T11:47:31.943000+00:00,,4,Nilwala Ganga,Pitabeddara,71aed011-324b-48a5-b5af-913f65861252,6.5,5,1522601,0,1.22
2026-10-03T11:45:34.206000+00:00,,2026-10-03T11:45:34.206000+00:00,,5.5,Maha Oya,Giriulla,8dbb21c2-dd0d-4e09-8899-98fb22096b58,7.5,6.5,1522600,0,1.16
2026-10-03T11:41:18.542000+00:00,,2026-10-03T11:41:18.542000+00:00,,4,Nilwala Ganga,Pitabeddara,be255a99-0c8b-43d3-8f6f-23bb5705810d,6.5,5,1522599,0,1.22
2026-10-03T11:38:42.899000+00:00,,2026-10-03T11:38:42.899000+00:00,,4,Kalu Ganga,Magura,91de4c12-796f-411b-a5ed-88b0b2471090,7.5,6,1522598,0,1.76
2026-10-03T11:38:06.773000+00:00,,2026-10-03T11:38:06.773000+00:00,,4.84,Mee Oya,Galgamuwa,33a2ee17-8ef1-4970-823b-70dd06358e65,8,5.94,1522597,0,0
2026-10-03T11:37:43.291000+00:00,,2026-10-03T11:37:43.291000+00:00,,3.3,Aththanagalu Oya,Dunamale,746843fb-0496-479b-9baf-f5f58491d0cb,5.5,4.4,1522596,0,1.21
2026-10-03T11:36:41.746000+00:00,,2026-10-03T11:36:41.746000+00:00,,3,Mahaweli Ganga,Thaldena,9da1b78a-d910-4472-b2de-ab7dd4d9aff5,5,4,1522595,1.5,0.13
2026-10-03T11:36:24.992000+00:00,,2026-10-03T11:36:24.992000+00:00,,3,Walawe Ganga,Moraketiya,7a6d676d-8214-443c-83d1-72c90b8cf78d,7,5,1522594,0,0.73
2026-10-03T11:36:23.654000+00:00,,2026-10-03T11:36:23.654000+00:00,,3.5,Gin Ganga,Baddegama,e9551b06-4237-44f3-982b-faca50ca2221,5,4,1522593,0,2.34
2026-10-03T11:35:42.324000+00:00,,2026-10-03T11:35:42.324000+00:00,,3.5,Mahaweli Ganga,Nawalapitiya,aadb4c71-a80b-4d0d-8cb7-62b148918757,6,5,1522592,9.8,1.51
2026-10-03T11:35:29.604000+00:00,,2026-10-03T11:35:29.604000+00:00,,3,Kelani Ganga,Holombuwa,cf0fc128-05b7-421b-b15a-c8685c034df6,6,4,1522591,11.2,0.57
2026-10-03T11:35:27.696000+00:00,,2026-10-03T11:35:27.696000+00:00,,1.5,Kelani Ganga,Norwood,fa2ce549-c3c5-46c6-8923-c2bddfbb58d1,4.5,3,1522590,5.8,1.02
2026-10-03T11:35:23.004000+00:00,,2026-10-03T11:35:23.004000+00:00,,5,Maha Oya,Badalgama,9b0ba3e5-85e9-40c0-b7a4-0e9ef15e1f60,9.6,6.2,1522589,0,2.3
2026-10-03T11:34:48.379000+00:00,,2026-10-03T11:34:48.379000+00:00,,10,Kalu Ganga,Ellagawa,51c20996-458d-4d11-8a06-4e1b46559963,12.2,10.7,1522588,0,5.99
2026-10-03T11:34:23.339000+00:00,,2026-10-03T11:34:23.339000+00:00,,15,Kelani Ganga,Glencourse,1b18308b-beda-4567-b538-2578b22c4965,19,15.5,1522587,11.3,10.23
2026-10-03T11:34:18.901000+00:00,,2026-10-03T11:34:18.901000+00:00,,5.5,Maha Oya,Giriulla,109d37d6-5db5-4e5d-a72e-8378e4ab8de8,7.5,6.5,1522586,0,1.16
2026-10-03T11:34:10.011000+00:00,,2026-10-03T11:34:10.011000+00:00,,4,Menik Ganga,Katharagama,e5868c96-a857-433d-814d-0c1894b5a2ae,6.5,4.6,1522585,0,-0.22
2026-10-03T11:33:40.714000+00:00,,2026-10-03T11:33:40.714000+00:00,,3,Kalu Ganga,Putupaula,217a855b-7da6-4e2e-9c56-2d937053a559,5,4,1522584,0,1
2026-10-03T11:33:38.115000+00:00,,2026-10-03T11:33:38.115000+00:00,,4.4,Kirindi Oya,Wellawaya,f8a77ae1-0382-4bf5-8bd3-c2fa7a114690,5.9,5.4,1522583,0,0.83
2026-10-03T11:33:36.262000+00:00,,2026-10-03T11:33:36.262000+00:00,,4.75,Deduru Oya,Moragaswewa,130ddb6c-fcb2-40d1-bea4-429696095017,7,6,1522582,0,-0.08
2026-10-03T11:33:28.722000+00:00,,2026-10-03T11:33:28.722000+00:00,,4.8,Kelani Ganga,Deraniyagala,2a1ad646-5b2a-4dd0-8d27-fc8c9429b7bc,7,5.8,1522581,0,1.01
2026-10-03T11:33:04.772000+00:00,,2026-10-03T11:33:04.772000+00:00,,6.9,Kirindi Oya,Kuda Oya,c28c9d37-4511-4c37-bf8d-9927d427d6ca,8.8,8.4,1522580,0,1.04
2026-10-03T11:33:02.958000+00:00,,2026-10-03T11:33:02.958000+00:00,,4,Kirindi Oya,Thanamalwila,c2ffa470-50ea-4f75-ae52-4ff7214a2a26,5.5,5,1522579,0,0.17
2026-10-03T11:32:51.768000+00:00,,2026-10-03T11:32:51.768000+00:00,,6.5,Kelani Ganga,Hanwella,e1d34025-28ff-49af-b74e-fe04ed491659,9.5,7.5,1522578,0,2.08
2026-10-03T11:32:47.592000+00:00,,2026-10-03T11:32:47.592000+00:00,,5,Mahaweli Ganga,Peradeniya,85d92e86-c632-4d08-a7f6-d188efcd2369,9,7,1522577,0.2,1.78
2026-10-03T11:32:44.155000+00:00,,2026-10-03T11:32:44.155000+00:00,,4,Maduru Oya,Padiyathalawa,171584f9-23a1-4d9e-abfe-891436b572f2,6,4.5,1522576,0,0.07
2026-10-03T11:32:41.962000+00:00,,2026-10-03T11:32:41.962000+00:00,,2.5,Nilwala Ganga,Urawa,ad589edf-ec4e-46a0-989b-50bb81e21e46,6,4,1522575,0,0.38
2026-10-03T11:32:35.589000+00:00,,2026-10-03T11:32:35.589000+00:00,,4,Gin Ganga,Thawalama,915ca280-cdc9-46ef-b8b3-334ca0680fb9,7.5,6,1522574,0,2.1
2026-10-03T11:32:24.177000+00:00,,2026-10-03T11:32:24.177000+00:00,,4,Ma Oya,Yaka Wewa,aacc72a6-088e-4edf-9ddc-77e283ac7181,6,5,1522573,8.2,0.4
2026-10-03T11:32:21.928000+00:00,,2026-10-03T11:32:21.928000+00:00,,5.2,Kalu Ganga,Rathnapura,b7d27a9b-a1cc-45c8-9148-54276780ad90,9.5,7.5,1522572,1,1.72
2026-10-03T11:32:15.131000+00:00,,2026-10-03T11:32:15.131000+00:00,,5,Kalu Ganga,Kalawellawa (Millakanda),ae62a3b0-9565-4bf5-b26d-cba9aeac3e5d,8,6.5,1522571,0,3.2
2026-10-03T11:32:12.297000+00:00,,2026-10-03T11:32:12.297000+00:00,,4,Kelani Ganga,Nagalagam Street,ec698c03-bbc4-4c3b-a3fd-2984342d7c6a,7,5,1522570,,1.7
2026-10-03T11:31:49.557000+00:00,,2026-10-03T11:31:49.557000+00:00,,3,Mahaweli Ganga,Manampitiya,47e76adc-2e08-4943-a907-2fff72db5559,6,4.3,1522569,0,-0.35
2026-10-03T11:31:36.005000+00:00,,2026-10-03T11:31:36.005000+00:00,,4.5,Heda Oya,Siyambalanduwa,fd3812a8-2a36-4117-8773-dac5fe35b96e,7,6,1522568,0,0.38
2026-10-03T11:31:29.832000+00:00,,2026-10-03T11:31:29.832000+00:00,,5,Mahaweli Ganga,Weraganthota,0e14db6c-51ef-4558-813c-66d500217a06,8,6,1522567,0,-3.54
2026-10-03T11:31:09.208000+00:00,,2026-10-03T11:31:09.208000+00:00,,3,Kelani Ganga,Kithulgala,f1a81b8b-f45d-4f59-8c6a-c7813281d89d,6,4,1522566,0,2.12
2026-10-03T11:31:05.389000+00:00,,2026-10-03T11:31:05.389000+00:00,,1.4,Nilwala Ganga,Thalgahagoda,54bee7d4-b98c-43a4-8f71-9b65073c85db,2.8,1.7,1522565,0,0.88
2026-10-03T11:30:50.403000+00:00,,2026-10-03T11:30:50.403000+00:00,,6,Yan Oya,Horowpothana,b899ec23-897e-459e-ac2d-f22f0afa83a3,10.5,7.5,1522564,0,1.64
2026-10-03T11:30:34.460000+00:00,,2026-10-03T11:30:34.460000+00:00,,,Gal Oya,Ampara,1110767c-18c1-48be-bc88-e0a2e08059f0,,,1522563,0,0
2026-10-03T11:30:28.847000+00:00,,2026-10-03T11:30:28.847000+00:00,,5,Malwathu Oya,Thanthirimale,3aa6e01a-53fc-4fbb-a881-c05a7c515b21,7.8,6.8,1522562,0,0.41
2026-10-03T11:30:09.355000+00:00,,2026-10-03T11:30:09.355000+00:00,,5,Kumbukkan Oya,Nakkala,831436fa-8aee-49ac-b105-81147ae60caf,7.5,6,1522561,0,0.53
2026-10-03T11:01:31.590000+00:00,,2026-10-03T11:01:31.590000+00:00,,4,Nilwala Ganga,Pitabeddara,0abf9079-7f88-4f8f-8fa6-45f8f5dea325,6.5,5,1522560,0,1.25
2026-10-03T11:01:13.826000+00:00,,2026-10-03T11:01:13.826000+00:00,,5.5,Maha Oya,Giriulla,58b6dcc2-6f41-43eb-8d6e-b12b95a38f87,7.5,6.5,1522559,0,1.17
2026-10-03T10:52:31.710000+00:00,,2026-10-03T10:52:31.710000+00:00,,4,Kalu Ganga,Magura,32d0fa86-ec68-49ad-a55a-2f222c940b53,7.5,6,1522558,0,1.77
2026-10-03T10:42:40.244000+00:00,,2026-10-03T10:42:40.244000+00:00,,6,Yan Oya,Horowpothana,e26ff404-a600-4ffe-9162-125ce13e72a4,10.5,7.5,1522557,0,1.64
2026-10-03T10:41:48.779000+00:00,,2026-10-03T10:41:48.779000+00:00,,5,Nilwala Ganga,Panadugama,b7c4ee46-fd7a-4e26-bc70-7dd6aa7c049a,7.5,6,1522556,0,4.18
2026-10-03T10:40:08.328000+00:00,,2026-10-03T10:40:08.328000+00:00,,4.8,Kelani Ganga,Deraniyagala,678ed0e9-428a-46b9-b76b-1441cf9273c1,7,5.8,1522555,0,0.98
2026-10-03T10:38:55.857000+00:00,,2026-10-03T10:38:55.857000+00:00,,5.5,Maha Oya,Giriulla,cffed104-8c2b-417f-bbaf-8f93a5909e13,7.5,6.5,1522554,0,1.17
2026-10-03T10:38:00.792000+00:00,,2026-10-03T10:38:00.792000+00:00,,3.5,Gin Ganga,Baddegama,48860ffb-3f0f-413c-b44a-0096caa10e6c,5,4,1522553,0,2.38
2026-10-03T10:37:09.512000+00:00,,2026-10-03T10:37:09.512000+00:00,,3,Mahaweli Ganga,Thaldena,0f24bf2b-265e-453f-9d96-7313a0d34048,5,4,1522552,0,0.13
2026-10-03T10:37:01.564000+00:00,,2026-10-03T10:37:01.564000+00:00,,15,Kelani Ganga,Glencourse,90bc76b9-894a-4900-a1ed-5ea03f6a9921,19,15.5,1522551,3.5,10.2
2026-10-03T10:36:27.420000+00:00,,2026-10-03T10:36:27.420000+00:00,,1.5,Kelani Ganga,Norwood,5805029e-2833-4ce2-a0f9-86f2d5f5bc79,4.5,3,1522550,17.5,0.89
2026-10-03T10:35:25.682000+00:00,,2026-10-03T10:35:25.682000+00:00,,10,Kalu Ganga,Ellagawa,1cc014d3-8149-4902-b3c5-b1aaa27819dd,12.2,10.7,1522549,0,6.08
2026-10-03T10:35:12.371000+00:00,,2026-10-03T10:35:12.371000+00:00,,6.9,Kirindi Oya,Kuda Oya,abd0abd0-c026-4a65-8173-3f9c2d15c415,8.8,8.4,1522548,0,1.05
2026-10-03T10:35:08.852000+00:00,,2026-10-03T10:35:08.852000+00:00,,3,Walawe Ganga,Moraketiya,9617cf11-11f6-49ea-9f99-cd67f71508a8,7,5,1522547,0,0.73
2026-10-03T10:35:05.452000+00:00,,2026-10-03T10:35:05.452000+00:00,,5,Maha Oya,Badalgama,f5978e33-4599-430c-900d-0479b00ef60d,9.6,6.2,1522546,0,2.3
2026-10-03T10:34:50.890000+00:00,,2026-10-03T10:34:50.890000+00:00,,2.5,Nilwala Ganga,Urawa,723a4797-bffd-466d-aef3-98aae03c1952,6,4,1522545,0,0.38
2026-10-03T10:34:36.849000+00:00,,2026-10-03T10:34:36.849000+00:00,,4.84,Mee Oya,Galgamuwa,fd8a98f7-7175-4f55-ad37-d86386cccbc4,8,5.94,1522544,0,0
2026-10-03T10:34:31.798000+00:00,,2026-10-03T10:34:31.798000+00:00,,3,Kelani Ganga,Holombuwa,9e81acff-5b09-49c7-9a97-956c96b75b27,6,4,1522543,0,0.56
2026-10-03T10:34:28.788000+00:00,,2026-10-03T10:34:28.788000+00:00,,4,Kelani Ganga,Nagalagam Street,a7764a7e-77e3-49aa-bf64-f49951460543,7,5,1522542,,2
2026-10-03T10:34:08.757000+00:00,,2026-10-03T10:34:08.757000+00:00,,3,Kalu Ganga,Putupaula,da35cd63-793e-4a9b-98ef-9d01064cac50,5,4,1522541,0,0.99
2026-10-03T10:34:06.960000+00:00,,2026-10-03T10:34:06.960000+00:00,,6.5,Kelani Ganga,Hanwella,b0d10797-dfd2-4332-8311-a871065a9817,9.5,7.5,1522540,0,2.14
2026-10-03T10:33:54.549000+00:00,,2026-10-03T10:33:54.549000+00:00,,4,Kirindi Oya,Thanamalwila,18989ee7-61d0-42df-b5e7-7a42ec40c3d4,5.5,5,1522539,0,0.17
2026-10-03T10:33:50.507000+00:00,,2026-10-03T10:33:50.507000+00:00,,3.5,Mahaweli Ganga,Nawalapitiya,c69985b7-96a1-4989-8757-ea76b960c68f,6,5,1522538,0.3,1.5
2026-10-03T10:33:42.213000+00:00,,2026-10-03T10:33:42.213000+00:00,,4,Menik Ganga,Katharagama,8eccd80a-e8ca-4e1b-81ee-9a290f6ca61d,6.5,4.6,1522537,0,-0.22
2026-10-03T10:33:42.213000+00:00,,2026-10-03T10:33:42.213000+00:00,,4,Menik Ganga,Katharagama,8eccd80a-e8ca-4e1b-81ee-9a290f6ca61d,6.5,4.6,1522537,0,-0.22
2026-10-03T10:32:48.429000+00:00,,2026-10-03T10:32:48.429000+00:00,,,Gal Oya,Ampara,40283bcb-a37c-49a7-a512-d8da89a14fe4,,,1522536,0,0
2026-10-03T10:32:42.062000+00:00,,2026-10-03T10:32:42.062000+00:00,,3.3,Aththanagalu Oya,Dunamale,4a2681e4-42ec-48a3-ab65-50ad715c646f,5.5,4.4,1522535,0,1.26
2026-10-03T10:32:33.807000+00:00,,2026-10-03T10:32:33.807000+00:00,,3,Mahaweli Ganga,Manampitiya,b3c2c07e-e275-4e9e-b843-52599f2f7843,6,4.3,1522534,0,-0.31
2026-10-03T10:32:30.087000+00:00,,2026-10-03T10:32:30.087000+00:00,,5.2,Kalu Ganga,Rathnapura,20a77531-6ac1-4c5a-a6b6-08e41015527c,9.5,7.5,1522533,0,1.71
2026-10-03T10:32:23.263000+00:00,,2026-10-03T10:32:23.263000+00:00,,5,Kalu Ganga,Kalawellawa (Millakanda),3703d960-4a2f-4cc1-b194-e8d87c132081,8,6.5,1522532,0,3.24
2026-10-03T10:32:22.718000+00:00,,2026-10-03T10:32:22.718000+00:00,,4.4,Kirindi Oya,Wellawaya,76e9c030-cbd2-4531-9ccf-d38e0706564d,5.9,5.4,1522531,0,0.83
2026-10-03T10:32:18.809000+00:00,,2026-10-03T10:32:18.809000+00:00,,1.4,Nilwala Ganga,Thalgahagoda,d9659002-c8a3-4cad-8501-d568f955b24f,2.8,1.7,1522530,0,0.88
2026-10-03T10:32:16.027000+00:00,,2026-10-03T10:32:16.027000+00:00,,5,Kumbukkan Oya,Nakkala,1a11e9a8-d35d-412d-b9a0-cb924179b0f8,7.5,6,1522529,0,0.53
2026-10-03T10:32:06.170000+00:00,,2026-10-03T10:32:06.170000+00:00,,3,Kelani Ganga,Kithulgala,522a83fd-9c0f-49da-8099-92d01a96bbe4,6,4,1522528,0,2.1
2026-10-03T10:31:49.524000+00:00,,2026-10-03T10:31:49.524000+00:00,,4,Gin Ganga,Thawalama,7283a0e5-0d1d-4dc0-8b7a-47916b8bb359,7.5,6,1522527,0,2.15
2026-10-03T10:31:37.124000+00:00,,2026-10-03T10:31:37.124000+00:00,,5,Mahaweli Ganga,Peradeniya,a1f06478-c27d-4fbb-829b-e65b5fb302e0,9,7,1522526,0,1.8
2026-10-03T10:31:35.230000+00:00,,2026-10-03T10:31:35.230000+00:00,,4,Ma Oya,Yaka Wewa,f6943227-3365-471a-ade6-d744a7e56918,6,5,1522525,0,0.4
2026-10-03T10:31:34.298000+00:00,,2026-10-03T10:31:34.298000+00:00,,5,Mahaweli Ganga,Weraganthota,2aace6c2-ffd4-47e7-8867-455fe6a5a0a8,8,6,1522524,0,-3.54
2026-10-03T10:31:14.332000+00:00,,2026-10-03T10:31:14.332000+00:00,,4,Maduru Oya,Padiyathalawa,db97ac13-d8df-46ba-b92e-cb2f9b414a0b,6,4.5,1522523,0,0.07
2026-10-03T10:30:57.179000+00:00,,2026-10-03T10:30:57.179000+00:00,,5,Malwathu Oya,Thanthirimale,bad995c1-6b1d-4c2c-bab9-18eccef4d824,7.8,6.8,1522522,0,0.41
2026-10-03T10:30:08.748000+00:00,,2026-10-03T10:30:08.748000+00:00,,4.5,Heda Oya,Siyambalanduwa,80ef7694-746f-485f-95f2-55d1cc210485,7,6,1522521,0,0.38
2026-10-03T09:54:52.692000+00:00,,2026-10-03T09:54:52.692000+00:00,,5,Nilwala Ganga,Panadugama,b839aed9-edfd-427e-9c93-2bfbfc4cbf67,7.5,6,1522520,0,4.21
2026-10-03T09:41:33.689000+00:00,,2026-10-03T09:41:33.689000+00:00,,4,Kalu Ganga,Magura,a94971bd-5ae5-484a-a6c6-c259e8fd62a4,7.5,6,1522519,0,1.78
2026-10-03T09:41:07.381000+00:00,,2026-10-03T09:41:07.381000+00:00,,3.5,Gin Ganga,Baddegama,41c7a10d-6f63-4a99-9575-298c2ee5f080,5,4,1522518,0,2.4
2026-10-03T09:37:34.634000+00:00,,2026-10-03T09:37:34.634000+00:00,,3.3,Aththanagalu Oya,Dunamale,948bfeff-a542-4801-aeed-d483a3f3b12c,5.5,4.4,1522517,0,1.22
2026-10-03T09:37:20.346000+00:00,,2026-10-03T09:37:20.346000+00:00,,5,Nilwala Ganga,Panadugama,a8e02733-ae3a-474d-aa1a-1fba504826e3,7.5,6,1522516,0,4.21
2026-10-03T09:37:15.339000+00:00,,2026-10-03T09:37:15.339000+00:00,,1.4,Nilwala Ganga,Thalgahagoda,e8ee38fc-489a-4038-a8f4-d4f174762594,2.8,1.7,1522515,0,0.89
2026-10-03T09:37:03.442000+00:00,,2026-10-03T09:37:03.442000+00:00,,5,Nilwala Ganga,Panadugama,4ffe7459-1947-433f-b6c0-4401677b322f,7.5,6,1522514,0,4.26
2026-10-03T09:35:34.858000+00:00,,2026-10-03T09:35:34.858000+00:00,,5,Maha Oya,Badalgama,cbc26559-5228-450e-ad9a-db57b38427c8,9.6,6.2,1522513,0,2.3
2026-10-03T09:35:34.159000+00:00,,2026-10-03T09:35:34.159000+00:00,,5,Mahaweli Ganga,Peradeniya,261a7921-5b49-4468-b56e-23ee6c36c502,9,7,1522512,0,1.85
2026-10-03T09:35:27.217000+00:00,,2026-10-03T09:35:27.217000+00:00,,3,Kelani Ganga,Holombuwa,bedcd670-c865-43eb-8cb1-c8f730909dfe,6,4,1522511,0,0.57
2026-10-03T09:35:11.823000+00:00,,2026-10-03T09:35:11.823000+00:00,,4,Kelani Ganga,Nagalagam Street,9a409d49-ec0a-4ae8-8915-5a90e5a32e9b,7,5,1522510,,1.8
2026-10-03T09:35:02.890000+00:00,,2026-10-03T09:35:02.890000+00:00,,4,Maduru Oya,Padiyathalawa,68f6165b-7245-4ebd-b19d-2522b2e17922,6,4.5,1522509,0,0.07
2026-10-03T09:35:00.837000+00:00,,2026-10-03T09:35:00.837000+00:00,,3,Walawe Ganga,Moraketiya,c255e2d8-e0a2-4cb2-984f-e29ad1d9de07,7,5,1522508,0,0.73
2026-10-03T09:34:43.630000+00:00,,2026-10-03T09:34:43.630000+00:00,,5.2,Kalu Ganga,Rathnapura,2cd73f71-ffb0-4cb2-aafb-ff0c8058c1cb,9.5,7.5,1522507,0,1.75
2026-10-03T09:34:40.790000+00:00,,2026-10-03T09:34:40.790000+00:00,,3,Kalu Ganga,Putupaula,56293aeb-00b1-4f3b-81d3-3c556ef9e849,5,4,1522506,0,0.98
2026-10-03T09:33:38.811000+00:00,,2026-10-03T09:33:38.811000+00:00,,3.5,Mahaweli Ganga,Nawalapitiya,6c404138-ed74-47d3-b71b-a051cbbc6587,6,5,1522505,28.7,1.54
2026-10-03T09:33:35.473000+00:00,,2026-10-03T09:33:35.473000+00:00,,3,Kelani Ganga,Kithulgala,f9862879-ae26-43ce-b246-eb3e5f18e3cf,6,4,1522504,6.5,2.07
2026-10-03T09:33:30.913000+00:00,,2026-10-03T09:33:30.913000+00:00,,4,Menik Ganga,Katharagama,7be67794-5ee1-484f-8e4d-26e42bf3e183,6.5,4.6,1522503,0,-0.22
2026-10-03T09:33:27.832000+00:00,,2026-10-03T09:33:27.832000+00:00,,4,Gin Ganga,Thawalama,ec173a46-c978-454f-b851-214fb01e155b,7.5,6,1522501,0,2.17
2026-10-03T09:33:27.801000+00:00,,2026-10-03T09:33:27.801000+00:00,,3,Mahaweli Ganga,Thaldena,cef9a426-7899-435b-a962-aa688e3bd9d2,5,4,1522502,0,0.12
2026-10-03T09:33:26.106000+00:00,,2026-10-03T09:33:26.106000+00:00,,10,Kalu Ganga,Ellagawa,c4b70fdb-4d9d-4cc0-b8a7-f962092a52fc,12.2,10.7,1522500,0,6.16
2026-10-03T09:33:26.044000+00:00,,2026-10-03T09:33:26.044000+00:00,,2.5,Nilwala Ganga,Urawa,a6a03651-6fc3-42a5-a63a-ea8808580bb3,6,4,1522499,0,0.39
2026-10-03T09:33:15.060000+00:00,,2026-10-03T09:33:15.060000+00:00,,4,Kirindi Oya,Thanamalwila,cdf5a5ec-2680-4ee5-9785-409064e13506,5.5,5,1522498,0,0.17
2026-10-03T09:33:01.115000+00:00,,2026-10-03T09:33:01.115000+00:00,,15,Kelani Ganga,Glencourse,8904bdde-9abe-4850-ad95-7b153a013912,19,15.5,1522497,0,10.26
2026-10-03T09:32:59.626000+00:00,,2026-10-03T09:32:59.626000+00:00,,1.5,Kelani Ganga,Norwood,9bbe4acd-3705-4bbb-9b93-8d286d363930,4.5,3,1522496,1.1,0.82
2026-10-03T09:32:59.091000+00:00,,2026-10-03T09:32:59.091000+00:00,,5,Kalu Ganga,Kalawellawa (Millakanda),16ab464e-a4c3-4948-ba0e-fadf567cd345,8,6.5,1522495,0,3.28
2026-10-03T09:32:45.597000+00:00,,2026-10-03T09:32:45.597000+00:00,,6.5,Kelani Ganga,Hanwella,836a3d94-63b9-44c3-9d31-88271bb23305,9.5,7.5,1522494,0,2.19
2026-10-03T09:32:18.182000+00:00,,2026-10-03T09:32:18.182000+00:00,,5.5,Maha Oya,Giriulla,6901decd-5c6c-48c9-ae02-dd738e398ba5,7.5,6.5,1522493,0,1.18
2026-10-03T09:32:11.073000+00:00,,2026-10-03T09:32:11.073000+00:00,,4.84,Mee Oya,Galgamuwa,a2db86ed-9a5f-4414-b067-198881c69527,8,5.94,1522492,0,0
2026-10-03T09:32:07.744000+00:00,,2026-10-03T09:32:07.744000+00:00,,5,Mahaweli Ganga,Weraganthota,76f528ca-592f-4600-a7ae-c65c509ad261,8,6,1522491,0,-3.53
2026-10-03T09:31:56.507000+00:00,,2026-10-03T09:31:56.507000+00:00,,6.9,Kirindi Oya,Kuda Oya,1871b093-1f4e-4808-9370-88a89aa8d855,8.8,8.4,1522490,0,1.06
2026-10-03T09:31:54.955000+00:00,,2026-10-03T09:31:54.955000+00:00,,4,Nilwala Ganga,Pitabeddara,1ec01e4c-8f11-4133-94fd-cf8948194182,6.5,5,1522489,0,1.27
2026-10-03T09:31:48.779000+00:00,,2026-10-03T09:31:48.779000+00:00,,4.8,Kelani Ganga,Deraniyagala,68c1d479-5e2d-40ca-8bbd-cc5dbe71faa0,7,5.8,1522488,4.6,0.77
2026-10-03T09:31:42.107000+00:00,,2026-10-03T09:31:42.107000+00:00,,5,Malwathu Oya,Thanthirimale,ef92fe52-0d3a-477b-8378-a393c54f9224,7.8,6.8,1522487,0,0.41
2026-10-03T09:31:24.751000+00:00,,2026-10-03T09:31:24.751000+00:00,,3,Mahaweli Ganga,Manampitiya,d96d368e-7b2e-49b1-b8c8-c1d0d85fc745,6,4.3,1522486,0,-0.29
2026-10-03T09:31:22.296000+00:00,,2026-10-03T09:31:22.296000+00:00,,4.75,Deduru Oya,Moragaswewa,afbe1e87-8ad5-4d76-8e11-8d19d89fa84f,7,6,1522485,0,-0.08
2026-10-03T09:31:18.357000+00:00,,2026-10-03T09:31:18.357000+00:00,,4,Ma Oya,Yaka Wewa,da1718b4-c793-43be-aa7a-f8e14d6d44fd,6,5,1522484,0,0.4
2026-10-03T09:31:13.875000+00:00,,2026-10-03T09:31:13.875000+00:00,,4.4,Kirindi Oya,Wellawaya,5f6231c4-3992-428b-8e9a-b57685e57105,5.9,5.4,1522483,0,0.83
2026-10-03T09:30:47.142000+00:00,,2026-10-03T09:30:47.142000+00:00,,,Gal Oya,Ampara,f877500d-7272-41fd-bd7e-647a2b4f6125,,,1522482,0,0
2026-10-03T09:30:30.946000+00:00,,2026-10-03T09:30:30.946000+00:00,,4.5,Heda Oya,Siyambalanduwa,bc7ae44e-100b-438d-9a3f-f1280fb160fe,7,6,1522481,0,0.39
2026-10-03T09:30:11.004000+00:00,,2026-10-03T09:30:11.004000+00:00,,5,Kumbukkan Oya,Nakkala,cfabb3bd-c022-4443-bf46-cf7a0a9119a8,7.5,6,1522480,0,0.54
2026-10-03T09:30:10.455000+00:00,,2026-10-03T09:30:10.455000+00:00,,6,Yan Oya,Horowpothana,0497cb69-b409-4883-8cf0-52216d270551,10.5,7.5,1522479,0,1.64
2026-10-03T08:40:24.886000+00:00,,2026-10-03T08:40:24.886000+00:00,,4,Kalu Ganga,Magura,92a2fb18-15ae-4d6a-a50b-4bca3332ef18,7.5,6,1522478,0,1.8
2026-10-03T08:37:56.941000+00:00,,2026-10-03T08:37:56.941000+00:00,,3.5,Gin Ganga,Baddegama,14ba4f40-5710-401b-a684-cc380e1c2da5,5,4,1522477,0,2.42
2026-10-03T08:36:07.345000+00:00,,2026-10-03T08:36:07.345000+00:00,,6.9,Kirindi Oya,Kuda Oya,27799fe5-b472-4c11-a75f-21bd0c076902,8.8,8.4,1522476,0,1.06
2026-10-03T08:35:45.258000+00:00,,2026-10-03T08:35:45.258000+00:00,,5.2,Kalu Ganga,Rathnapura,bc368350-870e-4607-aff0-1a5dee006922,9.5,7.5,1522475,0,1.84
2026-10-03T08:35:04.217000+00:00,,2026-10-03T08:35:04.217000+00:00,,5,Maha Oya,Badalgama,2dd71d0e-993e-4a4a-84c8-5c8e8bb17691,9.6,6.2,1522474,0,2.28
2026-10-03T08:34:48.903000+00:00,,2026-10-03T08:34:48.903000+00:00,,15,Kelani Ganga,Glencourse,5de481d4-f05b-4821-8c2a-ec13b059fff0,19,15.5,1522473,0,10.34
2026-10-03T08:34:42.725000+00:00,,2026-10-03T08:34:42.725000+00:00,,4,Nilwala Ganga,Pitabeddara,ad116aac-d2b8-487b-80be-b1739ef2ae5c,6.5,5,1522472,0,1.29
2026-10-03T08:34:41.493000+00:00,,2026-10-03T08:34:41.493000+00:00,,4.8,Kelani Ganga,Deraniyagala,857fbf46-148e-4205-bbce-5513687d7cf2,7,5.8,1522471,0,0.78
2026-10-03T08:34:06.608000+00:00,,2026-10-03T08:34:06.608000+00:00,,6.9,Kirindi Oya,Kuda Oya,562a20fe-9d99-45ca-b88b-2574d6c3f07d,8.8,8.4,1522470,0,1.06
2026-10-03T08:34:06.468000+00:00,,2026-10-03T08:34:06.468000+00:00,,4.84,Mee Oya,Galgamuwa,f21ac417-5e14-40a5-a702-4a7687026e79,8,5.94,1522469,0,0.01
2026-10-03T08:33:56.877000+00:00,,2026-10-03T08:33:56.877000+00:00,,4.5,Heda Oya,Siyambalanduwa,e394f53f-dc33-4f33-a542-f4133dfb6025,7,6,1522468,0,0.4
2026-10-03T08:33:56.761000+00:00,,2026-10-03T08:33:56.761000+00:00,,3.5,Mahaweli Ganga,Nawalapitiya,b758b3ea-09c7-4121-940d-143c1ea2701d,6,5,1522467,0.8,1.35
2026-10-03T08:33:45.084000+00:00,,2026-10-03T08:33:45.084000+00:00,,3,Kelani Ganga,Holombuwa,8ba6b814-95e0-4a78-9970-395e26f32670,6,4,1522466,0,0.57
2026-10-03T08:33:36.545000+00:00,,2026-10-03T08:33:36.545000+00:00,,4,Kelani Ganga,Nagalagam Street,95846f54-84ae-474e-8c7d-26f6f0bb2641,7,5,1522465,,1.6
2026-10-03T08:33:27.440000+00:00,,2026-10-03T08:33:27.440000+00:00,,5,Mahaweli Ganga,Peradeniya,9f1abc35-c15f-44cd-a021-f7410f22f3ce,9,7,1522464,1,1.9
2026-10-03T08:33:24.623000+00:00,,2026-10-03T08:33:24.623000+00:00,,4,Menik Ganga,Katharagama,2546728e-b17d-4749-a848-981d2421eac1,6.5,4.6,1522463,0,-0.22
2026-10-03T08:33:21.543000+00:00,,2026-10-03T08:33:21.543000+00:00,,1.5,Kelani Ganga,Norwood,7e12b78c-715c-48a9-b97d-dd5cb68c1234,4.5,3,1522462,0,0.83
2026-10-03T08:33:15.983000+00:00,,2026-10-03T08:33:15.983000+00:00,,10,Kalu Ganga,Ellagawa,fc2497a3-241d-4a36-b5c7-25fe6487834e,12.2,10.7,1522461,0,6.25
2026-10-03T08:33:14.716000+00:00,,2026-10-03T08:33:14.716000+00:00,,6.5,Kelani Ganga,Hanwella,84d889d7-0a15-4161-9a69-b0568dc3df55,9.5,7.5,1522460,0,2.24
2026-10-03T08:33:08.119000+00:00,,2026-10-03T08:33:08.119000+00:00,,3,Walawe Ganga,Moraketiya,89540591-710d-4f49-aed4-b1313764e60c,7,5,1522459,0,0.73
2026-10-03T08:32:46.400000+00:00,,2026-10-03T08:32:46.400000+00:00,,3,Kelani Ganga,Kithulgala,d9e0cd45-0fbc-48e9-83a6-29c5e59b9a3a,6,4,1522458,0,2.05
2026-10-03T08:32:44.783000+00:00,,2026-10-03T08:32:44.783000+00:00,,4,Gin Ganga,Thawalama,8492303a-334c-4e47-b87e-34cceab60e10,7.5,6,1522457,0,2.18
2026-10-03T08:32:44.263000+00:00,,2026-10-03T08:32:44.263000+00:00,,2.5,Nilwala Ganga,Urawa,1e4e3074-5132-4128-9024-a21ba2c41238,6,4,1522456,0,0.39
2026-10-03T08:32:18.834000+00:00,,2026-10-03T08:32:18.834000+00:00,,6,Yan Oya,Horowpothana,d72f1509-9a80-4f36-b226-909f7f37e571,10.5,7.5,1522455,0,1.64
2026-10-03T08:32:11.756000+00:00,,2026-10-03T08:32:11.756000+00:00,,3,Kalu Ganga,Putupaula,c8d81d70-7fee-46a5-912f-6cc364d31a23,5,4,1522454,0,0.99
2026-10-03T08:32:06.320000+00:00,,2026-10-03T08:32:06.320000+00:00,,5,Kalu Ganga,Kalawellawa (Millakanda),2d7fc974-951d-4b6f-a2bb-ec71ef4849e1,8,6.5,1522453,0,3.32
2026-10-03T08:32:01.527000+00:00,,2026-10-03T08:32:01.527000+00:00,,5.5,Maha Oya,Giriulla,ca38a12f-d05d-49fd-9ff3-0b1e4b033004,7.5,6.5,1522452,0,1.19
2026-10-03T08:31:57.948000+00:00,,2026-10-03T08:31:57.948000+00:00,,4,Maduru Oya,Padiyathalawa,32fc7efa-c457-4a2a-964f-fbba6710a542,6,4.5,1522451,0,0.07
2026-10-03T08:31:45.010000+00:00,,2026-10-03T08:31:45.010000+00:00,,4,Kirindi Oya,Thanamalwila,58de9edf-635d-4007-a8ec-23e7f8279232,5.5,5,1522450,0,0.18
2026-10-03T08:31:44.705000+00:00,,2026-10-03T08:31:44.705000+00:00,,3.3,Aththanagalu Oya,Dunamale,9604e5b6-99e2-408d-8fb7-59c33187794f,5.5,4.4,1522449,0,1.23
2026-10-03T08:31:43.138000+00:00,,2026-10-03T08:31:43.138000+00:00,,4,Ma Oya,Yaka Wewa,b7ff7c5b-c587-4a0b-875e-0421f64b59e0,6,5,1522448,0,0.4
2026-10-03T08:31:42.819000+00:00,,2026-10-03T08:31:42.819000+00:00,,3,Mahaweli Ganga,Manampitiya,f906f147-ba4c-4b05-9007-0d7815032e60,6,4.3,1522447,0,-0.27
2026-10-03T08:31:38.429000+00:00,,2026-10-03T08:31:38.429000+00:00,,4.75,Deduru Oya,Moragaswewa,16dc9564-b798-4c7d-aaf2-fc8b2adab7b6,7,6,1522446,0,-0.08
2026-10-03T08:31:32.334000+00:00,,2026-10-03T08:31:32.334000+00:00,,5,Mahaweli Ganga,Weraganthota,bf46a7b3-e7ef-426b-b74f-95b3f2a3902c,8,6,1522445,0,-3.51
2026-10-03T08:31:16.929000+00:00,,2026-10-03T08:31:16.929000+00:00,,4.4,Kirindi Oya,Wellawaya,abf8c501-9f93-4930-aece-f8c5d37b0fd4,5.9,5.4,1522444,0,0.83
2026-10-03T08:31:08.202000+00:00,,2026-10-03T08:31:08.202000+00:00,,3,Mahaweli Ganga,Thaldena,473a1c44-d8ef-46c3-b047-c8d330819c56,5,4,1522443,0,0.13
2026-10-03T08:31:04.816000+00:00,,2026-10-03T08:31:04.816000+00:00,,1.4,Nilwala Ganga,Thalgahagoda,9c487d88-3905-474e-8faa-cb43921980fb,2.8,1.7,1522442,0,0.91
2026-10-03T08:30:58.044000+00:00,,2026-10-03T08:30:58.044000+00:00,,,Gal Oya,Ampara,1712568c-4b87-4bbf-9251-d597eea202ba,,,1522441,0,0
2026-10-03T08:30:51.582000+00:00,,2026-10-03T08:30:51.582000+00:00,,5,Kumbukkan Oya,Nakkala,17dcb66b-d380-404e-8277-8f505cafccb1,7.5,6,1522440,0,0.54
2026-10-03T08:30:50.806000+00:00,,2026-10-03T08:30:50.806000+00:00,,5,Malwathu Oya,Thanthirimale,2a4ef8cd-6cc0-4760-b2dc-ecbb237989fc,7.8,6.8,1522439,0,0.41
2026-10-03T08:30:14.872000+00:00,,2026-10-03T08:30:14.872000+00:00,,5,Kumbukkan Oya,Nakkala,f149ea53-e7d2-4837-a97c-f540315a5b1f,7.5,6,1522438,0,0.54
2026-10-03T07:50:58.669000+00:00,,2026-10-03T07:50:58.669000+00:00,,5,Nilwala Ganga,Panadugama,7a3fb127-122d-4b69-97b8-0a5134579f82,7.5,6,1522437,0,4.3
2026-10-03T07:47:49.652000+00:00,,2026-10-03T07:47:49.652000+00:00,,3,Mahaweli Ganga,Thaldena,0545eeb2-5b42-4e6a-a786-40dc3ede6dd5,5,4,1522436,0,0.06
2026-10-03T07:46:27.149000+00:00,,2026-10-03T07:46:27.149000+00:00,,4,Kalu Ganga,Magura,8467a242-9dcb-4f00-b048-838bf554b145,7.5,6,1522435,0,1.85
2026-10-03T07:46:14.403000+00:00,,2026-10-03T07:46:14.403000+00:00,,6.9,Kirindi Oya,Kuda Oya,a08216bb-d349-4e2e-86e4-51b199c1dccd,8.8,8.4,1522434,0,1.05
2026-10-03T07:43:50.785000+00:00,,2026-10-03T07:43:50.785000+00:00,,3.5,Gin Ganga,Baddegama,49be0cf0-73e9-4458-8a72-921744185225,5,4,1522433,0,2.43
2026-10-03T07:42:50.423000+00:00,,2026-10-03T07:42:50.423000+00:00,,5.2,Kalu Ganga,Rathnapura,444d63de-f56d-4134-987a-7c9edd0a2ec7,9.5,7.5,1522432,0,1.97
2026-10-03T07:40:11.444000+00:00,,2026-10-03T07:40:11.444000+00:00,,1.5,Kelani Ganga,Norwood,5a26c531-90cd-432a-9c4c-c872ad599483,4.5,3,1522431,0,0.86
2026-10-03T07:38:43.927000+00:00,,2026-10-03T07:38:43.927000+00:00,,4.84,Mee Oya,Galgamuwa,e8f20973-463b-4a4a-bfbf-0cc97aacbc00,8,5.94,1522430,0,0.01
2026-10-03T07:37:40.372000+00:00,,2026-10-03T07:37:40.372000+00:00,,15,Kelani Ganga,Glencourse,f08274b2-4c40-4052-9cfa-89ccfbb2320e,19,15.5,1522429,0,10.42
2026-10-03T07:37:03.843000+00:00,,2026-10-03T07:37:03.843000+00:00,,1.4,Nilwala Ganga,Thalgahagoda,bb4be922-f6ec-4975-9ee9-8037cfcbb7ce,2.8,1.7,1522428,0,0.91
2026-10-03T07:37:02.161000+00:00,,2026-10-03T07:37:02.161000+00:00,,3.3,Aththanagalu Oya,Dunamale,7232bb02-283e-4207-ba27-c8cc210c57bb,5.5,4.4,1522427,0,1.23
2026-10-03T07:36:18.718000+00:00,,2026-10-03T07:36:18.718000+00:00,,3,Walawe Ganga,Moraketiya,3506be2b-13a0-4008-8971-94293a505b72,7,5,1522426,0,0.74
2026-10-03T07:35:54.477000+00:00,,2026-10-03T07:35:54.477000+00:00,,5,Maha Oya,Badalgama,40149043-084b-4f41-9e10-13bc9ed90658,9.6,6.2,1522425,0,2.29
2026-10-03T07:35:06.778000+00:00,,2026-10-03T07:35:06.778000+00:00,,5,Kalu Ganga,Kalawellawa (Millakanda),cbd1b3b3-49c1-47d1-8537-3fab4c35c026,8,6.5,1522424,0,3.36
2026-10-03T07:34:59.626000+00:00,,2026-10-03T07:34:59.626000+00:00,,2.5,Nilwala Ganga,Urawa,924f35ce-a42d-446e-be05-ca128e5881ac,6,4,1522423,0,0.4
2026-10-03T07:34:57.323000+00:00,,2026-10-03T07:34:57.323000+00:00,,3,Kelani Ganga,Holombuwa,d9b1393d-527f-495a-b579-3d86c5e447de,6,4,1522422,0,0.57
2026-10-03T07:34:53.106000+00:00,,2026-10-03T07:34:53.106000+00:00,,5,Mahaweli Ganga,Peradeniya,d02f12ee-0374-41ed-a512-16d9c0272659,9,7,1522421,0,2.14
2026-10-03T07:34:53.077000+00:00,,2026-10-03T07:34:53.077000+00:00,,4,Gin Ganga,Thawalama,9865e3a8-1cbb-4ae9-8c0d-9ddfda878b7e,7.5,6,1522420,0,2.1
2026-10-03T07:34:50.586000+00:00,,2026-10-03T07:34:50.586000+00:00,,4.5,Heda Oya,Siyambalanduwa,7ac4625e-ed5a-4ccf-a436-9162c8e78757,7,6,1522419,0,0.4
2026-10-03T07:34:39.310000+00:00,,2026-10-03T07:34:39.310000+00:00,,4,Kelani Ganga,Nagalagam Street,4781d261-4559-425f-9e54-689eff42be7c,7,5,1522418,,1.3
2026-10-03T07:34:24.080000+00:00,,2026-10-03T07:34:24.080000+00:00,,10,Kalu Ganga,Ellagawa,b216b29f-d096-4483-8adc-e554d33f8c3b,12.2,10.7,1522417,0,6.31
2026-10-03T07:33:59.002000+00:00,,2026-10-03T07:33:59.002000+00:00,,4,Menik Ganga,Katharagama,e7ce9072-34e7-466c-b36d-89a95d154645,6.5,4.6,1522416,0,-0.22
2026-10-03T07:33:37.173000+00:00,,2026-10-03T07:33:37.173000+00:00,,4,Maduru Oya,Padiyathalawa,5a4a29e3-70a9-4192-8f55-5fda6daf1451,6,4.5,1522415,0,0.07
2026-10-03T07:33:30.483000+00:00,,2026-10-03T07:33:30.483000+00:00,,4.8,Kelani Ganga,Deraniyagala,c5125f2f-cee3-4258-bda9-2d608b8ed5a5,7,5.8,1522414,0,0.75
2026-10-03T07:33:30.438000+00:00,,2026-10-03T07:33:30.438000+00:00,,3,Kalu Ganga,Putupaula,9c254536-c0cc-4477-86bf-195c57e26328,5,4,1522413,0,1
2026-10-03T07:33:10.271000+00:00,,2026-10-03T07:33:10.271000+00:00,,6.5,Kelani Ganga,Hanwella,90a9942e-244d-4040-8cd0-33b2a182493c,9.5,7.5,1522412,0,2.29
2026-10-03T07:32:29.978000+00:00,,2026-10-03T07:32:29.978000+00:00,,4,Kirindi Oya,Thanamalwila,e4e1ba88-62e3-4284-8297-1945924fb938,5.5,5,1522411,0,0.18
2026-10-03T07:32:18.806000+00:00,,2026-10-03T07:32:18.806000+00:00,,5.5,Maha Oya,Giriulla,9822a53c-9ce8-4824-b8f5-2f2eeb5c1dbd,7.5,6.5,1522410,0,1.19
2026-10-03T07:32:12.703000+00:00,,2026-10-03T07:32:12.703000+00:00,,4.75,Deduru Oya,Moragaswewa,cff066aa-22f1-4f02-be63-38ce13c3e865,7,6,1522409,0,-0.08
2026-10-03T07:32:05.530000+00:00,,2026-10-03T07:32:05.530000+00:00,,3,Mahaweli Ganga,Manampitiya,19720699-c852-40bb-99a6-8e242725d476,6,4.3,1522408,0,-0.26
2026-10-03T07:31:57.119000+00:00,,2026-10-03T07:31:57.119000+00:00,,4,Ma Oya,Yaka Wewa,f8b5a667-4ca7-43c8-a6ea-fb3a3767e843,6,5,1522407,0,0.4
2026-10-03T07:31:53.934000+00:00,,2026-10-03T07:31:53.934000+00:00,,3.5,Mahaweli Ganga,Nawalapitiya,e86445b3-59be-4fbe-86b6-088279cdb451,6,5,1522406,0,1.36
2026-10-03T07:31:42.486000+00:00,,2026-10-03T07:31:42.486000+00:00,,5,Mahaweli Ganga,Weraganthota,b15b1b46-0625-4a37-be6b-007a3f632b20,8,6,1522405,0,-3.5
2026-10-03T07:31:30.189000+00:00,,2026-10-03T07:31:30.189000+00:00,,4.4,Kirindi Oya,Wellawaya,3153e29a-ef54-461e-a1d2-a14aced5987d,5.9,5.4,1522404,0,0.84
2026-10-03T07:31:09.626000+00:00,,2026-10-03T07:31:09.626000+00:00,,3,Kelani Ganga,Kithulgala,9a57e653-ea12-4e41-b1b2-2bc8a9795e4b,6,4,1522403,0,1.82
2026-10-03T07:30:56.045000+00:00,,2026-10-03T07:30:56.045000+00:00,,5,Malwathu Oya,Thanthirimale,a0c9e6aa-9331-4147-8a4e-3e843e783eef,7.8,6.8,1522402,0,0.41
2026-10-03T07:30:44.249000+00:00,,2026-10-03T07:30:44.249000+00:00,,4,Nilwala Ganga,Pitabeddara,0ad8bdb4-0797-4859-9c3a-ba8c643bedd2,6.5,5,1522401,0,1.3
2026-10-03T07:30:42.679000+00:00,,2026-10-03T07:30:42.679000+00:00,,,Gal Oya,Ampara,dd841ce1-7742-4b6d-a139-5ebfa3bb711f,,,1522400,0,0
2026-10-03T07:30:32.577000+00:00,,2026-10-03T07:30:32.577000+00:00,,6,Yan Oya,Horowpothana,7a89892b-488f-49e9-9bfc-d278b21d38f9,10.5,7.5,1522399,0,1.64
2026-10-03T07:30:22.802000+00:00,,2026-10-03T07:30:22.802000+00:00,,5,Kumbukkan Oya,Nakkala,5da2134b-14e7-4314-a05e-d10ff8d35f5f,7.5,6,1522398,0,0.54
2026-10-03T07:24:50.158000+00:00,,2026-10-03T07:24:50.158000+00:00,,5,Nilwala Ganga,Panadugama,47e829c4-8d6f-4c3c-be25-caa06b001e67,7.5,6,1522397,0,4.3
2026-10-03T06:41:48.919000+00:00,,2026-10-03T06:41:48.919000+00:00,,4.8,Kelani Ganga,Deraniyagala,dec5d339-9c7f-478c-b6a0-83b3fb281eef,7,5.8,1522396,0,0.7
2026-10-03T06:39:50.415000+00:00,,2026-10-03T06:39:50.415000+00:00,,4,Kalu Ganga,Magura,fba5f6c4-2ae0-4755-b0f9-39456770e823,7.5,6,1522395,0,1.89
2026-10-03T06:37:16.674000+00:00,,2026-10-03T06:37:16.674000+00:00,,15,Kelani Ganga,Glencourse,4edd449d-72d2-4374-aa35-80ae81360642,19,15.5,1522394,0,10.49
2026-10-03T06:36:16.536000+00:00,,2026-10-03T06:36:16.536000+00:00,,3.5,Gin Ganga,Baddegama,90874852-32a0-4852-a426-a39f365e7893,5,4,1522393,0,2.43
2026-10-03T06:36:15.740000+00:00,,2026-10-03T06:36:15.740000+00:00,,4,Nilwala Ganga,Pitabeddara,f5a22969-6871-4230-9d30-61aacfa6b229,6.5,5,1522392,0,1.31
2026-10-03T06:36:03.430000+00:00,,2026-10-03T06:36:03.430000+00:00,,4,Menik Ganga,Katharagama,fe7fd460-66fa-48fb-8a13-fbf68f189d6a,6.5,4.6,1522391,0,-0.22
2026-10-03T06:35:59.414000+00:00,,2026-10-03T06:35:59.414000+00:00,,3,Kalu Ganga,Putupaula,77ebf0cb-5c78-46cf-80bb-00a881f29b4f,5,4,1522390,0,1.05
2026-10-03T06:35:58.133000+00:00,,2026-10-03T06:35:58.133000+00:00,,5,Maha Oya,Badalgama,1d463f42-e88b-40d8-8266-d0d360f73cbd,9.6,6.2,1522389,0,2.3
2026-10-03T06:35:57.026000+00:00,,2026-10-03T06:35:57.026000+00:00,,1.5,Kelani Ganga,Norwood,93750fcf-dd22-4722-b663-0cfdcc8de40d,4.5,3,1522388,0,0.86
2026-10-03T06:35:55.905000+00:00,,2026-10-03T06:35:55.905000+00:00,,5,Mahaweli Ganga,Peradeniya,4f26d7cd-e90a-4145-8f4d-5fff7c8d601a,9,7,1522387,0,2.19
2026-10-03T06:35:32.125000+00:00,,2026-10-03T06:35:32.125000+00:00,,1.4,Nilwala Ganga,Thalgahagoda,bbbeb1d6-405a-468a-a5ce-fbd2fbb5344c,2.8,1.7,1522386,0,0.93
2026-10-03T06:34:27.403000+00:00,,2026-10-03T06:34:27.403000+00:00,,2.5,Nilwala Ganga,Urawa,c7b244b1-569a-4b77-9170-05c44cf74bde,6,4,1522385,0,0.41
2026-10-03T06:34:20.609000+00:00,,2026-10-03T06:34:20.609000+00:00,,5,Nilwala Ganga,Panadugama,dba3aa75-250d-4ac6-b1f9-f1ea3c94346c,7.5,6,1522384,0,4.35
2026-10-03T06:34:05.680000+00:00,,2026-10-03T06:34:05.680000+00:00,,5.2,Kalu Ganga,Rathnapura,a3db4101-6ff4-4e0b-a7cc-2ad932a7410d,9.5,7.5,1522383,0,1.98
2026-10-03T06:33:53.207000+00:00,,2026-10-03T06:33:53.207000+00:00,,5,Kalu Ganga,Kalawellawa (Millakanda),d7693f6f-1b35-4e8e-9c64-20bc2e6fb8d9,8,6.5,1522382,0,3.4
2026-10-03T06:33:42.934000+00:00,,2026-10-03T06:33:42.934000+00:00,,3,Mahaweli Ganga,Thaldena,e3030fcd-96cf-43e8-9bf7-8c39151ef0df,5,4,1522381,0,0.1
2026-10-03T06:33:28.959000+00:00,,2026-10-03T06:33:28.959000+00:00,,3,Kelani Ganga,Holombuwa,d8f02e67-41dc-428c-be55-aa0c07cc0584,6,4,1522380,0,0.58
2026-10-03T06:33:09.713000+00:00,,2026-10-03T06:33:09.713000+00:00,,4.4,Kirindi Oya,Wellawaya,e7486877-f894-46df-adce-73319b0dcdf5,5.9,5.4,1522379,0,0.84
2026-10-03T06:33:02.094000+00:00,,2026-10-03T06:33:02.094000+00:00,,4,Kirindi Oya,Thanamalwila,3ee18fb0-16ff-47fb-92ac-83e9c799f96d,5.5,5,1522378,0,0.18
2026-10-03T06:32:54.127000+00:00,,2026-10-03T06:32:54.127000+00:00,,4,Maduru Oya,Padiyathalawa,dd037741-949f-49f3-967b-541eec954900,6,4.5,1522377,0,0.07
2026-10-03T06:32:48.198000+00:00,,2026-10-03T06:32:48.198000+00:00,,4.75,Deduru Oya,Moragaswewa,c2c78f47-869e-4585-beff-6d5231091ea3,7,6,1522376,0,-0.09
2026-10-03T06:32:41.201000+00:00,,2026-10-03T06:32:41.201000+00:00,,4,Kelani Ganga,Nagalagam Street,97004300-0ba5-4848-8be6-28ce00544d5b,7,5,1522375,,0.9
2026-10-03T06:32:32.836000+00:00,,2026-10-03T06:32:32.836000+00:00,,5,Mahaweli Ganga,Weraganthota,f7a076b5-75ae-4d3e-a2d3-6fe1d254eb0c,8,6,1522374,0,-3.48
2026-10-03T06:32:30.941000+00:00,,2026-10-03T06:32:30.941000+00:00,,6.5,Kelani Ganga,Hanwella,3de72d51-92ea-4976-ba2c-4629ef04f38f,9.5,7.5,1522373,0,2.33
2026-10-03T06:32:30.144000+00:00,,2026-10-03T06:32:30.144000+00:00,,10,Kalu Ganga,Ellagawa,2ec556bf-3504-4861-a8ab-7a0ffd9dc920,12.2,10.7,1522372,0,6.38
2026-10-03T06:32:27.697000+00:00,,2026-10-03T06:32:27.697000+00:00,,5.5,Maha Oya,Giriulla,02daeb23-0016-4389-acf4-73cfae990033,7.5,6.5,1522371,0,1.2
2026-10-03T06:32:19.920000+00:00,,2026-10-03T06:32:19.920000+00:00,,4.84,Mee Oya,Galgamuwa,a6f76de5-2d60-42e6-a748-93c0f881f39d,8,5.94,1522370,0,0.01
2026-10-03T06:32:16.105000+00:00,,2026-10-03T06:32:16.105000+00:00,,4,Gin Ganga,Thawalama,1cf30dfe-812c-4376-8582-4ab8c5f09469,7.5,6,1522369,0,2.05
2026-10-03T06:32:14.379000+00:00,,2026-10-03T06:32:14.379000+00:00,,3,Kelani Ganga,Kithulgala,4fcb917d-ba43-4704-a2b0-cba688e0af73,6,4,1522368,0,1.78
2026-10-03T06:32:10.105000+00:00,,2026-10-03T06:32:10.105000+00:00,,6.9,Kirindi Oya,Kuda Oya,eefc9784-750c-4b48-90a6-1821c9253159,8.8,8.4,1522367,0,1.04
2026-10-03T06:32:04.158000+00:00,,2026-10-03T06:32:04.158000+00:00,,3,Mahaweli Ganga,Manampitiya,b7eca57e-33ba-47b9-8b37-89bcf925a3d2,6,4.3,1522366,0,-0.25
2026-10-03T06:31:32.792000+00:00,,2026-10-03T06:31:32.792000+00:00,,4.5,Heda Oya,Siyambalanduwa,8cf54e26-15f1-472f-8b0a-bfad81eb681f,7,6,1522365,0,0.4
2026-10-03T06:31:16.485000+00:00,,2026-10-03T06:31:16.485000+00:00,,4,Ma Oya,Yaka Wewa,094ea362-4469-410f-99f3-3b45f480ac13,6,5,1522364,0,0.4
2026-10-03T06:31:11.750000+00:00,,2026-10-03T06:31:11.750000+00:00,,3.5,Mahaweli Ganga,Nawalapitiya,f464f93b-a230-4f29-9b72-19356dd7e441,6,5,1522363,0,1.36
2026-10-03T06:31:06.586000+00:00,,2026-10-03T06:31:06.586000+00:00,,5,Malwathu Oya,Thanthirimale,bd1b5d81-3664-404b-af83-37bc095d690f,7.8,6.8,1522362,0,0.41
2026-10-03T06:30:56.175000+00:00,,2026-10-03T06:30:56.175000+00:00,,3.3,Aththanagalu Oya,Dunamale,d7a470c2-e3ca-49ba-9cbe-cdf97c6e14d6,5.5,4.4,1522361,0,1.24
2026-10-03T06:30:48.791000+00:00,,2026-10-03T06:30:48.791000+00:00,,6,Yan Oya,Horowpothana,cb563a33-6079-47a1-85d3-42930629da48,10.5,7.5,1522360,0,1.64
2026-10-03T06:30:46.769000+00:00,,2026-10-03T06:30:46.769000+00:00,,,Gal Oya,Ampara,36d1bd48-3388-4958-9d72-e0662b68598a,,,1522359,0,0
2026-10-03T06:30:22.552000+00:00,,2026-10-03T06:30:22.552000+00:00,,3,Walawe Ganga,Moraketiya,699a1b24-433e-44f6-9f51-826b39494a0d,7,5,1522358,0,0.74
2026-10-03T06:30:12.675000+00:00,,2026-10-03T06:30:12.675000+00:00,,5,Kumbukkan Oya,Nakkala,fc157f90-6269-4e05-a7f4-3a206e974df1,7.5,6,1522357,0,0.54
2026-10-03T06:09:06.250000+00:00,,2026-10-03T06:09:06.250000+00:00,,4.75,Deduru Oya,Moragaswewa,b3e93427-964b-4b71-b1c0-38133eb52d1e,7,6,1522356,0,-0.09
2026-10-03T05:42:51.697000+00:00,,2026-10-03T05:42:51.697000+00:00,,3,Walawe Ganga,Moraketiya,b112a433-cd53-4ab2-968f-88b378b9b080,7,5,1522355,0,0.74
2026-10-03T05:42:50.943000+00:00,,2026-10-03T05:42:50.943000+00:00,,3.5,Gin Ganga,Baddegama,071e07e0-0970-4574-80e6-44c00daee36f,5,4,1522354,0,2.45
2026-10-03T05:39:13.585000+00:00,,2026-10-03T05:39:13.585000+00:00,,2.5,Nilwala Ganga,Urawa,8539f210-c78e-4beb-b76f-05fe73756275,6,4,1522353,0,0.41
2026-10-03T05:38:20.500000+00:00,,2026-10-03T05:38:20.500000+00:00,,3,Kalu Ganga,Putupaula,d3486921-3cbd-4004-93da-179880bc8c78,5,4,1522352,0,1.1
2026-10-03T05:36:17.768000+00:00,,2026-10-03T05:36:17.768000+00:00,,4,Nilwala Ganga,Pitabeddara,b9463957-2eec-4442-ad6b-2e3b07ce69ea,6.5,5,1522351,0,1.32
2026-10-03T05:36:16.370000+00:00,,2026-10-03T05:36:16.370000+00:00,,4,Nilwala Ganga,Pitabeddara,7d487c96-c75d-4f24-923e-75379fe5d66c,6.5,5,1522350,0,1.33
2026-10-03T05:35:34.818000+00:00,,2026-10-03T05:35:34.818000+00:00,,5,Mahaweli Ganga,Peradeniya,e97db1b7-ed11-4022-ba6c-b4aed2f8322f,9,7,1522349,0,2.41
2026-10-03T05:35:32.624000+00:00,,2026-10-03T05:35:32.624000+00:00,,6,Yan Oya,Horowpothana,099a7fd1-5398-4c13-8a9b-6f6980482602,10.5,7.5,1522348,0,1.64
2026-10-03T05:35:25.959000+00:00,,2026-10-03T05:35:25.959000+00:00,,1.4,Nilwala Ganga,Thalgahagoda,71ec143f-a91f-43f2-b23e-b0c2fbd4b62c,2.8,1.7,1522347,0,0.95
2026-10-03T05:35:25.070000+00:00,,2026-10-03T05:35:25.070000+00:00,,15,Kelani Ganga,Glencourse,981eb1fe-3091-427c-b11d-faa60d37d989,19,15.5,1522346,0,10.53
2026-10-03T05:35:24.177000+00:00,,2026-10-03T05:35:24.177000+00:00,,5,Maha Oya,Badalgama,e9a5ef78-da72-4b58-9e64-e07527dc3aca,9.6,6.2,1522345,0,2.33
2026-10-03T05:35:10.458000+00:00,,2026-10-03T05:35:10.458000+00:00,,4,Kalu Ganga,Magura,00df111c-5515-4186-bb22-716ee44c8f96,7.5,6,1522344,0,1.98
2026-10-03T05:35:03.111000+00:00,,2026-10-03T05:35:03.111000+00:00,,4.84,Mee Oya,Galgamuwa,ffed2c26-9117-4952-8c81-9e62090fd143,8,5.94,1522343,0,0.01
2026-10-03T05:34:46.601000+00:00,,2026-10-03T05:34:46.601000+00:00,,10,Kalu Ganga,Ellagawa,162685c9-c369-4823-840d-d000356a2a94,12.2,10.7,1522342,0,6.43
2026-10-03T05:34:39.027000+00:00,,2026-10-03T05:34:39.027000+00:00,,3,Mahaweli Ganga,Thaldena,6038ec93-070a-478d-9a95-bcbe5c04d251,5,4,1522341,0,0.13
2026-10-03T05:34:36.554000+00:00,,2026-10-03T05:34:36.554000+00:00,,5.2,Kalu Ganga,Rathnapura,8d4e0f7d-9904-4d98-9566-3bcbf751ba14,9.5,7.5,1522340,0,2.03
2026-10-03T05:34:35.479000+00:00,,2026-10-03T05:34:35.479000+00:00,,5,Kumbukkan Oya,Nakkala,4c34ae84-7014-49b9-be9c-ce55fa3bec34,7.5,6,1522339,0,0.54
2026-10-03T05:34:17.579000+00:00,,2026-10-03T05:34:17.579000+00:00,,4,Maduru Oya,Padiyathalawa,b90f09ac-e434-4fa3-bc92-d3425f708394,6,4.5,1522338,0,0.07
2026-10-03T05:34:01.043000+00:00,,2026-10-03T05:34:01.043000+00:00,,6.9,Kirindi Oya,Kuda Oya,7cfbf641-d2cb-4b1a-9f4b-a0db8b0ab08f,8.8,8.4,1522337,0,1.01
2026-10-03T05:33:51.083000+00:00,,2026-10-03T05:33:51.083000+00:00,,1.5,Kelani Ganga,Norwood,561258ac-8d56-44e5-ae55-6e46eadd6b9e,4.5,3,1522336,0,0.87
2026-10-03T05:33:31.610000+00:00,,2026-10-03T05:33:31.610000+00:00,,4,Menik Ganga,Katharagama,e907c3dd-e5dc-4b06-a811-656d496ef9ef,6.5,4.6,1522335,0,-0.22
2026-10-03T05:33:18.277000+00:00,,2026-10-03T05:33:18.277000+00:00,,6.5,Kelani Ganga,Hanwella,bb27bd77-4ec6-48f4-b4d9-60c0250f07d9,9.5,7.5,1522334,0,2.37
2026-10-03T05:33:15.883000+00:00,,2026-10-03T05:33:15.883000+00:00,,5,Nilwala Ganga,Panadugama,25e021a4-4964-431b-a176-ac42ef429c8e,7.5,6,1522333,0,4.4
2026-10-03T05:33:01.591000+00:00,,2026-10-03T05:33:01.591000+00:00,,4,Kelani Ganga,Nagalagam Street,753fae78-4b8d-417a-a5ef-1d00f37cd3c4,7,5,1522332,,1
2026-10-03T05:32:59.823000+00:00,,2026-10-03T05:32:59.823000+00:00,,3,Kelani Ganga,Holombuwa,729a9d2e-ef86-49e0-a320-8236382a31b5,6,4,1522331,0,0.58
2026-10-03T05:32:56.026000+00:00,,2026-10-03T05:32:56.026000+00:00,,4.75,Deduru Oya,Moragaswewa,e9f0f374-bb9a-455d-8cc7-ca00c21ff7e4,7,6,1522330,0,-0.09
2026-10-03T05:32:47.704000+00:00,,2026-10-03T05:32:47.704000+00:00,,5,Kalu Ganga,Kalawellawa (Millakanda),a015991f-6a1d-46a3-b184-f24aa4e272e9,8,6.5,1522329,0,3.43
2026-10-03T05:32:46.771000+00:00,,2026-10-03T05:32:46.771000+00:00,,5.5,Maha Oya,Giriulla,993c30ff-b091-41e5-b61f-874d35702186,7.5,6.5,1522328,0,1.18
2026-10-03T05:32:32.829000+00:00,,2026-10-03T05:32:32.829000+00:00,,3.3,Aththanagalu Oya,Dunamale,58589792-e9a7-4161-b112-5d291b9df8fd,5.5,4.4,1522327,0,1.24
2026-10-03T05:32:15.297000+00:00,,2026-10-03T05:32:15.297000+00:00,,4,Gin Ganga,Thawalama,5ee16ee5-153a-4f7c-bca7-178495804f9f,7.5,6,1522326,0,2.18
2026-10-03T05:32:15.171000+00:00,,2026-10-03T05:32:15.171000+00:00,,4,Kirindi Oya,Thanamalwila,4f793853-091d-4acc-8b73-6263c6f55211,5.5,5,1522325,0,0.17
2026-10-03T05:32:12.959000+00:00,,2026-10-03T05:32:12.959000+00:00,,4.4,Kirindi Oya,Wellawaya,e59ad521-74c9-4460-802f-88c959431594,5.9,5.4,1522324,0,0.84
2026-10-03T05:32:08.166000+00:00,,2026-10-03T05:32:08.166000+00:00,,4.5,Heda Oya,Siyambalanduwa,a4e10e22-39b4-478a-bc57-b38f12b4dd59,7,6,1522323,0,0.39
2026-10-03T05:32:02.229000+00:00,,2026-10-03T05:32:02.229000+00:00,,3,Kelani Ganga,Kithulgala,ac6e2e89-2862-4d76-b245-5f33fffb003e,6,4,1522322,0,1.78
2026-10-03T05:31:55.559000+00:00,,2026-10-03T05:31:55.559000+00:00,,4.8,Kelani Ganga,Deraniyagala,73ba77e5-11d1-41b8-930b-807f1c6832e4,7,5.8,1522321,0,0.53
2026-10-03T05:31:47.456000+00:00,,2026-10-03T05:31:47.456000+00:00,,4,Ma Oya,Yaka Wewa,1810cca2-a4e5-43e0-befc-cf038b57e804,6,5,1522320,0,0.4
2026-10-03T05:31:44.912000+00:00,,2026-10-03T05:31:44.912000+00:00,,3.5,Mahaweli Ganga,Nawalapitiya,743bdd7e-af90-4b77-8880-bdbb4911ae61,6,5,1522319,0,1.37
2026-10-03T05:31:03.684000+00:00,,2026-10-03T05:31:03.684000+00:00,,3,Mahaweli Ganga,Manampitiya,e54e1b33-8bda-4485-8984-7714c0bce3f7,6,4.3,1522318,0,-0.25
2026-10-03T05:31:00.048000+00:00,,2026-10-03T05:31:00.048000+00:00,,5,Mahaweli Ganga,Weraganthota,e135ac82-dcfb-4355-825b-67ed1d2dcbac,8,6,1522317,0,-3.44
2026-10-03T05:30:53.740000+00:00,,2026-10-03T05:30:53.740000+00:00,,5,Malwathu Oya,Thanthirimale,b866f20e-ccc9-40d3-a98c-52e0e666c955,7.8,6.8,1522316,0,0.42
2026-10-03T05:30:44.055000+00:00,,2026-10-03T05:30:44.055000+00:00,,,Gal Oya,Ampara,4df408c8-f5e3-49d4-899c-6332319a812c,,,1522315,0,0
2026-10-03T04:49:44.783000+00:00,,2026-10-03T04:49:44.783000+00:00,,5,Nilwala Ganga,Panadugama,d86a11c0-733d-4155-a7d3-8dac429f6d94,7.5,6,1522314,0,4.42
2026-10-03T04:44:19.338000+00:00,,2026-10-03T04:44:19.338000+00:00,,4,Kalu Ganga,Magura,e58ac276-c303-4033-939b-714af8879e01,7.5,6,1522313,0,2.09
2026-10-03T04:36:54.725000+00:00,,2026-10-03T04:36:54.725000+00:00,,1.4,Nilwala Ganga,Thalgahagoda,6e8b122f-6408-44e2-9ba8-94df981af09a,2.8,1.7,1522312,0,0.96
2026-10-03T04:36:53.354000+00:00,,2026-10-03T04:36:53.354000+00:00,,5.2,Kalu Ganga,Rathnapura,f616c285-03fb-4d21-9752-7be118b4e88f,9.5,7.5,1522311,0,2.1
2026-10-03T04:36:04.266000+00:00,,2026-10-03T04:36:04.266000+00:00,,3,Kalu Ganga,Putupaula,ee5e2a39-870e-4d17-9535-785318fc584e,5,4,1522310,0,1.09
2026-10-03T04:36:02.734000+00:00,,2026-10-03T04:36:02.734000+00:00,,3,Kelani Ganga,Holombuwa,38935255-99dd-42ea-a6b7-67b9009a0e27,6,4,1522309,0,0.58
2026-10-03T04:35:59.726000+00:00,,2026-10-03T04:35:59.726000+00:00,,3.5,Gin Ganga,Baddegama,536bddf1-9cff-4d16-a790-a79cb881d460,5,4,1522308,0,2.45
2026-10-03T04:35:57.932000+00:00,,2026-10-03T04:35:57.932000+00:00,,,Gal Oya,Ampara,ca3a2a25-46bb-4c7a-b4d6-300bc8a2eefb,,,1522307,0,0
2026-10-03T04:34:57.979000+00:00,,2026-10-03T04:34:57.979000+00:00,,15,Kelani Ganga,Glencourse,f892fa1e-8815-4112-8fdf-3f0e9766b0ec,19,15.5,1522306,0,10.59
2026-10-03T04:34:45.532000+00:00,,2026-10-03T04:34:45.532000+00:00,,4,Gin Ganga,Thawalama,12a0fa7c-8662-4328-8450-402775bfb637,7.5,6,1522305,0,2.25
2026-10-03T04:34:35.509000+00:00,,2026-10-03T04:34:35.509000+00:00,,3,Mahaweli Ganga,Thaldena,6c3ab424-6541-4c5b-acbd-5354d2e323ab,5,4,1522304,0,0.15
2026-10-03T04:34:33.730000+00:00,,2026-10-03T04:34:33.730000+00:00,,4,Kelani Ganga,Nagalagam Street,5cf374be-08c0-43d0-86cc-c298a21c1c3d,7,5,1522303,,1.2
2026-10-03T04:34:21.573000+00:00,,2026-10-03T04:34:21.573000+00:00,,4,Menik Ganga,Katharagama,bbf3b298-1c65-4274-9bf3-219e79c951b0,6.5,4.6,1522302,0,-0.22
2026-10-03T04:34:04.899000+00:00,,2026-10-03T04:34:04.899000+00:00,,3,Walawe Ganga,Moraketiya,27b0eac6-4ecd-4172-8d26-aa3a62bb1a17,7,5,1522301,0,0.75
2026-10-03T04:34:02.126000+00:00,,2026-10-03T04:34:02.126000+00:00,,10,Kalu Ganga,Ellagawa,45e29e1b-4299-4d12-8332-51ced604f9b6,12.2,10.7,1522300,0,6.47
2026-10-03T04:33:52.534000+00:00,,2026-10-03T04:33:52.534000+00:00,,5.5,Maha Oya,Giriulla,1f4b5dc5-6b86-4822-a69b-35fb7ba397e8,7.5,6.5,1522299,0,1.15
2026-10-03T04:33:49.901000+00:00,,2026-10-03T04:33:49.901000+00:00,,5,Mahaweli Ganga,Peradeniya,81238187-fa96-48fb-b6f1-e58715cea257,9,7,1522298,0,2.67
2026-10-03T04:33:23.511000+00:00,,2026-10-03T04:33:23.511000+00:00,,6.5,Kelani Ganga,Hanwella,6c429ae0-3ab5-427d-a215-4e31e6dbef97,9.5,7.5,1522297,0,2.41
2026-10-03T04:33:20.287000+00:00,,2026-10-03T04:33:20.287000+00:00,,1.5,Kelani Ganga,Norwood,7af88178-158b-444b-97e2-fb839f8863a6,4.5,3,1522296,0,0.89
2026-10-03T04:33:16.141000+00:00,,2026-10-03T04:33:16.141000+00:00,,5,Maha Oya,Badalgama,0fdc50d6-e1b3-4b0c-922a-ff1f15a84b84,9.6,6.2,1522295,0,2.38
2026-10-03T04:32:56.701000+00:00,,2026-10-03T04:32:56.701000+00:00,,4.4,Kirindi Oya,Wellawaya,daaaa0b8-5f79-41c9-8093-29420c41c47d,5.9,5.4,1522294,0,0.84
2026-10-03T04:32:37.561000+00:00,,2026-10-03T04:32:37.561000+00:00,,2.5,Nilwala Ganga,Urawa,fbcbb4b4-b7d1-4e3a-ae00-1ac1c69c12ad,6,4,1522293,0,0.42
2026-10-03T04:32:32.883000+00:00,,2026-10-03T04:32:32.883000+00:00,,6.9,Kirindi Oya,Kuda Oya,2f219e1f-67a7-4640-b8b1-7cb13f5c3125,8.8,8.4,1522292,0,1
2026-10-03T04:32:24.349000+00:00,,2026-10-03T04:32:24.349000+00:00,,5,Kalu Ganga,Kalawellawa (Millakanda),efc036b9-3691-4136-be53-87fd8dff51ff,8,6.5,1522291,0,3.45
2026-10-03T04:32:21.260000+00:00,,2026-10-03T04:32:21.260000+00:00,,3.5,Mahaweli Ganga,Nawalapitiya,2e82c163-743d-445f-9d62-9dc4baa1c0c7,6,5,1522290,0,1.37
2026-10-03T04:32:17.539000+00:00,,2026-10-03T04:32:17.539000+00:00,,4.84,Mee Oya,Galgamuwa,5e5ec3cc-540d-4a70-a52c-f7df76567a83,8,5.94,1522289,0,0.01
2026-10-03T04:32:05.595000+00:00,,2026-10-03T04:32:05.595000+00:00,,4.75,Deduru Oya,Moragaswewa,12fe57e3-9d0c-4686-9df4-faae72ca969b,7,6,1522288,0,-0.09
2026-10-03T04:31:50.060000+00:00,,2026-10-03T04:31:50.060000+00:00,,4,Kirindi Oya,Thanamalwila,a23d6967-bea2-4879-8c3f-8553d63896a2,5.5,5,1522287,0,0.17
2026-10-03T04:31:45.334000+00:00,,2026-10-03T04:31:45.334000+00:00,,3,Mahaweli Ganga,Manampitiya,48af2703-2b32-4ccc-8db7-ba207e550502,6,4.3,1522286,0,-0.27
2026-10-03T04:31:34.973000+00:00,,2026-10-03T04:31:34.973000+00:00,,4,Ma Oya,Yaka Wewa,2a16479e-5c6a-453b-aaf1-0dcbcc0e790a,6,5,1522285,0,0.4
2026-10-03T04:31:33.894000+00:00,,2026-10-03T04:31:33.894000+00:00,,3.3,Aththanagalu Oya,Dunamale,ac899fb4-1dc3-4462-b145-004692d50793,5.5,4.4,1522284,0,1.24
2026-10-03T04:31:33.730000+00:00,,2026-10-03T04:31:33.730000+00:00,,6,Yan Oya,Horowpothana,a4fb353e-5d07-419f-87e1-3872b585fa30,10.5,7.5,1522283,0,1.64
2026-10-03T04:31:15.430000+00:00,,2026-10-03T04:31:15.430000+00:00,,4,Maduru Oya,Padiyathalawa,c8fc8cec-5746-481e-983f-a9ba185f624e,6,4.5,1522282,0,0.08
2026-10-03T04:31:11.628000+00:00,,2026-10-03T04:31:11.628000+00:00,,5,Mahaweli Ganga,Weraganthota,46554322-2dd4-4b16-b212-65af51472d1e,8,6,1522281,0,-3.42
2026-10-03T04:31:10.393000+00:00,,2026-10-03T04:31:10.393000+00:00,,3,Kelani Ganga,Kithulgala,90fecad3-d763-4f4c-9cbb-a35bbce3e006,6,4,1522280,0,1.99
2026-10-03T04:31:05.284000+00:00,,2026-10-03T04:31:05.284000+00:00,,4.5,Heda Oya,Siyambalanduwa,c5ecd1c2-dc92-467f-bc0f-f00ad4203325,7,6,1522279,0,0.37
2026-10-03T04:30:29.230000+00:00,,2026-10-03T04:30:29.230000+00:00,,5,Kumbukkan Oya,Nakkala,735d8311-982b-4a69-86da-b90e827c9ad9,7.5,6,1522278,0,0.54
2026-10-03T04:30:23.472000+00:00,,2026-10-03T04:30:23.472000+00:00,,5,Malwathu Oya,Thanthirimale,c37f2758-a82c-496e-b7b8-56fa854a5ad2,7.8,6.8,1522277,0,0.42
2026-10-03T04:07:41.641000+00:00,,2026-10-03T04:07:41.641000+00:00,,5,Nilwala Ganga,Panadugama,f91ef8ef-6b09-4631-acd8-c5d47dcb9075,7.5,6,1522276,0,4.45
2026-10-03T03:42:05.164000+00:00,,2026-10-03T03:42:05.164000+00:00,,4.75,Deduru Oya,Moragaswewa,06a00449-b636-488b-bb91-b15378cb762b,7,6,1522275,0,-0.09
2026-10-03T03:41:01.225000+00:00,,2026-10-03T03:41:01.225000+00:00,,4,Nilwala Ganga,Pitabeddara,9018c4fc-2826-4a2b-95b5-c95a9fdbfed0,6.5,5,1522274,0,1.34
2026-10-03T03:39:52.881000+00:00,,2026-10-03T03:39:52.881000+00:00,,5.2,Kalu Ganga,Rathnapura,d81951ee-be02-4638-b913-7d4d9669719a,9.5,7.5,1522273,0,2.2
2026-10-03T03:39:20.026000+00:00,,2026-10-03T03:39:20.026000+00:00,,4,Kalu Ganga,Magura,32897cad-f354-4238-91f9-923e42068a4e,7.5,6,1522272,0,2.2
2026-10-03T03:38:03.554000+00:00,,2026-10-03T03:38:03.554000+00:00,,5,Nilwala Ganga,Panadugama,0554bebe-021d-4f49-8c6f-5aea4b3bfd60,7.5,6,1522271,0,4.45
2026-10-03T03:38:01.684000+00:00,,2026-10-03T03:38:01.684000+00:00,,4.84,Mee Oya,Galgamuwa,d5480277-2ee8-40a0-9877-381352e98055,8,5.94,1522270,0,0.01
2026-10-03T03:37:36.264000+00:00,,2026-10-03T03:37:36.264000+00:00,,4,Maduru Oya,Padiyathalawa,3bc83054-57cc-46e5-8aed-c146539bdba1,6,4.5,1522269,0,0.08
2026-10-03T03:37:34.693000+00:00,,2026-10-03T03:37:34.693000+00:00,,3.5,Gin Ganga,Baddegama,f4794a75-45b6-4d41-9847-04162a4891f1,5,4,1522268,0,2.45
2026-10-03T03:37:01.284000+00:00,,2026-10-03T03:37:01.284000+00:00,,4,Kelani Ganga,Nagalagam Street,798f93e4-fbde-4d0a-b687-76d660849292,7,5,1522267,,1.3
2026-10-03T03:36:09.887000+00:00,,2026-10-03T03:36:09.887000+00:00,,15,Kelani Ganga,Glencourse,58c55d7f-5bf1-43ee-9671-dbe106a88f64,19,15.5,1522266,0,10.65
2026-10-03T03:35:22.966000+00:00,,2026-10-03T03:35:22.966000+00:00,,6.9,Kirindi Oya,Kuda Oya,52eb177f-1faa-4850-a0ea-9b1eabc169ec,8.8,8.4,1522265,0,1
2026-10-03T03:34:59.044000+00:00,,2026-10-03T03:34:59.044000+00:00,,5,Mahaweli Ganga,Peradeniya,9fdda538-e1e8-4000-a438-4435fc2a4ae9,9,7,1522264,0,2.82
2026-10-03T03:34:04.158000+00:00,,2026-10-03T03:34:04.158000+00:00,,1.5,Kelani Ganga,Norwood,1ed5e465-d503-42ab-aa6d-ac9f6267e09b,4.5,3,1522263,0,0.89
2026-10-03T03:33:57.953000+00:00,,2026-10-03T03:33:57.953000+00:00,,4,Kirindi Oya,Thanamalwila,2126a0a7-17f6-4307-afc8-c7d217c4f6bc,5.5,5,1522262,0,0.17
2026-10-03T03:33:56.421000+00:00,,2026-10-03T03:33:56.421000+00:00,,10,Kalu Ganga,Ellagawa,f75579db-99e4-4dc5-9be0-f9bb0bd99676,12.2,10.7,1522261,0,6.52
2026-10-03T03:33:45.189000+00:00,,2026-10-03T03:33:45.189000+00:00,,5.5,Maha Oya,Giriulla,765338cc-18fe-4c63-8a5a-e1344de180fd,7.5,6.5,1522260,0,1.16
2026-10-03T03:33:34.839000+00:00,,2026-10-03T03:33:34.839000+00:00,,3,Kalu Ganga,Putupaula,0a401b9a-4344-4b20-813e-7469e93cd21b,5,4,1522259,0,1.08
2026-10-03T03:33:29.066000+00:00,,2026-10-03T03:33:29.066000+00:00,,2.5,Nilwala Ganga,Urawa,ff3e0936-4de8-4f26-88fb-4ac947569705,6,4,1522258,0,0.43
2026-10-03T03:33:16.171000+00:00,,2026-10-03T03:33:16.171000+00:00,,6.5,Kelani Ganga,Hanwella,d09c01be-e74f-46de-9dad-9fb36c4aa3d3,9.5,7.5,1522257,0,2.44
2026-10-03T03:33:12.394000+00:00,,2026-10-03T03:33:12.394000+00:00,,5,Maha Oya,Badalgama,af027271-8c50-4b1a-964e-735235c45cdf,9.6,6.2,1522256,0,2.4
2026-10-03T03:33:11.931000+00:00,,2026-10-03T03:33:11.931000+00:00,,3,Kelani Ganga,Holombuwa,602e1ce3-2241-4340-8f5c-61a24e35192e,6,4,1522255,0,0.58
2026-10-03T03:33:09.835000+00:00,,2026-10-03T03:33:09.835000+00:00,,4,Menik Ganga,Katharagama,289eac3b-48db-42c1-8b15-a3fff70038f0,6.5,4.6,1522254,0,-0.23
2026-10-03T03:33:03.420000+00:00,,2026-10-03T03:33:03.420000+00:00,,3.3,Aththanagalu Oya,Dunamale,38dcfa9c-b0e9-4a81-bd82-4987f993af03,5.5,4.4,1522253,0,1.24
2026-10-03T03:32:54.202000+00:00,,2026-10-03T03:32:54.202000+00:00,,5,Kalu Ganga,Kalawellawa (Millakanda),7700fd29-d80e-4931-a0a2-8cb3513ce384,8,6.5,1522252,0,3.45
2026-10-03T03:32:43.037000+00:00,,2026-10-03T03:32:43.037000+00:00,,4.8,Kelani Ganga,Deraniyagala,ee46d96b-f9de-404b-8c61-952c5aee651a,7,5.8,1522251,0,0.75
2026-10-03T03:32:34.750000+00:00,,2026-10-03T03:32:34.750000+00:00,,6,Yan Oya,Horowpothana,d7ca645e-11de-4901-8240-f8afc72bde04,10.5,7.5,1522250,0,1.64
2026-10-03T03:32:19.949000+00:00,,2026-10-03T03:32:19.949000+00:00,,4.5,Heda Oya,Siyambalanduwa,9d85d3e5-3aa6-468f-bd6c-86806e51252d,7,6,1522249,0,0.29
2026-10-03T03:32:05.804000+00:00,,2026-10-03T03:32:05.804000+00:00,,3,Kelani Ganga,Kithulgala,f66ea0f7-9159-4215-bd9d-1b1872ac48e3,6,4,1522248,0,1.93
2026-10-03T03:32:02.696000+00:00,,2026-10-03T03:32:02.696000+00:00,,4,Gin Ganga,Thawalama,2b0a7a47-d154-4df5-b29d-1ce2e36c18e6,7.5,6,1522247,0,2.33
2026-10-03T03:31:55.078000+00:00,,2026-10-03T03:31:55.078000+00:00,,1.4,Nilwala Ganga,Thalgahagoda,a8a7dcab-e821-4c53-90b0-1eda40886973,2.8,1.7,1522246,0,0.97
2026-10-03T03:31:51.352000+00:00,,2026-10-03T03:31:51.352000+00:00,,3,Mahaweli Ganga,Manampitiya,430f38f9-1229-4a38-b04c-13dd47776c18,6,4.3,1522245,0,-0.28
2026-10-03T03:31:43.605000+00:00,,2026-10-03T03:31:43.605000+00:00,,4.4,Kirindi Oya,Wellawaya,9ab0d649-bad0-46f8-9fb2-090ce62942a2,5.9,5.4,1522244,0,0.84
2026-10-03T03:31:37.751000+00:00,,2026-10-03T03:31:37.751000+00:00,,3,Walawe Ganga,Moraketiya,7a64a952-a11a-442a-be91-b3b5e1380c13,7,5,1522243,0,0.78
2026-10-03T03:31:34.731000+00:00,,2026-10-03T03:31:34.731000+00:00,,3,Mahaweli Ganga,Thaldena,b743aced-161e-4828-82cd-53198ff77aac,5,4,1522242,0,0.19
2026-10-03T03:31:32.062000+00:00,,2026-10-03T03:31:32.062000+00:00,,3.5,Mahaweli Ganga,Nawalapitiya,c5103196-5677-4fa8-8287-4bfc25573f1a,6,5,1522241,0,1.37
2026-10-03T03:31:15.749000+00:00,,2026-10-03T03:31:15.749000+00:00,,4,Ma Oya,Yaka Wewa,9482b6fb-73a8-4eec-b19d-eae87bae64cc,6,5,1522240,0,0.4
2026-10-03T03:31:09.662000+00:00,,2026-10-03T03:31:09.662000+00:00,,5,Kumbukkan Oya,Nakkala,06a1a16d-e12c-47f0-a454-6595dbacc17e,7.5,6,1522239,0,0.54
2026-10-03T03:31:06.843000+00:00,,2026-10-03T03:31:06.843000+00:00,,,Gal Oya,Ampara,83360385-3a82-47ac-9440-8ad14faff5b7,,,1522238,0,0
2026-10-03T03:30:43.384000+00:00,,2026-10-03T03:30:43.384000+00:00,,5,Mahaweli Ganga,Weraganthota,51f36923-8388-4ca5-a4da-d381f9980659,8,6,1522237,0,-3.37
2026-10-03T03:30:30.383000+00:00,,2026-10-03T03:30:30.383000+00:00,,5,Malwathu Oya,Thanthirimale,f43aeac0-1e4b-466f-b552-4390f4246b1f,7.8,6.8,1522236,0,0.42
2026-10-03T02:42:05.051000+00:00,,2026-10-03T02:42:05.051000+00:00,,5.5,Maha Oya,Giriulla,a7b24411-cb22-46b5-a1a8-b2e9659861d1,7.5,6.5,1522235,0,1.16
2026-10-03T02:41:50.975000+00:00,,2026-10-03T02:41:50.975000+00:00,,4.8,Kelani Ganga,Deraniyagala,494c1bfe-754e-464c-af9e-1c85136e94b5,7,5.8,1522234,0,0.83
2026-10-03T02:40:28.404000+00:00,,2026-10-03T02:40:28.404000+00:00,,3.5,Gin Ganga,Baddegama,3358f3c3-5d30-4b49-b7f9-46568d812128,5,4,1522233,0,2.43
2026-10-03T02:39:50.093000+00:00,,2026-10-03T02:39:50.093000+00:00,,5,Malwathu Oya,Thanthirimale,81c68696-cb02-487f-9a14-05eadc87f4b2,7.8,6.8,1522232,0,0.42
2026-10-03T02:39:39.336000+00:00,,2026-10-03T02:39:39.336000+00:00,,5,Maha Oya,Badalgama,d40e9fe9-570d-4f06-bde8-3e0421019c16,9.6,6.2,1522231,0,2.43
2026-10-03T02:39:35.045000+00:00,,2026-10-03T02:39:35.045000+00:00,,15,Kelani Ganga,Glencourse,e80216cc-b3c2-4da8-9f35-8ca462837912,19,15.5,1522230,0,10.69
2026-10-03T02:39:31.835000+00:00,,2026-10-03T02:39:31.835000+00:00,,3,Walawe Ganga,Moraketiya,6c37d330-00ec-473e-b277-91a4e770356f,7,5,1522229,0,0.8
2026-10-03T02:38:18.162000+00:00,,2026-10-03T02:38:18.162000+00:00,,3,Kelani Ganga,Holombuwa,9d80ee09-6999-4d4f-8d2e-1d027947bfa3,6,4,1522228,0,0.58
2026-10-03T02:38:15.344000+00:00,,2026-10-03T02:38:15.344000+00:00,,4.84,Mee Oya,Galgamuwa,5b4ea694-3db6-49c6-b89f-cbe68e6c3b75,8,5.94,1522227,0,0.02
2026-10-03T02:36:21.360000+00:00,,2026-10-03T02:36:21.360000+00:00,,10,Kalu Ganga,Ellagawa,32cac986-4a30-41bd-b684-8d150f9ad3d7,12.2,10.7,1522226,0,6.54
2026-10-03T02:36:18.636000+00:00,,2026-10-03T02:36:18.636000+00:00,,3,Mahaweli Ganga,Thaldena,db209c34-1f36-40ed-bb94-d0d991bd4131,5,4,1522225,0,0.15
2026-10-03T02:35:48.692000+00:00,,2026-10-03T02:35:48.692000+00:00,,6.9,Kirindi Oya,Kuda Oya,a5babafb-028f-41ba-9b37-13d4a00c1891,8.8,8.4,1522224,0,0.98
2026-10-03T02:35:47.399000+00:00,,2026-10-03T02:35:47.399000+00:00,,4,Kelani Ganga,Nagalagam Street,651d8c44-7131-4fdb-8289-b57f183f750a,7,5,1522223,,1.4
2026-10-03T02:35:27.310000+00:00,,2026-10-03T02:35:27.310000+00:00,,4,Menik Ganga,Katharagama,aa838776-fa4d-47d2-a3aa-6903f7e9a636,6.5,4.6,1522222,0,-0.23
2026-10-03T02:35:10.614000+00:00,,2026-10-03T02:35:10.614000+00:00,,4,Nilwala Ganga,Pitabeddara,b4a462aa-99b7-493c-9438-11917db87b04,6.5,5,1522221,0,1.36
2026-10-03T02:35:01.185000+00:00,,2026-10-03T02:35:01.185000+00:00,,1.5,Kelani Ganga,Norwood,a415b1d6-3fd7-4877-a055-70589fa3e066,4.5,3,1522220,0,0.9
2026-10-03T02:34:44.198000+00:00,,2026-10-03T02:34:44.198000+00:00,,5,Kumbukkan Oya,Nakkala,56e33e8e-270c-40fd-99e0-60b8b2a2e9dc,7.5,6,1522219,0,0.54
2026-10-03T02:34:03.268000+00:00,,2026-10-03T02:34:03.268000+00:00,,4,Kalu Ganga,Magura,de6fba0a-18e5-4f58-985a-bb1eaa305b8c,7.5,6,1522218,0,2.3
2026-10-03T02:33:50.554000+00:00,,2026-10-03T02:33:50.554000+00:00,,4,Gin Ganga,Thawalama,cbc23a67-fe95-40ce-bb65-46105cd74b84,7.5,6,1522217,0,2.36
2026-10-03T02:33:39.446000+00:00,,2026-10-03T02:33:39.446000+00:00,,6.5,Kelani Ganga,Hanwella,183e59f9-c00f-49d9-bd76-e8dc5f11f5bd,9.5,7.5,1522216,0,2.47
2026-10-03T02:33:32.932000+00:00,,2026-10-03T02:33:32.932000+00:00,,5.2,Kalu Ganga,Rathnapura,d4dab3e3-5f4a-4f7b-aad7-5753f25095d4,9.5,7.5,1522215,0,2.28
2026-10-03T02:33:27.509000+00:00,,2026-10-03T02:33:27.509000+00:00,,2.5,Nilwala Ganga,Urawa,448fc132-915e-4d3c-95c3-097100aec58f,6,4,1522214,0,0.44
2026-10-03T02:33:23.767000+00:00,,2026-10-03T02:33:23.767000+00:00,,3,Kalu Ganga,Putupaula,7ab754e9-673a-445b-85d1-0b4dc1075281,5,4,1522213,0,1.07
2026-10-03T02:32:56.618000+00:00,,2026-10-03T02:32:56.618000+00:00,,3,Mahaweli Ganga,Manampitiya,92fd1728-bd3f-43ba-a11d-50ebce93fb6b,6,4.3,1522212,0,-0.28
2026-10-03T02:32:39.356000+00:00,,2026-10-03T02:32:39.356000+00:00,,3.5,Mahaweli Ganga,Nawalapitiya,5f0ba674-8f4e-4969-8ce4-7572afbfe053,6,5,1522211,0,1.38
2026-10-03T02:32:32.998000+00:00,,2026-10-03T02:32:32.998000+00:00,,5,Kalu Ganga,Kalawellawa (Millakanda),d59df08f-9d4e-453a-92d7-3c5ce1795df1,8,6.5,1522210,0,3.45
2026-10-03T02:32:27.790000+00:00,,2026-10-04T00:33:19.229000+00:00,IEHydrology,4,Maduru Oya,Padiyathalawa,4ac03535-b850-450c-a2a9-8859cbaafdf9,6,4.5,1522209,0,0.08
2026-10-03T02:32:24.468000+00:00,,2026-10-03T02:32:24.468000+00:00,,4.4,Kirindi Oya,Wellawaya,42d005d1-6f95-477b-94d1-acd1308cc899,5.9,5.4,1522208,0,0.84
2026-10-03T02:32:00.367000+00:00,,2026-10-03T02:32:00.367000+00:00,,5,Mahaweli Ganga,Peradeniya,26b384f3-504e-4ccf-9a4e-20c8437ab01c,9,7,1522207,0,2.8
2026-10-03T02:31:42.197000+00:00,,2026-10-03T02:31:42.197000+00:00,,3.3,Aththanagalu Oya,Dunamale,53801279-76eb-4733-9903-db7ab3f1c517,5.5,4.4,1522206,0,1.24
2026-10-03T02:31:40.968000+00:00,,2026-10-03T02:31:40.968000+00:00,,4.75,Deduru Oya,Moragaswewa,f7099577-15f4-4c49-8e85-054ecb645263,7,6,1522205,0,-0.08
2026-10-03T02:31:38.870000+00:00,,2026-10-03T02:31:38.870000+00:00,,5,Mahaweli Ganga,Weraganthota,8a96db7e-0628-45c4-af1d-4cd1c8508115,8,6,1522204,0,-3.34
2026-10-03T02:31:37.466000+00:00,,2026-10-03T02:31:37.466000+00:00,,4,Kirindi Oya,Thanamalwila,d7501fd3-a6a5-4c47-8df3-7b250874d63f,5.5,5,1522203,0,0.18
2026-10-03T02:31:35.872000+00:00,,2026-10-03T02:31:35.872000+00:00,,4,Ma Oya,Yaka Wewa,6cc69249-c7af-4184-9f9f-70da2d98a84d,6,5,1522202,0,0.4
2026-10-03T02:31:17.031000+00:00,,2026-10-03T02:31:17.031000+00:00,,5,Nilwala Ganga,Panadugama,13701401-344a-4070-95b1-131c1d078d72,7.5,6,1522201,0,4.48
2026-10-03T02:31:11.310000+00:00,,2026-10-03T02:31:11.310000+00:00,,3,Kelani Ganga,Kithulgala,7a2c1ca2-0964-4567-a914-31ba8e8d92e1,6,4,1522200,0,1.95
2026-10-03T02:31:09.049000+00:00,,2026-10-03T02:31:09.049000+00:00,,6,Yan Oya,Horowpothana,8f3a0211-67d3-46bb-bbaa-0d3c90b4aab2,10.5,7.5,1522199,0,1.64
2026-10-03T02:31:04.865000+00:00,,2026-10-03T02:31:04.865000+00:00,,4.5,Heda Oya,Siyambalanduwa,18d5ebd3-b74d-432d-bc66-c7cbfe4de681,7,6,1522198,0,0.23
2026-10-03T02:30:58.165000+00:00,,2026-10-03T02:30:58.165000+00:00,,1.4,Nilwala Ganga,Thalgahagoda,03f89a8d-c023-40e9-b909-0381fff983a1,2.8,1.7,1522197,0,0.98
2026-10-03T02:30:40.713000+00:00,,2026-10-03T02:30:40.713000+00:00,,,Gal Oya,Ampara,5e16b3cd-667d-4b48-b7f9-2807d6cf5924,,,1522196,0,0
2026-10-03T02:28:41.709000+00:00,,2026-10-03T02:28:41.709000+00:00,,5,Nilwala Ganga,Panadugama,c886a4d9-32d2-44cb-8c82-e36658ca24c5,7.5,6,1522195,0,4.48
2026-10-03T02:10:13.806000+00:00,,2026-10-03T02:10:13.806000+00:00,,5.5,Maha Oya,Giriulla,a28ed2e6-85be-4ffa-a2be-fd8bdb29b475,7.5,6.5,1522194,0,1.17
2026-10-03T01:56:00.722000+00:00,,2026-10-03T01:56:00.722000+00:00,,4,Nilwala Ganga,Pitabeddara,cd7d2d29-292c-42c6-b0c3-242a7eb9f153,6.5,5,1522193,0,1.38
2026-10-03T01:46:41.464000+00:00,,2026-10-03T01:46:41.464000+00:00,,4,Gin Ganga,Thawalama,f321efc8-d20b-4e1f-8cf6-713266a74576,7.5,6,1522192,0,2.4
2026-10-03T01:43:13.116000+00:00,,2026-10-03T01:43:13.116000+00:00,,2.5,Nilwala Ganga,Urawa,ac741680-30da-4632-aeb7-53fca8b738b9,6,4,1522191,0,0.46
2026-10-03T01:41:12.193000+00:00,,2026-10-03T01:41:12.193000+00:00,,5,Nilwala Ganga,Panadugama,b6fb3ee8-6f8e-4be7-9f90-b4ca916c960f,7.5,6,1522190,0,4.51
2026-10-03T01:40:41.144000+00:00,,2026-10-03T01:40:41.144000+00:00,,3.5,Gin Ganga,Baddegama,4e87648e-9e09-451b-9243-2221966cf744,5,4,1522189,0,2.41
2026-10-03T01:39:13.487000+00:00,,2026-10-03T01:39:13.487000+00:00,,1.4,Nilwala Ganga,Thalgahagoda,05c5dbe8-de40-4985-aabc-b63ee5bf2bd1,2.8,1.7,1522188,0,0.99
2026-10-03T01:37:05.198000+00:00,,2026-10-03T01:37:05.198000+00:00,,3,Kalu Ganga,Putupaula,dbd9d0bb-0255-41fd-b947-5d20aa7f11b1,5,4,1522187,0,1.05
2026-10-03T01:36:54.005000+00:00,,2026-10-03T01:36:54.005000+00:00,,4.84,Mee Oya,Galgamuwa,df197f01-397c-412b-b604-35eecc4b0bd1,8,5.94,1522186,0,0.03
2026-10-03T01:36:52.428000+00:00,,2026-10-03T01:36:52.428000+00:00,,10,Kalu Ganga,Ellagawa,43d648e7-a473-4de5-bc67-0e8b0c9b9342,12.2,10.7,1522185,0,6.55
2026-10-03T01:36:47.253000+00:00,,2026-10-03T01:36:47.253000+00:00,,5,Malwathu Oya,Thanthirimale,5b6c031a-dc2d-4cc6-a806-94ee57b49e9e,7.8,6.8,1522184,0,0.42
2026-10-03T01:36:19.969000+00:00,,2026-10-03T01:36:19.969000+00:00,,4,Kelani Ganga,Nagalagam Street,d7a3e89a-88ed-43f1-9fb2-8e32c7e98457,7,5,1522183,,1.4
2026-10-03T01:36:02.744000+00:00,,2026-10-03T01:36:02.744000+00:00,,15,Kelani Ganga,Glencourse,79f2dc73-74b0-416a-87c8-8b1a0fb28aff,19,15.5,1522182,0,10.71
2026-10-03T01:35:41.701000+00:00,,2026-10-03T01:35:41.701000+00:00,,5,Mahaweli Ganga,Weraganthota,1b773f2f-747d-400d-b9c8-a77b323699db,8,6,1522181,0,-3.29
2026-10-03T01:35:13.678000+00:00,,2026-10-03T01:35:13.678000+00:00,,5.2,Kalu Ganga,Rathnapura,b3f99563-32e8-4ce6-9a74-531ae2ca98f0,9.5,7.5,1522180,0,2.32
2026-10-03T01:34:50.081000+00:00,,2026-10-03T01:34:50.081000+00:00,,3.3,Aththanagalu Oya,Dunamale,d358a166-3f70-4448-b6c6-e15c3e3351f1,5.5,4.4,1522179,0,1.2
2026-10-03T01:34:39.050000+00:00,,2026-10-03T01:34:39.050000+00:00,,3,Walawe Ganga,Moraketiya,340bd16a-d94c-48b8-977a-7a9a363d50a0,7,5,1522178,0,0.8
2026-10-03T01:34:36.358000+00:00,,2026-10-03T01:34:36.358000+00:00,,4,Kirindi Oya,Thanamalwila,55f3eb32-8b29-4dc7-9500-05efde5e4000,5.5,5,1522177,0,0.19
2026-10-03T01:34:04.947000+00:00,,2026-10-03T01:34:04.947000+00:00,,6.5,Kelani Ganga,Hanwella,9502f64d-f01b-48f5-8bfa-539a2938df3f,9.5,7.5,1522176,0,2.51
2026-10-03T01:33:49.769000+00:00,,2026-10-03T01:33:49.769000+00:00,,1.5,Kelani Ganga,Norwood,8d1683bd-7853-4044-9503-dde77928e990,4.5,3,1522175,0,0.99
2026-10-03T01:33:43.553000+00:00,,2026-10-03T01:33:43.553000+00:00,,4,Maduru Oya,Padiyathalawa,71a18dec-eb48-435f-aa2d-911f6f8490db,6,4.5,1522174,0,0.08
2026-10-03T01:33:35.737000+00:00,,2026-10-03T01:33:35.737000+00:00,,4,Kalu Ganga,Magura,7f2b8500-8860-4c15-937f-76f0a26afa7b,7.5,6,1522173,0,2.38
2026-10-03T01:33:26.049000+00:00,,2026-10-03T01:33:26.049000+00:00,,4,Menik Ganga,Katharagama,1fa88261-10ce-4043-aefa-7b498cfa1eb4,6.5,4.6,1522172,0,-0.24
2026-10-03T01:33:16.839000+00:00,,2026-10-03T01:33:16.839000+00:00,,4.8,Kelani Ganga,Deraniyagala,b025cb22-8052-4353-94ea-9cd8d8818d65,7,5.8,1522171,0,0.88
2026-10-03T01:33:12.898000+00:00,,2026-10-03T01:33:12.898000+00:00,,5,Maha Oya,Badalgama,1144daf3-c68b-49b3-ab7c-94bf01cc0737,9.6,6.2,1522170,0,2.45
2026-10-03T01:32:49.408000+00:00,,2026-10-03T01:32:49.408000+00:00,,5,Mahaweli Ganga,Peradeniya,730a9750-88dc-41f3-8d5d-9cb848bf4c54,9,7,1522169,0,2.79
2026-10-03T01:32:28.963000+00:00,,2026-10-03T01:32:28.963000+00:00,,4.5,Heda Oya,Siyambalanduwa,5dc0e0b3-f535-44e4-b93c-3050ef2af913,7,6,1522168,0,0.2
2026-10-03T01:32:21.644000+00:00,,2026-10-03T01:32:21.644000+00:00,,3,Kelani Ganga,Kithulgala,54a03373-534e-49c2-9659-5c21e4e1f9b7,6,4,1522167,0,2.05
2026-10-03T01:32:20.990000+00:00,,2026-10-03T01:32:20.990000+00:00,,5,Kalu Ganga,Kalawellawa (Millakanda),c1181485-eb17-4b88-8742-522b873f8bb7,8,6.5,1522166,0,3.44
2026-10-03T01:32:18.043000+00:00,,2026-10-03T01:32:18.043000+00:00,,1.4,Nilwala Ganga,Thalgahagoda,e950bf5e-2694-448c-b06b-117bc5155506,2.8,1.7,1522165,0,0.99
2026-10-03T01:31:57.755000+00:00,,2026-10-03T01:31:57.755000+00:00,,4.4,Kirindi Oya,Wellawaya,e3b83203-6020-49d8-8a7a-51c1a4066cd5,5.9,5.4,1522164,0,0.84
2026-10-03T01:31:55.185000+00:00,,2026-10-03T01:31:55.185000+00:00,,4.75,Deduru Oya,Moragaswewa,dfe1f6d9-3951-40ca-8206-762aa89c4295,7,6,1522163,0,-0.08
2026-10-03T01:31:43.936000+00:00,,2026-10-03T01:31:43.936000+00:00,,4,Ma Oya,Yaka Wewa,fde8ffc8-cd68-451e-a7c7-c47ff1360d9b,6,5,1522162,0,0.4
2026-10-03T01:31:37.571000+00:00,,2026-10-03T01:31:37.571000+00:00,,,Gal Oya,Ampara,7de1078d-d3c1-49bc-afc1-b62e3dc3d8c7,,,1522161,0,0
2026-10-03T01:31:36.528000+00:00,,2026-10-03T01:31:36.528000+00:00,,6.9,Kirindi Oya,Kuda Oya,e730988c-3d5c-4e07-840a-dedb8bdefa02,8.8,8.4,1522160,0,0.97
2026-10-03T01:31:32.655000+00:00,,2026-10-03T01:31:32.655000+00:00,,3,Mahaweli Ganga,Manampitiya,7cfc4000-2a3e-4ec9-911b-7dbfb9b91237,6,4.3,1522159,0,-0.27
2026-10-03T01:31:31.193000+00:00,,2026-10-03T01:31:31.193000+00:00,,3,Mahaweli Ganga,Thaldena,357b6500-abca-4387-9e83-6f87658a6808,5,4,1522158,0,0.15
2026-10-03T01:31:30.792000+00:00,,2026-10-03T01:31:30.792000+00:00,,3,Kelani Ganga,Holombuwa,ae40076f-e7bf-4fdb-acef-36477a84d07e,6,4,1522157,0,0.59
2026-10-03T01:31:05.051000+00:00,,2026-10-03T01:31:05.051000+00:00,,3.5,Mahaweli Ganga,Nawalapitiya,fddb8329-8380-44d9-9dcb-e32e9816821d,6,5,1522156,0,1.4
2026-10-03T01:30:49.305000+00:00,,2026-10-03T01:30:49.305000+00:00,,6,Yan Oya,Horowpothana,67b809f7-4537-4657-bf18-028e7883eb7b,10.5,7.5,1522155,0,1.64
2026-10-03T01:30:08.972000+00:00,,2026-10-03T01:30:08.972000+00:00,,5,Kumbukkan Oya,Nakkala,171c307a-6783-4cb6-aec7-e8119499b8a0,7.5,6,1522154,0,0.54
2026-10-03T01:01:56.289000+00:00,,2026-10-03T01:01:56.289000+00:00,,4.84,Mee Oya,Galgamuwa,aa73d936-7cb0-4cfe-8060-16686630f07f,8,5.94,1522153,0,0.03
2026-10-03T00:57:52.013000+00:00,,2026-10-03T00:57:52.013000+00:00,,5,Kalu Ganga,Kalawellawa (Millakanda),f54222b3-bd7b-4d60-be43-46362cbb9bcb,8,6.5,1522152,0,3.32
2026-10-03T00:43:15.550000+00:00,,2026-10-03T00:43:15.550000+00:00,,4,Gin Ganga,Thawalama,af0d450d-26ec-42f8-a3b8-cc7dd93fd579,7.5,6,1522151,0,2.58
2026-10-03T00:43:14.389000+00:00,,2026-10-03T00:43:14.389000+00:00,,1.4,Nilwala Ganga,Thalgahagoda,5d4ba6a2-99b0-4b01-8d5c-8a826f85444b,2.8,1.7,1522150,0,1
2026-10-03T00:40:38.448000+00:00,,2026-10-03T00:40:38.448000+00:00,,4,Kelani Ganga,Nagalagam Street,59267347-6d3d-473f-bad8-8f3b3437c1f6,7,5,1522149,,1.7
2026-10-03T00:38:43.806000+00:00,,2026-10-03T00:38:43.806000+00:00,,4,Kirindi Oya,Thanamalwila,e38bdc38-29f9-48a0-b1a8-2cf7fd993470,5.5,5,1522148,0,0.19
2026-10-03T00:37:13.151000+00:00,,2026-10-03T00:37:13.151000+00:00,,3,Kelani Ganga,Holombuwa,19007bc5-f7aa-43e2-9b0e-dc7e0f0c4585,6,4,1522147,0,0.6
2026-10-03T00:37:09.105000+00:00,,2026-10-03T00:37:09.105000+00:00,,6.5,Kelani Ganga,Hanwella,b7b2571f-ad9e-47db-833f-cc1e44878396,9.5,7.5,1522146,0,2.56
2026-10-03T00:36:54.674000+00:00,,2026-10-03T00:36:54.674000+00:00,,4.75,Deduru Oya,Moragaswewa,2bb2b2c7-61df-4887-a88e-4635ce060637,7,6,1522145,0,-0.07
2026-10-03T00:36:51.475000+00:00,,2026-10-03T00:36:51.475000+00:00,,3,Kelani Ganga,Kithulgala,4d4f0a47-4079-40ad-b254-858f0942ba58,6,4,1522144,0,2.1
2026-10-03T00:35:55.373000+00:00,,2026-10-03T00:35:55.373000+00:00,,4.8,Kelani Ganga,Deraniyagala,297c299d-fb4a-4c5e-a445-5fb8a57bbaf1,7,5.8,1522143,0,0.84
2026-10-03T00:34:54.236000+00:00,,2026-10-03T00:34:54.236000+00:00,,5,Mahaweli Ganga,Peradeniya,2107c441-e557-4c08-9a46-f20b6d38517f,9,7,1522142,0,2.92
2026-10-03T00:34:46.897000+00:00,,2026-10-03T00:34:46.897000+00:00,,4,Menik Ganga,Katharagama,5f5ff2cf-abbd-4dd6-a19d-e24006adf696,6.5,4.6,1522141,0,-0.25
2026-10-03T00:34:36.924000+00:00,,2026-10-03T00:34:36.924000+00:00,,3.5,Gin Ganga,Baddegama,b2805aea-73af-4240-8a24-501aa7597f6c,5,4,1522140,0,2.38
2026-10-03T00:34:22.931000+00:00,,2026-10-03T00:34:22.931000+00:00,,4,Maduru Oya,Padiyathalawa,32cbdef6-c020-42ff-b30c-01af1d6923f1,6,4.5,1522139,0,0.08
2026-10-03T00:34:07.893000+00:00,,2026-10-03T00:34:07.893000+00:00,,5.5,Maha Oya,Giriulla,f20a0812-7ad7-4478-a979-46becdedec74,7.5,6.5,1522138,0,1.17
2026-10-03T00:33:58.967000+00:00,,2026-10-03T00:33:58.967000+00:00,,3.3,Aththanagalu Oya,Dunamale,4e8a4f06-dd59-4099-bf60-863a5b66b3a1,5.5,4.4,1522137,0,1.14
2026-10-03T00:33:25.004000+00:00,,2026-10-03T00:33:25.004000+00:00,,3,Kalu Ganga,Putupaula,8861317a-0d8f-4e1a-97ea-838bc64ecbeb,5,4,1522136,0,0.7
2026-10-03T00:33:04.521000+00:00,,2026-10-03T00:33:04.521000+00:00,,5,Maha Oya,Badalgama,fab280d2-c810-4ee2-8e06-fa72bda6efd7,9.6,6.2,1522135,0,2.45
2026-10-03T00:33:01.540000+00:00,,2026-10-03T00:33:01.540000+00:00,,10,Kalu Ganga,Ellagawa,5be28033-7251-47e8-adaf-4282185f5889,12.2,10.7,1522134,0,6.54
2026-10-03T00:32:54.912000+00:00,,2026-10-03T00:32:54.912000+00:00,,2.5,Nilwala Ganga,Urawa,b20ff5db-3a9b-4453-92bd-e38610dee121,6,4,1522133,0,0.48
2026-10-03T00:32:52.977000+00:00,,2026-10-03T00:32:52.977000+00:00,,4.4,Kirindi Oya,Wellawaya,5ca21ce9-6cef-4e48-b3d4-1de1690cf7ad,5.9,5.4,1522132,0,0.83
2026-10-03T00:32:45.874000+00:00,,2026-10-03T00:32:45.874000+00:00,,5,Nilwala Ganga,Panadugama,e79627b4-4766-4688-90ee-a11f8a6fb1c4,7.5,6,1522131,0,4.55
2026-10-03T00:32:45.733000+00:00,,2026-10-03T00:32:45.733000+00:00,,4.5,Heda Oya,Siyambalanduwa,aea79509-4336-4f1d-83a9-fc729723606e,7,6,1522130,0,0.2
2026-10-03T00:32:41.346000+00:00,,2026-10-03T00:32:41.346000+00:00,,15,Kelani Ganga,Glencourse,799d7019-dc48-4144-b3c6-a15dd3c8cedd,19,15.5,1522129,0,10.74
2026-10-03T00:32:31.027000+00:00,,2026-10-03T00:32:31.027000+00:00,,4,Kalu Ganga,Magura,986da3ce-3d36-481b-9b98-ac7f60591c2c,7.5,6,1522128,0,2.45
2026-10-03T00:32:28.022000+00:00,,2026-10-03T00:32:28.022000+00:00,,1.5,Kelani Ganga,Norwood,f23af303-238c-4567-b235-9319d26125fc,4.5,3,1522127,0,0.99
2026-10-03T00:32:25.174000+00:00,,2026-10-03T00:32:25.174000+00:00,,5,Kumbukkan Oya,Nakkala,9edb4657-b98c-4315-9328-61259a145946,7.5,6,1522126,0,0.54
2026-10-03T00:32:20.776000+00:00,,2026-10-03T00:32:20.776000+00:00,,3,Mahaweli Ganga,Manampitiya,fc1236df-d6cb-4f71-af93-9bf618121cc2,6,4.3,1522125,0,-0.32
2026-10-03T00:32:20.368000+00:00,,2026-10-03T00:32:20.368000+00:00,,3,Walawe Ganga,Moraketiya,b5ba9b36-997e-446a-bb65-85bb82d9a401,7,5,1522124,0,0.8
2026-10-03T00:32:01.257000+00:00,,2026-10-03T00:32:01.257000+00:00,,6,Yan Oya,Horowpothana,30f9d550-84a3-4a46-9050-fa3710979ae4,10.5,7.5,1522123,0,1.64
2026-10-03T00:31:39.739000+00:00,,2026-10-03T00:31:39.739000+00:00,,4,Ma Oya,Yaka Wewa,e35179a1-0c86-439c-b8ab-dda03b55ec64,6,5,1522122,0,0.4
2026-10-03T00:31:32.287000+00:00,,2026-10-03T00:31:32.287000+00:00,,3,Mahaweli Ganga,Thaldena,3c463ffa-cd13-4cb6-816d-2c9f4d65716b,5,4,1522121,0,0.15
2026-10-03T00:31:28.597000+00:00,,2026-10-03T00:31:28.597000+00:00,,5.2,Kalu Ganga,Rathnapura,d72e8ee0-6829-4fe6-9eaf-977937566097,9.5,7.5,1522120,0,2.34
2026-10-03T00:31:22.931000+00:00,,2026-10-03T00:31:22.931000+00:00,,6.9,Kirindi Oya,Kuda Oya,05be7020-f39d-46af-a139-89ec5cc37b87,8.8,8.4,1522119,0,0.96
2026-10-03T00:31:04.664000+00:00,,2026-10-03T00:31:04.664000+00:00,,5,Mahaweli Ganga,Weraganthota,b0375742-00f8-4186-86dc-099a5cdc8c91,8,6,1522118,0,-3.22
2026-10-03T00:30:46.927000+00:00,,2026-10-03T00:30:46.927000+00:00,,5,Kumbukkan Oya,Nakkala,ad0e5f7f-694b-49e6-8c74-8f1b7733f411,7.5,6,1522117,0,0.54
2026-10-03T00:30:38.413000+00:00,,2026-10-03T00:30:38.413000+00:00,,3.5,Mahaweli Ganga,Nawalapitiya,9c52bd32-5580-4af1-92e2-e1379dd4114e,6,5,1522116,0,1.43
2026-10-03T00:30:36.813000+00:00,,2026-10-03T00:30:36.813000+00:00,,4,Nilwala Ganga,Pitabeddara,278e0ef5-0794-429a-9cbf-ac4790790a5d,6.5,5,1522115,0,1.4
2026-10-03T00:30:33.858000+00:00,,2026-10-03T00:30:33.858000+00:00,,,Gal Oya,Ampara,ce4bf8eb-54bd-4ead-8c4b-17471f5a0ba4,,,1522114,0,0
2026-10-03T00:11:29.389000+00:00,,2026-10-03T00:11:29.389000+00:00,,4.8,Kelani Ganga,Deraniyagala,52514755-abcc-4bdc-ad41-6c087735e269,7,5.8,1522113,0,0.87
2026-10-03T00:11:05.551000+00:00,,2026-10-03T00:11:05.551000+00:00,,4.8,Kelani Ganga,Deraniyagala,6adceb81-9e35-4a1b-b0f8-496cc7d676a9,7,5.8,1522112,0,0.91
2026-10-03T00:01:05.143000+00:00,,2026-10-03T00:01:05.143000+00:00,,,Gal Oya,Ampara,4e187fc6-af55-42ee-b527-bcb7b4a75a08,,,1522111,0,0
2026-10-02T23:49:10.952000+00:00,,2026-10-02T23:49:10.952000+00:00,,4,Kalu Ganga,Magura,e88972e2-40ef-455a-83ec-fd544c3215e5,7.5,6,1522110,0,2.59
2026-10-02T23:46:10.459000+00:00,,2026-10-02T23:46:10.459000+00:00,,3,Kelani Ganga,Kithulgala,24cf0b15-b508-4da9-b783-4e87e507a3b7,6,4,1522109,0,2
2026-10-02T23:41:15.151000+00:00,,2026-10-02T23:41:15.151000+00:00,,3,Kelani Ganga,Holombuwa,c5265792-50ca-4e83-8e05-5d8d1eb67258,6,4,1522108,0,0.58
2026-10-02T23:40:42.768000+00:00,,2026-10-02T23:40:42.768000+00:00,,5,Nilwala Ganga,Panadugama,e9bf20e2-fe20-4bc3-86af-4efe16fd4c8a,7.5,6,1522107,0,4.6
2026-10-02T23:38:09.186000+00:00,,2026-10-02T23:38:09.186000+00:00,,4,Gin Ganga,Thawalama,91aa99f3-0347-43bf-9ab7-d11cf13f3e5a,7.5,6,1522106,2.2,2.55
2026-10-02T23:37:33.785000+00:00,,2026-10-02T23:37:33.785000+00:00,,6.9,Kirindi Oya,Kuda Oya,65a25a8f-3db3-4f9c-a6b2-2a05c8d4b37d,8.8,8.4,1522105,0,0.96
2026-10-02T23:37:12.744000+00:00,,2026-10-02T23:37:12.744000+00:00,,5.2,Kalu Ganga,Rathnapura,f77005c5-5996-468b-83e5-d502d4327df0,9.5,7.5,1522104,0,2.37
2026-10-02T23:36:22.336000+00:00,,2026-10-02T23:36:22.336000+00:00,,4,Kelani Ganga,Nagalagam Street,22e8d9ea-4d12-4d17-82e4-8e3c4e080ca1,7,5,1522103,,2.1
2026-10-02T23:36:17.035000+00:00,,2026-10-02T23:36:17.035000+00:00,,4,Nilwala Ganga,Pitabeddara,09ef7f51-e324-45b8-b5fb-0e257d789748,6.5,5,1522102,0,1.45
2026-10-02T23:35:43.330000+00:00,,2026-10-02T23:35:43.330000+00:00,,3,Mahaweli Ganga,Thaldena,82d35062-c2e9-40d3-8ee0-887a9dff14b7,5,4,1522101,0,0.15
2026-10-02T23:35:28.984000+00:00,,2026-10-02T23:35:28.984000+00:00,,3.5,Gin Ganga,Baddegama,770031ce-ec4d-4ec3-b437-7be8dcb70887,5,4,1522100,0,2.36
2026-10-02T23:35:19.121000+00:00,,2026-10-02T23:35:19.121000+00:00,,5,Mahaweli Ganga,Peradeniya,25a88bc6-052e-49f2-829c-bd52fc9e9158,9,7,1522099,0,3.12
2026-10-02T23:34:52.381000+00:00,,2026-10-02T23:34:52.381000+00:00,,3,Kalu Ganga,Putupaula,263eec0a-a59f-4c33-8e1c-6ab4a9c61d10,5,4,1522098,0,0.75
2026-10-02T23:34:43.861000+00:00,,2026-10-02T23:34:43.861000+00:00,,5,Maha Oya,Badalgama,494c13f3-e8e7-493a-a685-f6c48e617659,9.6,6.2,1522097,0,2.44
2026-10-02T23:34:06.839000+00:00,,2026-10-02T23:34:06.839000+00:00,,2.5,Nilwala Ganga,Urawa,89b19654-6650-4506-b516-f7779da74c56,6,4,1522096,0,0.53
2026-10-02T23:34:04.339000+00:00,,2026-10-02T23:34:04.339000+00:00,,4,Menik Ganga,Katharagama,aba9ed2a-3201-4f51-9d45-bdfa62e83432,6.5,4.6,1522095,0,-0.27
2026-10-02T23:33:38.150000+00:00,,2026-10-02T23:33:38.150000+00:00,,4.5,Heda Oya,Siyambalanduwa,20db2068-3aa7-41e0-a38e-a08841f79d9f,7,6,1522094,0,0.2
2026-10-02T23:33:17.001000+00:00,,2026-10-02T23:33:17.001000+00:00,,6,Yan Oya,Horowpothana,12657921-a515-447b-96fe-28761391ef24,10.5,7.5,1522093,0,1.64
2026-10-02T23:33:09.328000+00:00,,2026-10-02T23:33:09.328000+00:00,,3.3,Aththanagalu Oya,Dunamale,2727b7f8-ac96-484a-9d28-4b96c70b8dd3,5.5,4.4,1522092,0,1.14
2026-10-02T23:33:04.617000+00:00,,2026-10-02T23:33:04.617000+00:00,,15,Kelani Ganga,Glencourse,f34b1957-4c4b-41e5-b39e-ab8f576f2359,19,15.5,1522091,0,10.76
2026-10-02T23:33:02.305000+00:00,,2026-10-02T23:33:02.305000+00:00,,1.5,Kelani Ganga,Norwood,32f402dd-fe3a-416b-b55e-37c614fe47e9,4.5,3,1522090,0,1.06
2026-10-02T23:32:59.150000+00:00,,2026-10-02T23:32:59.150000+00:00,,4.75,Deduru Oya,Moragaswewa,680fb763-d6f5-440b-9ece-1a42179d3311,7,6,1522089,0,-0.07
2026-10-02T23:32:26.982000+00:00,,2026-10-02T23:32:26.982000+00:00,,5.5,Maha Oya,Giriulla,f5444a4b-4e15-4b12-b7ed-d8cade1e2129,7.5,6.5,1522088,0,1.2
2026-10-02T23:31:47.288000+00:00,,2026-10-02T23:31:47.288000+00:00,,4,Ma Oya,Yaka Wewa,2bc5878a-66d5-481a-9b73-b9471120b8a6,6,5,1522087,0,0.4
2026-10-02T23:31:47.282000+00:00,,2026-10-02T23:31:47.282000+00:00,,5,Mahaweli Ganga,Peradeniya,45a3df1c-2e4b-4f2f-9dca-ab1e326fbfe0,9,7,1522086,0,3.2
2026-10-02T23:31:46.568000+00:00,,2026-10-02T23:31:46.568000+00:00,,5,Kalu Ganga,Kalawellawa (Millakanda),ee9128fa-89fd-4ba4-a54f-94379c5a1e03,8,6.5,1522085,0,3.16
2026-10-02T23:31:39.923000+00:00,,2026-10-02T23:31:39.923000+00:00,,3,Mahaweli Ganga,Manampitiya,9ec6a4ab-1998-46b9-b931-c568a744eb7a,6,4.3,1522084,0,-0.35
2026-10-02T23:31:35.300000+00:00,,2026-10-02T23:31:35.300000+00:00,,6.5,Kelani Ganga,Hanwella,249deeca-f3b7-44f6-81b8-bb397bc6e141,9.5,7.5,1522083,0,2.61
2026-10-02T23:31:18.609000+00:00,,2026-10-02T23:31:18.609000+00:00,,5,Kumbukkan Oya,Nakkala,e5bd2e95-cbd2-4ffb-8ab8-263e9d9d6af3,7.5,6,1522082,0,0.55
2026-10-02T23:31:12.442000+00:00,,2026-10-02T23:31:12.442000+00:00,,10,Kalu Ganga,Ellagawa,385e14de-52ec-45c7-8b8b-e4986c6eb71d,12.2,10.7,1522081,0,6.51
2026-10-02T23:31:11.824000+00:00,,2026-10-02T23:31:11.824000+00:00,,4,Maduru Oya,Padiyathalawa,0d5ddec9-9c83-4ec3-ab77-cb22bbba3498,6,4.5,1522080,0,0.08
2026-10-02T23:30:57.869000+00:00,,2026-10-02T23:30:57.869000+00:00,,3.5,Mahaweli Ganga,Nawalapitiya,f4be461f-8145-4d9e-af68-3884608d8137,6,5,1522079,0,1.45
2026-10-02T23:30:55.873000+00:00,,2026-10-02T23:30:55.873000+00:00,,4.4,Kirindi Oya,Wellawaya,73fa9244-fc0b-4e85-9cb4-d6609a165f73,5.9,5.4,1522078,0,0.83
2026-10-02T23:30:19.150000+00:00,,2026-10-02T23:30:19.150000+00:00,,3,Walawe Ganga,Moraketiya,8889dd6f-7933-49c5-ab25-8118f16a3e78,7,5,1522077,0,0.82
2026-10-02T23:28:57.601000+00:00,,2026-10-02T23:28:57.601000+00:00,,15,Kelani Ganga,Glencourse,672ec18e-0178-467f-bd0e-eaf604240962,19,15.5,1522076,0,10.85
2026-10-02T23:08:35.661000+00:00,,2026-10-02T23:08:35.661000+00:00,,4,Kirindi Oya,Thanamalwila,d23e0d60-30fa-4261-aa70-e1eeb38cc0a5,5.5,5,1522074,0,0.2
2026-10-02T22:57:08.440000+00:00,,2026-10-02T22:57:08.440000+00:00,,4,Kalu Ganga,Magura,7a2d36cf-ef0b-45b4-bd5a-026fa66b483e,7.5,6,1522073,0,2.78
2026-10-02T22:56:31.478000+00:00,,2026-10-02T22:56:31.478000+00:00,,3,Kalu Ganga,Putupaula,c121d532-3361-4048-85c9-36290a02050e,5,4,1522072,0,0.74
2026-10-02T22:53:00.313000+00:00,,2026-10-02T22:53:00.313000+00:00,,5,Kalu Ganga,Kalawellawa (Millakanda),a08e257e-3b91-4d81-a750-71dff3950122,8,6.5,1522071,0,2.96
2026-10-02T22:48:06.602000+00:00,,2026-10-02T22:48:06.602000+00:00,,4,Gin Ganga,Thawalama,81e5a0ed-bcd2-4800-b635-57bb58c97131,7.5,6,1522070,0,2.52
2026-10-02T22:45:49.579000+00:00,,2026-10-02T22:45:49.579000+00:00,,3,Kelani Ganga,Kithulgala,63d7a8de-d422-4b70-a57d-2374c734b402,6,4,1522069,0,2
2026-10-02T22:42:35.259000+00:00,,2026-10-02T22:42:35.259000+00:00,,3,Kelani Ganga,Holombuwa,2fc8563f-ff4a-4cc1-bb75-3388e15d1d70,6,4,1522068,0,0.58
2026-10-02T22:41:53.140000+00:00,,2026-10-02T22:41:53.140000+00:00,,6,Yan Oya,Horowpothana,435332ac-d61c-435a-98b1-06c94c0bfb79,10.5,7.5,1522067,0,1.65
2026-10-02T22:40:10.401000+00:00,,2026-10-02T22:40:10.401000+00:00,,2.5,Nilwala Ganga,Urawa,b7d77b0f-15a8-4d83-99e8-d0ed7ea97d6a,6,4,1522065,0,0.59
2026-10-02T22:37:54.473000+00:00,,2026-10-02T22:37:54.473000+00:00,,5,Nilwala Ganga,Panadugama,361216fd-fd65-4ffa-a282-f2a9d1d10f92,7.5,6,1522064,0,4.65
2026-10-02T22:37:32.854000+00:00,,2026-10-02T22:37:32.854000+00:00,,4,Kelani Ganga,Nagalagam Street,7b437a52-c5be-45e4-9ae8-9b8e23d683e9,7,5,1522063,,1.9
2026-10-02T22:36:41.965000+00:00,,2026-10-02T22:36:41.965000+00:00,,4,Nilwala Ganga,Pitabeddara,1e30a2df-6c66-472d-8829-d72822c01bc2,6.5,5,1522062,0,1.47
2026-10-02T22:36:15.352000+00:00,,2026-10-02T22:36:15.352000+00:00,,3.5,Gin Ganga,Baddegama,996c74d0-acf1-4007-a526-f8d1935f07a4,5,4,1522061,0,2.34
2026-10-02T22:35:26.706000+00:00,,2026-10-02T22:35:26.706000+00:00,,1.4,Nilwala Ganga,Thalgahagoda,ff4b6cb4-f44d-4f2f-93a9-597e2b1ca65d,2.8,1.7,1522060,0,0.92
2026-10-02T22:35:08.103000+00:00,,2026-10-02T22:35:08.103000+00:00,,1.5,Kelani Ganga,Norwood,ba99e6b7-5a18-4dc7-8c56-38d505d923cc,4.5,3,1522059,0,1.08
2026-10-02T22:35:06.791000+00:00,,2026-10-02T22:35:06.791000+00:00,,3,Mahaweli Ganga,Thaldena,ac70ebdf-83e7-47d1-b327-c2f19c65b4f6,5,4,1522058,0,0.21
2026-10-02T22:34:57.026000+00:00,,2026-10-02T22:34:57.026000+00:00,,4.75,Deduru Oya,Moragaswewa,1ff5904a-95c5-483f-8af1-2a914ecb2c19,7,6,1522057,0,-0.07
2026-10-02T22:34:12.612000+00:00,,2026-10-02T22:34:12.612000+00:00,,5.5,Maha Oya,Giriulla,dcb83597-61dc-4503-bd24-be50e199835d,7.5,6.5,1522056,0,1.23
2026-10-02T22:33:46.216000+00:00,,2026-10-02T22:33:46.216000+00:00,,3.3,Aththanagalu Oya,Dunamale,2dae5871-08f6-4df1-a0be-e5aff2752c72,5.5,4.4,1522055,0,1.16
2026-10-02T22:33:04.001000+00:00,,2026-10-02T22:33:04.001000+00:00,,6.5,Kelani Ganga,Hanwella,019157bc-a5ba-4ffd-9f04-1119396606f4,9.5,7.5,1522054,0,2.63
2026-10-02T22:32:39.835000+00:00,,2026-10-02T22:32:39.835000+00:00,,5.2,Kalu Ganga,Rathnapura,8993d734-7b31-4dec-98e3-2ead2baf6534,9.5,7.5,1522053,0,2.4
2026-10-02T22:32:34.349000+00:00,,2026-10-02T22:32:34.349000+00:00,,5,Maha Oya,Badalgama,e8bd7a78-7b00-49db-9c55-4aee8023fe59,9.6,6.2,1522052,0,2.32
2026-10-02T22:31:54.861000+00:00,,2026-10-02T22:31:54.861000+00:00,,4.4,Kirindi Oya,Wellawaya,6f92ad92-afee-4194-8f32-3aaa02b6604a,5.9,5.4,1522051,0,0.83
2026-10-02T22:31:42.394000+00:00,,2026-10-02T22:31:42.394000+00:00,,4,Ma Oya,Yaka Wewa,a5e21dbe-6142-41ec-a852-07e72c8057cf,6,5,1522050,0,0.4
2026-10-02T22:31:27.114000+00:00,,2026-10-02T22:31:27.114000+00:00,,10,Kalu Ganga,Ellagawa,caa5bef5-c839-4037-a085-a0d8b23e0c6f,12.2,10.7,1522049,0,6.5
2026-10-02T22:31:16.060000+00:00,,2026-10-02T22:31:16.060000+00:00,,3.5,Mahaweli Ganga,Nawalapitiya,9839b779-6850-4743-806f-dfd585c67d2c,6,5,1522048,0,1.47
2026-10-02T22:31:11.896000+00:00,,2026-10-02T22:31:11.896000+00:00,,5,Kumbukkan Oya,Nakkala,8d0a9566-8490-458a-aa9f-9f78d2415983,7.5,6,1522047,9,0.55
2026-10-02T22:31:06.680000+00:00,,2026-10-02T22:31:06.680000+00:00,,,Gal Oya,Ampara,a6bcba29-0616-4f7a-888c-0bf521d6cc61,,,1522046,0,0
2026-10-02T22:30:39.209000+00:00,,2026-10-02T22:30:39.209000+00:00,,3,Mahaweli Ganga,Manampitiya,d9bee1e5-eed7-485e-b8c7-0b9a5f6aade1,6,4.3,1522045,0,-0.35
2026-10-02T21:46:34.331000+00:00,,2026-10-02T21:46:34.331000+00:00,,3,Kelani Ganga,Holombuwa,7c260a65-25ba-4401-82b3-04e642e68975,6,4,1522044,0,0.59
2026-10-02T21:45:14.561000+00:00,,2026-10-02T21:45:14.561000+00:00,,3,Kelani Ganga,Kithulgala,55c7f85f-6714-4a14-9f93-f45b4848621c,6,4,1522043,0,2.13
2026-10-02T21:42:50.359000+00:00,,2026-10-02T21:42:50.359000+00:00,,5,Nilwala Ganga,Panadugama,c52fbb00-3218-4e02-92a5-078c9dd8bd47,7.5,6,1522042,0,4.7
2026-10-02T21:42:04.151000+00:00,,2026-10-02T21:42:04.151000+00:00,,3.5,Gin Ganga,Baddegama,2039b044-9db1-49d8-8059-8bc83eca9c82,5,4,1522041,0,2.3
2026-10-02T21:40:49.149000+00:00,,2026-10-02T21:40:49.149000+00:00,,4,Nilwala Ganga,Pitabeddara,9998f80f-b930-4c08-9edb-1d85b4465340,6.5,5,1522040,0,1.5
2026-10-02T21:40:37.220000+00:00,,2026-10-02T21:40:37.220000+00:00,,4,Menik Ganga,Katharagama,72d41577-7f40-4094-bbc7-de6d440eff7f,6.5,4.6,1522039,0,-0.27
2026-10-02T21:39:16.438000+00:00,,2026-10-02T21:39:16.438000+00:00,,2.5,Nilwala Ganga,Urawa,25fe0d56-057d-461c-bd06-f7fac3fb7682,6,4,1522038,0,0.65
2026-10-02T21:38:51.483000+00:00,,2026-10-02T21:38:51.483000+00:00,,4.4,Kirindi Oya,Wellawaya,cee2fe2a-7afb-4c5e-b224-3d9960bb5606,5.9,5.4,1522037,0,0.83
2026-10-02T21:38:45.960000+00:00,,2026-10-02T21:38:45.960000+00:00,,4,Kirindi Oya,Thanamalwila,da2e0e21-9b8e-444c-a6cf-857232bae0ed,5.5,5,1522036,0,0.19
2026-10-02T21:37:49.632000+00:00,,2026-10-02T21:37:49.632000+00:00,,6.5,Kelani Ganga,Hanwella,3d794fc6-7cba-4c5f-a52a-5929654d3417,9.5,7.5,1522035,0,2.63
2026-10-02T21:36:15.871000+00:00,,2026-10-02T21:36:15.871000+00:00,,5,Mahaweli Ganga,Peradeniya,3faede68-5538-4a28-877a-a8dcd2a1458b,9,7,1522034,0,3.2
2026-10-02T21:35:54.766000+00:00,,2026-10-02T21:35:54.766000+00:00,,4.8,Kelani Ganga,Deraniyagala,0d6a6a8b-16bc-4e2b-bc43-a189c57ca38e,7,5.8,1522033,0,0.94
2026-10-02T21:35:36.920000+00:00,,2026-10-02T21:35:36.920000+00:00,,6,Yan Oya,Horowpothana,7fb72b9c-c695-41fc-aa7f-3e69995c17f8,10.5,7.5,1522032,0,1.65
2026-10-02T21:35:33.827000+00:00,,2026-10-02T21:35:33.827000+00:00,,3,Mahaweli Ganga,Thaldena,b697c9a8-8942-48d8-b56d-b573bac7c257,5,4,1522031,0,0.14
2026-10-02T21:35:03.634000+00:00,,2026-10-02T21:35:03.634000+00:00,,5,Kumbukkan Oya,Nakkala,648586c7-9196-452a-9308-e369ecf7893d,7.5,6,1522030,0,0.55
2026-10-02T21:34:54.364000+00:00,,2026-10-02T21:34:54.364000+00:00,,3,Walawe Ganga,Moraketiya,66ea529b-f717-4fee-9836-160151583f6f,7,5,1522029,0,0.82
2026-10-02T21:34:50.320000+00:00,,2026-10-02T21:34:50.320000+00:00,,1.5,Kelani Ganga,Norwood,3139ccaf-b4bb-4861-9aae-8c2e9009719b,4.5,3,1522028,0,1.11
2026-10-02T21:34:43.136000+00:00,,2026-10-02T21:34:43.136000+00:00,,4,Gin Ganga,Thawalama,4bd33fd1-cbf8-4436-b56f-d0ec9f653c15,7.5,6,1522027,0,2.6
2026-10-02T21:34:39.073000+00:00,,2026-10-02T21:34:39.073000+00:00,,3.5,Mahaweli Ganga,Nawalapitiya,bc24b53b-77a8-4eb0-9f0c-b8af0adab998,6,5,1522026,0,1.47
2026-10-02T21:34:35.921000+00:00,,2026-10-02T21:34:35.921000+00:00,,5,Maha Oya,Badalgama,9cf53c3a-8de2-4384-8edc-6ead34b821ad,9.6,6.2,1522025,0,2.24
2026-10-02T21:34:09.318000+00:00,,2026-10-02T21:34:09.318000+00:00,,4,Gin Ganga,Thawalama,02bb630e-19d9-4f65-838a-36779c25c0c7,7.5,6,1522024,0,2.76
2026-10-02T21:34:07.096000+00:00,,2026-10-02T21:34:07.096000+00:00,,4.75,Deduru Oya,Moragaswewa,f914db0b-ae2e-4623-81dd-771ce3acedfc,7,6,1522023,0,-0.06
2026-10-02T21:33:38.002000+00:00,,2026-10-02T21:33:38.002000+00:00,,5.2,Kalu Ganga,Rathnapura,283af830-9dac-45bc-90dc-4efb3cc1f66d,9.5,7.5,1522022,0,2.43
2026-10-02T21:33:17.607000+00:00,,2026-10-02T21:33:17.607000+00:00,,4,Kelani Ganga,Nagalagam Street,0ac5c77b-193d-45f5-813d-ac8dcf263bc9,7,5,1522021,,1.5
2026-10-02T21:33:15.150000+00:00,,2026-10-02T21:33:15.150000+00:00,,5,Kalu Ganga,Kalawellawa (Millakanda),27a1fc7b-701d-4547-b448-836801e3d372,8,6.5,1522020,0,2.8
2026-10-02T21:33:11.428000+00:00,,2026-10-02T21:33:11.428000+00:00,,3.3,Aththanagalu Oya,Dunamale,68486579-1ca2-44c6-a1e9-20ff630a7c2b,5.5,4.4,1522019,0,1.15
2026-10-02T21:33:01.892000+00:00,,2026-10-02T21:33:01.892000+00:00,,15,Kelani Ganga,Glencourse,eef3c459-8b28-4497-8f46-fb795ab23383,19,15.5,1522018,0,10.95
2026-10-02T21:32:56.039000+00:00,,2026-10-02T21:32:56.039000+00:00,,4.5,Heda Oya,Siyambalanduwa,adc66726-6fa5-47c7-a773-47670bc792c7,7,6,1522017,0,0.2
2026-10-02T21:31:54.785000+00:00,,2026-10-02T21:31:54.785000+00:00,,6.9,Kirindi Oya,Kuda Oya,e4e18f7d-2276-484b-b78c-66d5d13c997b,8.8,8.4,1522016,0,0.96
2026-10-02T21:31:50.267000+00:00,,2026-10-02T21:31:50.267000+00:00,,5.5,Maha Oya,Giriulla,50d8561b-af6a-4b51-9708-2f67ddb18ff4,7.5,6.5,1522015,0,1.26
2026-10-02T21:31:39.086000+00:00,,2026-10-02T21:31:39.086000+00:00,,4,Ma Oya,Yaka Wewa,556f0fbe-4000-4f9b-bfcf-2a8f829c6be2,6,5,1522014,0,0.4
2026-10-02T21:31:36.745000+00:00,,2026-10-02T21:31:36.745000+00:00,,3,Mahaweli Ganga,Manampitiya,bd3bb10b-9bb9-4a5d-af0f-5f920c0380dc,6,4.3,1522013,0,-0.32
2026-10-02T21:31:12.373000+00:00,,2026-10-02T21:31:12.373000+00:00,,10,Kalu Ganga,Ellagawa,6c5572b8-692e-4b65-9090-ed71984f711b,12.2,10.7,1522012,0,6.41
2026-10-02T21:30:59.083000+00:00,,2026-10-02T21:30:59.083000+00:00,,,Gal Oya,Ampara,f42e3965-b13c-4406-8f9d-01a617b62c9f,,,1522011,0,0
2026-10-02T21:30:37.709000+00:00,,2026-10-02T21:30:37.709000+00:00,,1.4,Nilwala Ganga,Thalgahagoda,13d77bda-040b-4522-8504-b19abbdd63ea,2.8,1.7,1522010,0,0.85
2026-10-02T21:02:48.726000+00:00,,2026-10-02T21:02:48.726000+00:00,,2.5,Nilwala Ganga,Urawa,b223372f-cc7c-4cef-9390-fe2a02d5e3e0,6,4,1522009,0,0.67
2026-10-02T20:46:55.795000+00:00,,2026-10-02T20:46:55.795000+00:00,,4,Kelani Ganga,Nagalagam Street,01afbeb3-5f45-4aa8-be9c-bca6e1e03bf3,7,5,1522008,,1.2
2026-10-02T20:39:55.706000+00:00,,2026-10-02T20:39:55.706000+00:00,,3.5,Gin Ganga,Baddegama,22a1d0c7-8abb-4983-b07a-71a4be2b9138,5,4,1522007,0,2.25
2026-10-02T20:39:49.604000+00:00,,2026-10-02T20:39:49.604000+00:00,,3,Kelani Ganga,Holombuwa,393d8fe6-ed2d-403b-9691-45b8c9744293,6,4,1522006,0,0.6
2026-10-02T20:38:01.516000+00:00,,2026-10-02T20:38:01.516000+00:00,,3,Kelani Ganga,Kithulgala,460e9710-d2a8-4db5-b388-350f6381a858,6,4,1522005,0,2.19
2026-10-02T20:37:46.789000+00:00,,2026-10-02T20:37:46.789000+00:00,,1.4,Nilwala Ganga,Thalgahagoda,b3d547c0-30ca-463f-819b-a0852a936834,2.8,1.7,1522004,0,0.8
2026-10-02T20:37:26.594000+00:00,,2026-10-02T20:37:26.594000+00:00,,3,Mahaweli Ganga,Thaldena,e5f1a976-737f-4262-a133-b6aa1487e9cd,5,4,1522003,0,0.16
2026-10-02T20:36:41.004000+00:00,,2026-10-02T20:36:41.004000+00:00,,5.2,Kalu Ganga,Rathnapura,82281a33-82cf-4083-b38d-a2f7146a1981,9.5,7.5,1522002,0,2.45
2026-10-02T20:36:36.560000+00:00,,2026-10-02T20:36:36.560000+00:00,,6.5,Kelani Ganga,Hanwella,2a0eaa57-526b-4868-8c10-97d7a8599191,9.5,7.5,1522001,0,2.62
2026-10-02T20:36:24.554000+00:00,,2026-10-02T20:36:24.554000+00:00,,4,Nilwala Ganga,Pitabeddara,1a9fffa8-97db-4eb8-86b6-b5e832a6b641,6.5,5,1522000,0,1.53
2026-10-02T20:34:16.319000+00:00,,2026-10-02T20:34:16.319000+00:00,,4.75,Deduru Oya,Moragaswewa,a25859f2-1bfa-4dbd-8982-777a8783b133,7,6,1521999,0,-0.06
2026-10-02T20:34:11.521000+00:00,,2026-10-02T20:34:11.521000+00:00,,5,Maha Oya,Badalgama,b0dc6f9c-073f-478d-aacb-7495c2ca6a92,9.6,6.2,1521998,0,2.15
2026-10-02T20:34:04.097000+00:00,,2026-10-02T20:34:04.097000+00:00,,5,Kalu Ganga,Kalawellawa (Millakanda),f735cf99-9865-403c-a717-79377b1e8a8a,8,6.5,1521997,0,2.8
2026-10-02T20:33:58.396000+00:00,,2026-10-02T20:33:58.396000+00:00,,4.8,Kelani Ganga,Deraniyagala,a34796ba-5c2a-4937-a488-42ae29cc26a2,7,5.8,1521996,0,1.03
2026-10-02T20:33:53.802000+00:00,,2026-10-02T20:33:53.802000+00:00,,3.3,Aththanagalu Oya,Dunamale,7c48d51b-8b5f-455b-aafa-cb55d5b882c9,5.5,4.4,1521995,0,1.12
2026-10-02T20:33:40.059000+00:00,,2026-10-02T20:33:40.059000+00:00,,4,Menik Ganga,Katharagama,7dac2026-ec87-47f0-b7d6-591979f60684,6.5,4.6,1521994,0,-0.27
2026-10-02T20:33:15.668000+00:00,,2026-10-02T20:33:15.668000+00:00,,1.5,Kelani Ganga,Norwood,20c15f4a-cb89-43e8-8f75-1cdc5029b933,4.5,3,1521993,0,1.12
2026-10-02T20:33:04.432000+00:00,,2026-10-02T20:33:04.432000+00:00,,5.5,Maha Oya,Giriulla,a0dea95e-5353-4493-be4c-e88576c08bcb,7.5,6.5,1521992,0,1.28
2026-10-02T20:32:46.559000+00:00,,2026-10-02T20:32:46.559000+00:00,,5,Kalu Ganga,Kalawellawa (Millakanda),cc87ce80-439c-40b5-b008-b17f46bedcf5,8,6.5,1521991,0,2.92
2026-10-02T20:32:40.626000+00:00,,2026-10-02T20:32:40.626000+00:00,,6.9,Kirindi Oya,Kuda Oya,06ae1bce-2909-47f9-a49a-9534ba186601,8.8,8.4,1521990,0,0.96
2026-10-02T20:32:29.474000+00:00,,2026-10-02T20:32:29.474000+00:00,,6,Yan Oya,Horowpothana,2e56a781-edb6-4ff8-b9db-c13120333e5c,10.5,7.5,1521989,0,1.65
2026-10-02T20:32:11.200000+00:00,,2026-10-02T20:32:11.200000+00:00,,4.5,Heda Oya,Siyambalanduwa,77336c8f-00bc-4ee7-bca3-40f24afabd5b,7,6,1521988,0,0.2
2026-10-02T20:32:07.646000+00:00,,2026-10-02T20:32:07.646000+00:00,,3,Mahaweli Ganga,Manampitiya,335fa82f-6b2f-4c94-81e6-8a174f816a4d,6,4.3,1521987,0,-0.35
2026-10-02T20:32:06.691000+00:00,,2026-10-02T20:32:06.691000+00:00,,4,Ma Oya,Yaka Wewa,800bb691-b105-4bc7-962b-bce614ecfe85,6,5,1521986,0,0.4
2026-10-02T20:31:56.339000+00:00,,2026-10-02T20:31:56.339000+00:00,,15,Kelani Ganga,Glencourse,08a5c1b7-47d2-415f-8192-c81afd108ddd,19,15.5,1521985,0,11.1
2026-10-02T20:31:23.112000+00:00,,2026-10-02T20:31:23.112000+00:00,,10,Kalu Ganga,Ellagawa,57daaaca-782b-4768-8751-f6014bb17eff,12.2,10.7,1521984,0,6.39
2026-10-02T20:31:21.083000+00:00,,2026-10-02T20:31:21.083000+00:00,,3.5,Mahaweli Ganga,Nawalapitiya,2f583173-9f3c-4ffb-b3a3-4be72d4b0af3,6,5,1521983,0,1.47
2026-10-02T20:31:07.905000+00:00,,2026-10-02T20:31:07.905000+00:00,,3,Walawe Ganga,Moraketiya,59f69f41-3cda-4d3c-8494-cc3d1f3dbec5,7,5,1521982,0,0.82
2026-10-02T20:31:03.763000+00:00,,2026-10-02T20:31:03.763000+00:00,,5,Mahaweli Ganga,Peradeniya,85a13daf-5664-48d7-a65c-4c3f95181006,9,7,1521981,0,3.22
2026-10-02T20:30:59.492000+00:00,,2026-10-02T20:30:59.492000+00:00,,4.4,Kirindi Oya,Wellawaya,a9898fa9-066a-4867-9c20-eeff7e152251,5.9,5.4,1521980,0,0.83
2026-10-02T20:30:44.835000+00:00,,2026-10-02T20:30:44.835000+00:00,,5,Kumbukkan Oya,Nakkala,6bd48adc-83a6-4488-9314-771fd0bde402,7.5,6,1521979,0,0.56
2026-10-02T19:49:05.319000+00:00,,2026-10-02T19:49:05.319000+00:00,,4,Gin Ganga,Thawalama,ec208006-8d00-42d9-a0e4-fddbc35b5218,7.5,6,1521978,0,2.87
2026-10-02T19:48:38.443000+00:00,,2026-10-02T19:48:38.443000+00:00,,3,Kelani Ganga,Holombuwa,4dcef3b6-d60f-4087-a266-09435e694f59,6,4,1521977,0,0.6
2026-10-02T19:40:31.427000+00:00,,2026-10-02T19:40:31.427000+00:00,,5.2,Kalu Ganga,Rathnapura,ca92e2af-9c2b-43b0-9f52-ab9bdc096cf5,9.5,7.5,1521976,0,2.53
2026-10-02T19:36:51.098000+00:00,,2026-10-02T19:36:51.098000+00:00,,5,Nilwala Ganga,Panadugama,12b46be7-467d-48b2-9054-7ac8f7477ec1,7.5,6,1521975,0,4.73
2026-10-02T19:36:41.707000+00:00,,2026-10-02T19:36:41.707000+00:00,,1.4,Nilwala Ganga,Thalgahagoda,a53ef9f7-1e7a-4bfd-9b02-7184f37f0a75,2.8,1.7,1521974,0,0.8
2026-10-02T19:36:23.359000+00:00,,2026-10-02T19:36:23.359000+00:00,,4,Kirindi Oya,Thanamalwila,4a16ff63-38d7-4539-ad48-db5c8eef6520,5.5,5,1521973,0,0.19
2026-10-02T19:36:17.422000+00:00,,2026-10-02T19:36:17.422000+00:00,,4,Kelani Ganga,Nagalagam Street,7b02b4ce-17f2-4622-8207-34892ef57ce9,7,5,1521972,,0.8
2026-10-02T19:35:52.297000+00:00,,2026-10-02T19:35:52.297000+00:00,,3.5,Gin Ganga,Baddegama,364df8af-63cc-42c4-bc71-a8d4ec1bff7b,5,4,1521971,0,2.19
2026-10-02T19:35:48.843000+00:00,,2026-10-02T19:35:48.843000+00:00,,6.5,Kelani Ganga,Hanwella,f7d6ee27-fcfb-4c1a-a820-42825b0fe22f,9.5,7.5,1521970,0,2.56
2026-10-02T19:35:34.630000+00:00,,2026-10-02T19:35:34.630000+00:00,,3,Kelani Ganga,Kithulgala,b6dc5af0-1372-4165-aa6c-a09179475d96,6,4,1521969,0,2.28
2026-10-02T19:35:30.104000+00:00,,2026-10-02T19:35:30.104000+00:00,,6,Yan Oya,Horowpothana,df683b2d-7ab2-42b9-8548-5f9b589226df,10.5,7.5,1521968,0,1.65
2026-10-02T19:35:00.912000+00:00,,2026-10-02T19:35:00.912000+00:00,,4,Menik Ganga,Katharagama,1fc275d8-3a8a-4de8-8173-fd9b7c6c5c41,6.5,4.6,1521967,0,-0.27
2026-10-02T19:33:25.440000+00:00,,2026-10-02T19:33:25.440000+00:00,,3.3,Aththanagalu Oya,Dunamale,be9849ce-8756-4125-b11b-3c986ebabd1a,5.5,4.4,1521966,0.3,1.08
2026-10-02T19:33:20.897000+00:00,,2026-10-02T19:33:20.897000+00:00,,4.5,Heda Oya,Siyambalanduwa,386b1794-ddf9-42c5-9cc1-99f29f4b26f6,7,6,1521965,0,0.19
2026-10-02T19:33:14.113000+00:00,,2026-10-02T19:33:14.113000+00:00,,3,Mahaweli Ganga,Thaldena,2b45d892-a04c-47e7-82d7-4ce3adc57c89,5,4,1521964,0,0.14
2026-10-02T19:33:09.941000+00:00,,2026-10-02T19:33:09.941000+00:00,,5,Maha Oya,Badalgama,d4c01d3f-7cd3-449e-b73a-b1bf731dcef3,9.6,6.2,1521963,0.1,2.15
2026-10-02T19:33:09.599000+00:00,,2026-10-02T19:33:09.599000+00:00,,1.5,Kelani Ganga,Norwood,f2c6bee6-f380-4045-a9c9-3d9adae285d2,4.5,3,1521962,0,1.14
2026-10-02T19:32:58.632000+00:00,,2026-10-02T19:32:58.632000+00:00,,5.5,Maha Oya,Giriulla,c08cf2a0-6229-46ab-bed4-6215f1985953,7.5,6.5,1521961,0,1.3
2026-10-02T19:32:58.444000+00:00,,2026-10-02T19:32:58.444000+00:00,,4.8,Kelani Ganga,Deraniyagala,a69e93e8-d28b-4f65-8063-d5cbfc25d7ff,7,5.8,1521960,0,1.06
2026-10-02T19:32:32.824000+00:00,,2026-10-02T19:32:32.824000+00:00,,4,Nilwala Ganga,Pitabeddara,f633f147-5dd1-44ab-878a-dbeaf793400d,6.5,5,1521959,0,1.55
2026-10-02T19:32:26.230000+00:00,,2026-10-02T19:32:26.230000+00:00,,4,Ma Oya,Yaka Wewa,36e3ec3c-d742-4d44-8acf-9f631db067d0,6,5,1521958,0,0.4
2026-10-02T19:32:24.285000+00:00,,2026-10-02T19:32:24.285000+00:00,,3,Kalu Ganga,Putupaula,1d14c96b-7781-4816-a380-f6484d7bb31a,5,4,1521957,0,0.62
2026-10-02T19:31:45.485000+00:00,,2026-10-02T19:31:45.485000+00:00,,3.5,Mahaweli Ganga,Nawalapitiya,0dd6ccb6-b966-467a-91ef-11d79ef3eca4,6,5,1521956,0,1.48
2026-10-02T19:31:40.955000+00:00,,2026-10-02T19:31:40.955000+00:00,,10,Kalu Ganga,Ellagawa,b90f0965-d0ad-4055-af3a-6546f5e42fa4,12.2,10.7,1521955,0,6.3
2026-10-02T19:31:32.136000+00:00,,2026-10-02T19:31:32.136000+00:00,,5,Mahaweli Ganga,Peradeniya,af4c11f2-2055-44be-83bf-0e0c1aff5c27,9,7,1521954,0,3.3
2026-10-02T19:31:31.548000+00:00,,2026-10-02T19:31:31.548000+00:00,,6.9,Kirindi Oya,Kuda Oya,000abf78-21f3-4f5e-8414-351d781c313c,8.8,8.4,1521953,0,0.96
2026-10-02T19:31:22.207000+00:00,,2026-10-02T19:31:22.207000+00:00,,5,Kumbukkan Oya,Nakkala,60971780-6b96-43d7-9ea6-2694578eb72f,7.5,6,1521952,0,0.56
2026-10-02T19:31:15.363000+00:00,,2026-10-02T19:31:15.363000+00:00,,4,Kalu Ganga,Magura,46229f8f-3fc4-4e7b-8aa3-66fa9f766950,7.5,6,1521951,0,2.4
2026-10-02T19:31:02.574000+00:00,,2026-10-02T19:31:02.574000+00:00,,15,Kelani Ganga,Glencourse,6c86eab6-80d8-45e3-989f-9b44c390512a,19,15.5,1521950,0,11.2
2026-10-02T19:31:00.920000+00:00,,2026-10-02T19:31:00.920000+00:00,,15,Kelani Ganga,Glencourse,03172ba2-1da7-4d32-b272-e25368dd9c55,19,15.5,1521949,0,11.25
2026-10-02T19:30:57.172000+00:00,,2026-10-02T19:30:57.172000+00:00,,,Gal Oya,Ampara,4f33d9b9-334c-4bb4-9195-8cf4bc2be736,,,1521948,0,0
2026-10-02T19:30:38.102000+00:00,,2026-10-02T19:30:38.102000+00:00,,3,Walawe Ganga,Moraketiya,e888aefe-2859-4c5a-827b-de69de4bbcb5,7,5,1521947,0,0.83
2026-10-02T19:30:26.483000+00:00,,2026-10-02T19:30:26.483000+00:00,,4.4,Kirindi Oya,Wellawaya,788e1bad-6001-4115-a924-439a0f4d008d,5.9,5.4,1521946,0,0.83
2026-10-02T19:29:45.832000+00:00,,2026-10-02T19:29:45.832000+00:00,,4.4,Kirindi Oya,Wellawaya,1390cdfa-2919-4477-8919-5365a08766eb,5.9,5.4,1521945,0,0.83
2026-10-02T19:28:58.096000+00:00,,2026-10-02T19:28:58.096000+00:00,,5,Kumbukkan Oya,Nakkala,6de7e15f-390d-4a6e-b1a6-0c6ee5a36418,7.5,6,1521944,0,0.56
2026-10-02T19:22:08.868000+00:00,,2026-10-02T19:22:08.868000+00:00,,1.4,Nilwala Ganga,Thalgahagoda,b3168898-f03c-4c2a-aba0-e1b94cfe0db5,2.8,1.7,1521943,0,0.8
2026-10-02T18:54:54.643000+00:00,,2026-10-02T18:54:54.643000+00:00,,5,Nilwala Ganga,Panadugama,91106ada-2e40-40a5-a055-00a1849b5f38,7.5,6,1521942,0,4.71
2026-10-02T18:50:12.018000+00:00,,2026-10-02T18:50:12.018000+00:00,,2.5,Nilwala Ganga,Urawa,be6389ea-d1bb-41cd-8821-9af7786af251,6,4,1521941,0,0.68
2026-10-02T18:50:03.801000+00:00,,2026-10-02T18:50:03.801000+00:00,,4,Gin Ganga,Thawalama,81bd270f-711d-41c0-a3fb-463f0c491862,7.5,6,1521940,0,2.92
2026-10-02T18:40:42.645000+00:00,,2026-10-02T18:40:42.645000+00:00,,3,Kalu Ganga,Putupaula,79a236cf-cf40-47b3-87dc-2055241becf8,5,4,1521939,0.9,0.58
2026-10-02T18:40:30.789000+00:00,,2026-10-02T18:40:30.789000+00:00,,3.5,Gin Ganga,Baddegama,671ab03b-cc77-462d-b7af-3ca16b52da2c,5,4,1521938,3.9,2.11
2026-10-02T18:40:30.721000+00:00,,2026-10-02T18:40:30.721000+00:00,,5.2,Kalu Ganga,Rathnapura,3999eb7b-9ea2-49d7-b60a-4a5760cbdf11,9.5,7.5,1521937,0,2.51
2026-10-02T18:38:34.996000+00:00,,2026-10-02T18:38:34.996000+00:00,,3,Kelani Ganga,Holombuwa,74234596-ed30-44e5-8fa7-68aa05f0892d,6,4,1521936,0,0.61
2026-10-02T18:36:28.449000+00:00,,2026-10-02T18:36:28.449000+00:00,,4,Kirindi Oya,Thanamalwila,a2f4df1f-e754-4b1d-8354-7b13d6ea1304,5.5,5,1521935,0,0.19
2026-10-02T18:35:48.821000+00:00,,2026-10-02T18:35:48.821000+00:00,,4.8,Kelani Ganga,Deraniyagala,0915eec5-32d0-4760-a9c6-1584affce390,7,5.8,1521934,0,1.1
2026-10-02T18:35:25.831000+00:00,,2026-10-02T18:35:25.831000+00:00,,1.5,Kelani Ganga,Norwood,740c2393-22b4-4f2b-8bc6-93f03f8cd73b,4.5,3,1521933,0,1.16
2026-10-02T18:35:19.841000+00:00,,2026-10-02T18:35:19.841000+00:00,,6.9,Kirindi Oya,Kuda Oya,e6f09cb0-80c7-459d-b238-fcf5e656d2e2,8.8,8.4,1521932,0,0.95
2026-10-02T18:34:51.879000+00:00,,2026-10-02T18:34:51.879000+00:00,,4,Kelani Ganga,Nagalagam Street,58af40d8-6f93-41e9-a401-eb1b6481c9a8,7,5,1521931,,0.6
2026-10-02T18:34:42.495000+00:00,,2026-10-02T18:34:42.495000+00:00,,15,Kelani Ganga,Glencourse,14919dbf-5d58-4109-98df-0a0564fe71ee,19,15.5,1521930,0,11.25
2026-10-02T18:34:26.601000+00:00,,2026-10-02T18:34:26.601000+00:00,,6.5,Kelani Ganga,Hanwella,6278a171-c200-47ab-9201-cb4777cbbf20,9.5,7.5,1521929,0.6,2.44
2026-10-02T18:34:11.322000+00:00,,2026-10-02T18:34:11.322000+00:00,,3,Mahaweli Ganga,Manampitiya,d85a9c76-8b08-4842-b008-a919640e15d7,6,4.3,1521928,0,-0.35
2026-10-02T18:33:31.458000+00:00,,2026-10-02T18:33:31.458000+00:00,,4.75,Deduru Oya,Moragaswewa,84b4be6c-95c0-4adf-b864-725925ff408d,7,6,1521927,0,-0.1
2026-10-02T18:33:25.575000+00:00,,2026-10-02T18:33:25.575000+00:00,,10,Kalu Ganga,Ellagawa,f0c1f350-ecfa-4411-97a5-1fbd13750d9d,12.2,10.7,1521926,0,6.21
2026-10-02T18:33:23.107000+00:00,,2026-10-02T18:33:23.107000+00:00,,5,Kumbukkan Oya,Nakkala,ae14cf38-e1d3-4402-a59a-78fa115103b3,7.5,6,1521925,0,0.56
2026-10-02T18:33:00.228000+00:00,,2026-10-02T18:33:00.228000+00:00,,3.3,Aththanagalu Oya,Dunamale,bccc660c-93ea-4738-9659-619fa8f53b2a,5.5,4.4,1521924,8.2,1.06
2026-10-02T18:32:58.758000+00:00,,2026-10-02T18:32:58.758000+00:00,,5.5,Maha Oya,Giriulla,21ad3e4c-1ca5-41f1-92a2-3cbd8694ef1b,7.5,6.5,1521923,0.3,1.33
2026-10-02T18:32:56.277000+00:00,,2026-10-02T18:32:56.277000+00:00,,3.5,Mahaweli Ganga,Nawalapitiya,be4a4a4a-7e9a-4639-8c61-41d7f83892b3,6,5,1521922,0,1.5
2026-10-02T18:32:49.349000+00:00,,2026-10-02T18:32:49.349000+00:00,,3,Mahaweli Ganga,Thaldena,4d2de20c-fd34-43b5-ac30-7e6b32d16704,5,4,1521921,0,0.14
2026-10-02T18:32:46.688000+00:00,,2026-10-02T18:32:46.688000+00:00,,6,Yan Oya,Horowpothana,31a31485-1029-4e9f-81ca-da910c02b74c,10.5,7.5,1521920,0,1.65
2026-10-02T18:32:44.108000+00:00,,2026-10-02T18:32:44.108000+00:00,,3,Kelani Ganga,Kithulgala,a92ad73e-ccd3-4bd2-a810-5127dd5e3e3e,6,4,1521919,0,2.21
2026-10-02T18:32:39.710000+00:00,,2026-10-02T18:32:39.710000+00:00,,4.5,Heda Oya,Siyambalanduwa,4a9bec79-42b5-4667-953a-f7b38871daf6,7,6,1521918,0,0.19
2026-10-02T18:32:23.168000+00:00,,2026-10-02T18:32:23.168000+00:00,,5,Maha Oya,Badalgama,1f01302d-409d-451e-8463-16cb85007558,9.6,6.2,1521917,2.2,2.14
2026-10-02T18:32:20.870000+00:00,,2026-10-02T18:32:20.870000+00:00,,4.75,Deduru Oya,Moragaswewa,a86a07f9-5d44-422b-96b0-d403ac06aabc,7,6,1521916,0,-0.06
2026-10-02T18:32:19.300000+00:00,,2026-10-02T18:32:19.300000+00:00,,4.75,Deduru Oya,Moragaswewa,4516693f-631c-42df-8f0f-12a6d5645091,7,6,1521915,0,-0.06
2026-10-02T18:32:16.095000+00:00,,2026-10-02T18:32:16.095000+00:00,,4,Menik Ganga,Katharagama,3d87a65b-33fd-4ddf-9f62-e0d5f4f7f615,6.5,4.6,1521914,0,-0.27
2026-10-02T18:31:55.409000+00:00,,2026-10-02T18:31:55.409000+00:00,,,Gal Oya,Ampara,313dd683-bfd2-47b0-a675-4147e42282e3,,,1521913,0,0
2026-10-02T18:31:40.965000+00:00,,2026-10-02T18:31:40.965000+00:00,,5,Mahaweli Ganga,Peradeniya,ad34953a-2f1a-45fd-980f-431879059286,9,7,1521912,0,3.38
2026-10-02T18:31:33.670000+00:00,,2026-10-02T18:31:33.670000+00:00,,4.4,Kirindi Oya,Wellawaya,59e01365-28f7-4767-870a-4367da212f77,5.9,5.4,1521911,0,0.83
2026-10-02T18:31:30.083000+00:00,,2026-10-02T18:31:30.083000+00:00,,4,Ma Oya,Yaka Wewa,f4c22eaa-605e-4ac5-a3d7-ca6558785746,6,5,1521910,0,0.4
2026-10-02T18:31:13.969000+00:00,,2026-10-02T18:31:13.969000+00:00,,4,Kalu Ganga,Magura,576f738d-0a7c-4f90-9627-f3cb05144963,7.5,6,1521909,0,2.22
2026-10-02T18:31:13.868000+00:00,,2026-10-02T18:31:13.868000+00:00,,3,Walawe Ganga,Moraketiya,62826e8a-d98c-453c-900a-280b3321627b,7,5,1521908,0,0.83
2026-10-02T18:31:11.288000+00:00,,2026-10-02T18:31:11.288000+00:00,,4,Maduru Oya,Padiyathalawa,bf2aab65-9c8e-491f-ae18-cf113996408a,6,4.5,1521907,0,0.08
2026-10-02T17:53:14.735000+00:00,,2026-10-02T17:53:14.735000+00:00,,4,Nilwala Ganga,Pitabeddara,f040135b-97c5-4bdb-b178-34e8ebfa8f43,6.5,5,1521906,0,1.6
2026-10-02T17:53:13.406000+00:00,,2026-10-02T17:53:13.406000+00:00,,4,Nilwala Ganga,Pitabeddara,e4ff7a4e-5d8b-4e0f-8aa6-b13e490203eb,6.5,5,1521905,0,1.6
2026-10-02T17:47:53.376000+00:00,,2026-10-02T17:47:53.376000+00:00,,5,Nilwala Ganga,Panadugama,96aab8a6-6f51-44b4-b2d1-9ac1e9291b74,7.5,6,1521904,0,4.68
2026-10-02T17:41:36.389000+00:00,,2026-10-02T17:41:36.389000+00:00,,4,Gin Ganga,Thawalama,6606e6a0-9bf9-48c7-8250-d53df0089b32,7.5,6,1521903,0,3
2026-10-02T17:40:02.391000+00:00,,2026-10-02T17:40:02.391000+00:00,,4,Menik Ganga,Katharagama,d4619842-4f22-4d0d-a75e-48934d652e3a,6.5,4.6,1521902,0,-0.26
2026-10-02T17:39:17.506000+00:00,,2026-10-02T17:39:17.506000+00:00,,3.5,Gin Ganga,Baddegama,3f0270cb-d872-498e-ad15-147589b2026e,5,4,1521901,3.1,2.03
2026-10-02T17:38:27.226000+00:00,,2026-10-02T17:38:27.226000+00:00,,3,Kelani Ganga,Holombuwa,12a92623-4d73-46b4-b9f5-813729b15be9,6,4,1521900,3.1,0.62
2026-10-02T17:37:28.800000+00:00,,2026-10-02T17:37:28.800000+00:00,,4,Kirindi Oya,Thanamalwila,3a492aee-319d-4ebe-bd1d-7e4c1243aed0,5.5,5,1521899,0,0.18
2026-10-02T17:36:57.598000+00:00,,2026-10-02T17:36:57.598000+00:00,,2.5,Nilwala Ganga,Urawa,ba5dba16-6c15-40b1-933e-c23124d22cc9,6,4,1521898,0,0.7
2026-10-02T17:36:52.653000+00:00,,2026-10-02T17:36:52.653000+00:00,,3,Kelani Ganga,Kithulgala,eae13d60-a27e-48d4-9971-4b320a418ff6,6,4,1521897,0,2
2026-10-02T17:36:51.317000+00:00,,2026-10-02T17:36:51.317000+00:00,,6.5,Kelani Ganga,Hanwella,2798b42a-99f2-4ce0-a225-f8406e70448a,9.5,7.5,1521896,0,2.29
2026-10-02T17:36:14.934000+00:00,,2026-10-02T17:36:14.934000+00:00,,3,Mahaweli Ganga,Thaldena,bca59081-aadc-4432-b293-a48874550800,5,4,1521895,0.3,0.15
2026-10-02T17:36:13.407000+00:00,,2026-10-02T17:36:13.407000+00:00,,3,Mahaweli Ganga,Thaldena,a0b36b67-8d80-4579-bf64-56c0006511be,5,4,1521894,0,0.12
2026-10-02T17:35:39.574000+00:00,,2026-10-02T17:35:39.574000+00:00,,4,Kelani Ganga,Nagalagam Street,83898a45-988c-4d46-852d-37213181144b,7,5,1521893,,0.6
2026-10-02T17:35:24.405000+00:00,,2026-10-02T17:35:24.405000+00:00,,5,Maha Oya,Badalgama,e8e5e54b-30c3-4578-b2f4-2462d54b359a,9.6,6.2,1521892,0.3,2.14
2026-10-02T17:35:07.744000+00:00,,2026-10-02T17:35:07.744000+00:00,,3,Kalu Ganga,Putupaula,71329b12-ef16-4a5e-a6e2-a1001039e0fb,5,4,1521891,0,0.58
2026-10-02T17:34:49.324000+00:00,,2026-10-02T17:34:49.324000+00:00,,4.5,Heda Oya,Siyambalanduwa,5f35f7e3-52a0-4d4e-88c1-16334ee4d670,7,6,1521890,0,0.18
2026-10-02T17:34:41.029000+00:00,,2026-10-02T17:34:41.029000+00:00,,6,Yan Oya,Horowpothana,10897013-930f-4b69-8c35-1214ec35b5de,10.5,7.5,1521889,0,1.65
2026-10-02T17:34:34.536000+00:00,,2026-10-02T17:34:34.536000+00:00,,1.4,Nilwala Ganga,Thalgahagoda,350af5a4-8fbd-4530-9c60-35a0d0a26651,2.8,1.7,1521888,0,0.8
2026-10-02T17:34:24.521000+00:00,,2026-10-02T17:34:24.521000+00:00,,4.8,Kelani Ganga,Deraniyagala,eba56246-06eb-42da-81e5-11cbb52e2c10,7,5.8,1521887,0,1.14
2026-10-02T17:34:04.597000+00:00,,2026-10-02T17:34:04.597000+00:00,,5,Mahaweli Ganga,Peradeniya,25442f7c-e410-4941-943e-274183fcda80,9,7,1521886,0.4,3.3
2026-10-02T17:33:55.816000+00:00,,2026-10-02T17:33:55.816000+00:00,,5.5,Maha Oya,Giriulla,e02a754a-9620-4a1f-b58e-5b8ef4389984,7.5,6.5,1521885,0,1.16
2026-10-02T17:33:48.943000+00:00,,2026-10-02T17:33:48.943000+00:00,,3,Walawe Ganga,Moraketiya,3348fe78-be29-4be4-9b17-956112a0eb94,7,5,1521884,0,0.84
2026-10-02T17:33:33.445000+00:00,,2026-10-02T17:33:33.445000+00:00,,15,Kelani Ganga,Glencourse,c3794d00-34b0-4f8b-b34d-76863a58e9aa,19,15.5,1521883,0,11.28
2026-10-02T17:33:08.171000+00:00,,2026-10-02T17:33:08.171000+00:00,,1.5,Kelani Ganga,Norwood,3af3e602-5161-4365-9730-f8c485cce896,4.5,3,1521882,0,1.17
2026-10-02T17:32:58.047000+00:00,,2026-10-02T17:32:58.047000+00:00,,4,Maduru Oya,Padiyathalawa,607f035c-fdac-4245-9c28-c94b89d6f509,6,4.5,1521881,0,0.08
2026-10-02T17:32:52.143000+00:00,,2026-10-02T17:32:52.143000+00:00,,3.3,Aththanagalu Oya,Dunamale,44dbde60-ff56-467f-87af-82315ad4f3bc,5.5,4.4,1521880,2.8,1.04
2026-10-02T17:32:44.980000+00:00,,2026-10-02T17:32:44.980000+00:00,,5,Kalu Ganga,Kalawellawa (Millakanda),57d7dcb0-7940-4eb6-85fa-319f93bdaed5,8,6.5,1521879,0,2.85
2026-10-02T17:32:25.518000+00:00,,2026-10-02T17:32:25.518000+00:00,,3,Mahaweli Ganga,Manampitiya,dd49c9b9-4a5e-402c-be75-ba87d294fa47,6,4.3,1521878,0,-0.35
2026-10-02T17:32:10.752000+00:00,,2026-10-02T17:32:10.752000+00:00,,5.2,Kalu Ganga,Rathnapura,84cdae8d-6717-4ab3-9163-8a22248896d9,9.5,7.5,1521877,0,2.4
2026-10-02T17:32:08.822000+00:00,,2026-10-02T17:32:08.822000+00:00,,3.5,Mahaweli Ganga,Nawalapitiya,846b7aa4-1de3-4775-a436-e6958d81f481,6,5,1521876,0.3,1.52
2026-10-02T17:31:55.540000+00:00,,2026-10-02T17:31:55.540000+00:00,,4,Kalu Ganga,Magura,d55aa0f8-800d-4490-8705-b485b7ee671d,7.5,6,1521875,0,1.99
2026-10-02T17:31:49.252000+00:00,,2026-10-02T17:31:49.252000+00:00,,4,Ma Oya,Yaka Wewa,c414fff2-f814-4efc-bd02-cf2cb9966fc9,6,5,1521874,0,0.4
2026-10-02T17:31:27.756000+00:00,,2026-10-02T17:31:27.756000+00:00,,4,Ma Oya,Yaka Wewa,600ebece-dbca-448b-bc0c-a6fcb8695f04,6,5,1521873,0,0.4
2026-10-02T17:31:24.643000+00:00,,2026-10-02T17:31:24.643000+00:00,,6.9,Kirindi Oya,Kuda Oya,1b4afa82-0160-4fbe-a9f1-cd980b056f32,8.8,8.4,1521872,0,0.95
2026-10-02T17:31:15.604000+00:00,,2026-10-02T17:31:15.604000+00:00,,10,Kalu Ganga,Ellagawa,cf64ac9e-975f-4b09-84ee-5fe3ad3106a4,12.2,10.7,1521871,0,6.28
2026-10-02T17:31:05.152000+00:00,,2026-10-02T17:31:05.152000+00:00,,5,Kumbukkan Oya,Nakkala,bc8d200e-e006-4aed-a28c-f12607281581,7.5,6,1521870,0,0.56
2026-10-02T17:30:31.984000+00:00,,2026-10-02T17:30:31.984000+00:00,,,Gal Oya,Ampara,f1161eca-4cb4-4647-a4ef-498530e4b24d,,,1521869,0,0
2026-10-02T17:30:08.373000+00:00,,2026-10-02T17:30:08.373000+00:00,,4.4,Kirindi Oya,Wellawaya,25af70b1-5eb1-4008-8713-545344373b61,5.9,5.4,1521868,0,0.83
2026-10-02T17:27:58.660000+00:00,,2026-10-02T17:27:58.660000+00:00,,4.4,Kirindi Oya,Wellawaya,1fa2b5d5-ea7a-480c-9fb8-7897993d5c79,5.9,5.4,1521867,0,0.83
2026-10-02T17:26:54.874000+00:00,,2026-10-02T17:26:54.874000+00:00,,5.2,Kalu Ganga,Rathnapura,12905e5e-a5a2-454a-b75e-ed8ae64f11a6,9.5,7.5,1521866,0,2.29
2026-10-02T17:04:51.493000+00:00,,2026-10-02T17:04:51.493000+00:00,,5.5,Maha Oya,Giriulla,309ecb62-20df-4ee9-a365-5d1c52a658d4,7.5,6.5,1521865,0,1.05
2026-10-02T16:55:36.951000+00:00,,2026-10-02T16:55:36.951000+00:00,,2.5,Nilwala Ganga,Urawa,0a46d278-a051-47ea-8e66-da7daa6ec34b,6,4,1521864,0,0.73
2026-10-02T16:46:13.828000+00:00,,2026-10-02T16:46:13.828000+00:00,,5,Mahaweli Ganga,Peradeniya,af8b4ded-08b8-4eb4-bc0b-069b558f100b,9,7,1521863,0,3.23
2026-10-02T16:45:48.038000+00:00,,2026-10-02T16:45:48.038000+00:00,,4.5,Heda Oya,Siyambalanduwa,92097ffd-82e7-4977-a468-f25a371aca08,7,6,1521862,0,0.18
2026-10-02T16:43:49.729000+00:00,,2026-10-02T16:43:49.729000+00:00,,4,Gin Ganga,Thawalama,cf1617a8-0530-4151-84cc-c04814b86e7a,7.5,6,1521861,0,3.12
2026-10-02T16:40:38.001000+00:00,,2026-10-02T16:40:38.001000+00:00,,6,Yan Oya,Horowpothana,29e3886e-d8b6-4d25-bc68-d00354066e99,10.5,7.5,1521860,0,1.65
2026-10-02T16:40:02.120000+00:00,,2026-10-02T16:40:02.120000+00:00,,4,Kirindi Oya,Thanamalwila,06b62fee-a556-4ac8-b779-594bf0cfd1a0,5.5,5,1521859,0,0.18
2026-10-02T16:38:02.131000+00:00,,2026-10-02T16:38:02.131000+00:00,,3.5,Gin Ganga,Baddegama,05e3f0af-f1cb-4ebb-8ec2-3442fab0e705,5,4,1521858,0,1.96
2026-10-02T16:37:28.409000+00:00,,2026-10-02T16:37:28.409000+00:00,,15,Kelani Ganga,Glencourse,51c93a90-55d6-4df2-a6aa-f1c82646f11e,19,15.5,1521857,0,11.25
2026-10-02T16:37:17.482000+00:00,,2026-10-02T16:37:17.482000+00:00,,3,Kalu Ganga,Putupaula,379128bd-6a39-4490-a08c-243125e43f1e,5,4,1521856,0.5,0.64
2026-10-02T16:36:38.149000+00:00,,2026-10-02T16:36:38.149000+00:00,,3,Kelani Ganga,Holombuwa,e0e2d80f-6fd4-4f4f-8be1-2145b66f4e3f,6,4,1521855,0.6,0.61
2026-10-02T16:36:31.722000+00:00,,2026-10-02T16:36:31.722000+00:00,,4,Nilwala Ganga,Pitabeddara,5b3964c1-59ce-4370-b52c-4b07e724ec6d,6.5,5,1521854,0,1.64
2026-10-02T16:35:53.861000+00:00,,2026-10-02T16:35:53.861000+00:00,,3,Kelani Ganga,Kithulgala,e54e7b57-a2cc-4f1a-8a47-e4d0e273d73e,6,4,1521853,0,1.98
2026-10-02T16:35:33.811000+00:00,,2026-10-02T16:35:33.811000+00:00,,5,Maha Oya,Badalgama,982a2d17-ff3e-4ab1-b41a-9098c4706b68,9.6,6.2,1521852,0,2.14
2026-10-02T16:35:27.817000+00:00,,2026-10-02T16:35:27.817000+00:00,,1.4,Nilwala Ganga,Thalgahagoda,3f85e005-6008-4dd6-84f1-0f29bb12ce04,2.8,1.7,1521851,0,0.8
2026-10-02T16:34:35.581000+00:00,,2026-10-02T16:34:35.581000+00:00,,6.5,Kelani Ganga,Hanwella,b17151c7-9e89-4828-b989-0a61a4bfddb9,9.5,7.5,1521850,0.5,2.11
2026-10-02T16:33:52.234000+00:00,,2026-10-02T16:33:52.234000+00:00,,3,Walawe Ganga,Moraketiya,88d8a66d-4ed6-4132-a73c-58aeea0407bf,7,5,1521849,0,0.84
2026-10-02T16:33:35.849000+00:00,,2026-10-02T16:33:35.849000+00:00,,4,Maduru Oya,Padiyathalawa,3484fe62-8a29-406d-9f46-5ab87f7f900a,6,4.5,1521848,0,0.08
2026-10-02T16:33:06.788000+00:00,,2026-10-02T16:33:06.788000+00:00,,1.5,Kelani Ganga,Norwood,5c3dba22-8493-497e-942d-85f1c4772bce,4.5,3,1521847,0,1.18
2026-10-02T16:32:58.327000+00:00,,2026-10-02T16:32:58.327000+00:00,,4,Menik Ganga,Katharagama,667a53b3-3a46-4b6a-8827-6541da4de58c,6.5,4.6,1521846,0,-0.26
2026-10-02T16:32:57.171000+00:00,,2026-10-02T16:32:57.171000+00:00,,4.75,Deduru Oya,Moragaswewa,7446fc35-ef44-40f7-9a5a-561b66ec68ee,7,6,1521845,2.4,-0.1
2026-10-02T16:32:43.692000+00:00,,2026-10-02T16:32:43.692000+00:00,,4,Kalu Ganga,Magura,f59cc2c3-e814-4540-ad8e-17fb35c2b905,7.5,6,1521844,0,1.78
2026-10-02T16:32:31.117000+00:00,,2026-10-02T16:32:31.117000+00:00,,3.3,Aththanagalu Oya,Dunamale,10951862-7da9-4c79-85dd-1393da44541e,5.5,4.4,1521843,0,1.04
2026-10-02T16:32:30.601000+00:00,,2026-10-02T16:32:30.601000+00:00,,5,Nilwala Ganga,Panadugama,b7aa2dd2-bf45-4bd6-8f2b-6bc7b4cf6cf3,7.5,6,1521842,0,4.65
2026-10-02T16:32:20.751000+00:00,,2026-10-02T16:32:20.751000+00:00,,4.8,Kelani Ganga,Deraniyagala,ea0e54cd-1ede-4837-a671-fe959e3bc87d,7,5.8,1521841,0,1.21
2026-10-02T16:31:55.542000+00:00,,2026-10-02T16:31:55.542000+00:00,,6.9,Kirindi Oya,Kuda Oya,c1982ade-4aa3-441a-9b67-6a647cb5dbbe,8.8,8.4,1521840,0,0.95
2026-10-02T16:31:39.082000+00:00,,2026-10-02T16:31:39.082000+00:00,,4,Kelani Ganga,Nagalagam Street,e2236a61-6d66-4c6a-af9b-fe463cc27f79,7,5,1521839,,0.7
2026-10-02T16:31:28.567000+00:00,,2026-10-02T16:31:28.567000+00:00,,4,Ma Oya,Yaka Wewa,2d8626eb-0095-4d9f-a06a-8031fe09ccb8,6,5,1521838,0,0.4
2026-10-02T16:31:27.148000+00:00,,2026-10-02T16:31:27.148000+00:00,,10,Kalu Ganga,Ellagawa,4826600f-96e9-4980-bec1-3de5a42c9060,12.2,10.7,1521837,0,6.08
2026-10-02T16:31:25.621000+00:00,,2026-10-02T16:31:25.621000+00:00,,5,Kalu Ganga,Kalawellawa (Millakanda),9b61dba3-a115-4e31-8c75-6aa58dc83771,8,6.5,1521836,0,2.86
2026-10-02T16:31:16.052000+00:00,,2026-10-02T16:31:16.052000+00:00,,3.5,Mahaweli Ganga,Nawalapitiya,fc6538e6-f1f1-4848-ad5c-2f6e75add6e6,6,5,1521835,0,1.55
2026-10-02T16:31:05.150000+00:00,,2026-10-02T16:31:05.150000+00:00,,5,Kumbukkan Oya,Nakkala,44302391-273e-4909-89c6-3b1f303dfc49,7.5,6,1521834,0,0.56
2026-10-02T16:30:48.041000+00:00,,2026-10-02T16:30:48.041000+00:00,,,Gal Oya,Ampara,db776847-396c-4356-8b21-7698dfda048c,,,1521833,0,0
2026-10-02T15:51:41.999000+00:00,,2026-10-02T15:51:41.999000+00:00,,1.4,Nilwala Ganga,Thalgahagoda,b7c7db82-fbd5-4879-a9ba-260b7ab693a3,2.8,1.7,1521832,0,0.8
2026-10-02T15:40:06.784000+00:00,,2026-10-02T15:40:06.784000+00:00,,3,Kelani Ganga,Kithulgala,321024d1-9da5-44a7-8848-4c1ac2e1ba6e,6,4,1521831,0.8,2
2026-10-02T15:37:34.112000+00:00,,2026-10-02T15:37:34.112000+00:00,,5,Nilwala Ganga,Panadugama,3391837c-04fd-4d81-9fb1-9276bc39ea7c,7.5,6,1521830,0,4.62
2026-10-02T15:37:22.260000+00:00,,2026-10-02T15:37:22.260000+00:00,,3,Kalu Ganga,Putupaula,0c339a31-a3f6-4fb4-b7ca-e95837bbe3d8,5,4,1521829,1.8,0.7
2026-10-02T15:37:21.796000+00:00,,2026-10-02T15:37:21.796000+00:00,,3,Kelani Ganga,Holombuwa,eea586de-fd46-427c-bfd6-774bf1a4ee32,6,4,1521828,0,0.66
2026-10-02T15:36:14.695000+00:00,,2026-10-02T15:36:14.695000+00:00,,4,Kirindi Oya,Thanamalwila,a1aa5d68-0281-4194-84d8-d11536ff8132,5.5,5,1521827,1.8,0.18
2026-10-02T15:36:01.280000+00:00,,2026-10-02T15:36:01.280000+00:00,,15,Kelani Ganga,Glencourse,98e6d59c-8ece-4c1f-a6e7-d80fba0d5cae,19,15.5,1521826,1.1,11.11
2026-10-02T15:35:45.082000+00:00,,2026-10-02T15:35:45.082000+00:00,,3.5,Gin Ganga,Baddegama,fddce023-0920-4dca-a45a-fefd5057b0ae,5,4,1521825,0,1.92
2026-10-02T15:35:44.191000+00:00,,2026-10-02T15:35:44.191000+00:00,,1.5,Kelani Ganga,Norwood,3b68aa97-96f0-4bd9-913f-eb5b52244faa,4.5,3,1521824,0,1.19
2026-10-02T15:35:32.690000+00:00,,2026-10-02T15:35:32.690000+00:00,,5,Kumbukkan Oya,Nakkala,d20b3acd-a002-43c1-84b6-039a848c090a,7.5,6,1521823,0,0.56
2026-10-02T15:35:31.095000+00:00,,2026-10-02T15:35:31.095000+00:00,,2.5,Nilwala Ganga,Urawa,47992eaf-bfe3-4e68-8685-acb6fd33302c,6,4,1521822,0,0.76
2026-10-02T15:34:41.172000+00:00,,2026-10-02T15:34:41.172000+00:00,,6.5,Kelani Ganga,Hanwella,5123865a-0054-48ab-bb39-3cd241df889f,9.5,7.5,1521821,0,1.94
2026-10-02T15:34:11.531000+00:00,,2026-10-02T15:34:11.531000+00:00,,4,Menik Ganga,Katharagama,b3439a71-3e89-45d1-a96c-a577adc139fd,6.5,4.6,1521820,0,-0.26
2026-10-02T15:34:05.683000+00:00,,2026-10-02T15:34:05.683000+00:00,,4,Gin Ganga,Thawalama,5c38caa2-f655-4f40-bcea-9ed3e2297e4d,7.5,6,1521819,5.4,3.26
2026-10-02T15:34:02.909000+00:00,,2026-10-02T15:34:02.909000+00:00,,5,Maha Oya,Badalgama,bb3351bc-327d-49e9-881f-4a27da6d3743,9.6,6.2,1521818,0,2.14
2026-10-02T15:33:47.362000+00:00,,2026-10-02T15:33:47.362000+00:00,,4.75,Deduru Oya,Moragaswewa,1fe1c8f3-ace3-47d8-b7e6-5c7762c4d993,7,6,1521817,18.6,-0.13
2026-10-02T15:33:41.578000+00:00,,2026-10-02T15:33:41.578000+00:00,,4,Maduru Oya,Padiyathalawa,1f04f8b0-619b-41b1-abb0-98d430f7095c,6,4.5,1521816,0,0.08
2026-10-02T15:33:29.498000+00:00,,2026-10-02T15:33:29.498000+00:00,,3.5,Mahaweli Ganga,Nawalapitiya,bfc95f29-48c1-45ac-8a66-8f87b719bd50,6,5,1521815,0,1.57
2026-10-02T15:33:23.057000+00:00,,2026-10-02T15:33:23.057000+00:00,,3,Mahaweli Ganga,Thaldena,0bbd4fff-cd83-4188-b471-7bb005b78d39,5,4,1521814,0,0.13
2026-10-02T15:32:59.938000+00:00,,2026-10-02T15:32:59.938000+00:00,,5.2,Kalu Ganga,Rathnapura,41bb988c-b97d-4863-a221-7d5e5a28b496,9.5,7.5,1521813,0.3,2.09
2026-10-02T15:32:58.311000+00:00,,2026-10-02T15:32:58.311000+00:00,,5.5,Maha Oya,Giriulla,212c4ce2-86cc-4414-8c46-e711ba9f8160,7.5,6.5,1521812,0,1.05
2026-10-02T15:32:53.704000+00:00,,2026-10-02T15:32:53.704000+00:00,,3.3,Aththanagalu Oya,Dunamale,06679953-af0b-478c-a3e4-6653679b0807,5.5,4.4,1521811,0,1.02
2026-10-02T15:32:36.770000+00:00,,2026-10-02T15:32:36.770000+00:00,,4,Kalu Ganga,Magura,99bd66fa-1236-4d4a-9136-9b7cef443f17,7.5,6,1521810,0,1.67
2026-10-02T15:32:29.094000+00:00,,2026-10-02T15:32:29.094000+00:00,,4.8,Kelani Ganga,Deraniyagala,bfb3097a-6499-4e9a-b97c-888ffd84b1a3,7,5.8,1521809,0,1.37
2026-10-02T15:32:13.163000+00:00,,2026-10-02T15:32:13.163000+00:00,,4,Kelani Ganga,Nagalagam Street,3c2b894a-8ca8-463e-856a-b88e09e3b8a9,7,5,1521808,,0.9
2026-10-02T15:32:07.290000+00:00,,2026-10-02T15:32:07.290000+00:00,,5,Kalu Ganga,Kalawellawa (Millakanda),411a9bad-041c-49cf-9b64-cf7cc53115fe,8,6.5,1521807,0,2.88
2026-10-02T15:32:04.588000+00:00,,2026-10-02T15:32:04.588000+00:00,,5,Mahaweli Ganga,Peradeniya,68160d08-3906-4a3f-bc58-4263f8afa07c,9,7,1521806,0,3.18
2026-10-02T15:31:56.230000+00:00,,2026-10-02T15:31:56.230000+00:00,,3,Mahaweli Ganga,Manampitiya,ec345e57-8362-45c7-bcef-ac6f658f8192,6,4.3,1521805,0,-0.36
2026-10-02T15:31:54.877000+00:00,,2026-10-02T15:31:54.877000+00:00,,10,Kalu Ganga,Ellagawa,fcebbbd8-1a1e-4a82-9331-e5c6b92392ed,12.2,10.7,1521804,0,6.01
2026-10-02T15:31:50.711000+00:00,,2026-10-02T15:31:50.711000+00:00,,3,Walawe Ganga,Moraketiya,0d504d52-e16e-427e-ba0c-d07a4dfca87c,7,5,1521803,0,0.84
2026-10-02T15:31:18.955000+00:00,,2026-10-02T15:31:18.955000+00:00,,4,Ma Oya,Yaka Wewa,2ccf759e-b2bf-4484-bca8-75bfd563e909,6,5,1521802,0,0.4
2026-10-02T15:31:16.007000+00:00,,2026-10-02T15:31:16.007000+00:00,,4.4,Kirindi Oya,Wellawaya,08ea431e-54ee-4c75-a42b-983f122bda6f,5.9,5.4,1521801,0,0.83
2026-10-02T15:31:15.422000+00:00,,2026-10-02T15:31:15.422000+00:00,,6.9,Kirindi Oya,Kuda Oya,22d81332-4c04-46d4-baa0-ad5954e2f7b5,8.8,8.4,1521800,0,0.95
2026-10-02T15:30:57.664000+00:00,,2026-10-02T15:30:57.664000+00:00,,4.5,Heda Oya,Siyambalanduwa,7f04b8c4-4100-4649-b5c6-59f87757f164,7,6,1521799,0,0.18
2026-10-02T15:30:40.700000+00:00,,2026-10-02T15:30:40.700000+00:00,,,Gal Oya,Ampara,a53066a3-47e4-4002-a277-6286ad9de9e7,,,1521798,0,0
2026-10-02T15:30:35.451000+00:00,,2026-10-02T15:30:35.451000+00:00,,6,Yan Oya,Horowpothana,8aa18bb4-1efe-4345-958b-a6dcf58853b0,10.5,7.5,1521797,0,1.65
2026-10-02T15:29:59.899000+00:00,,2026-10-02T15:29:59.899000+00:00,,4,Nilwala Ganga,Pitabeddara,f0d883d0-c6d5-47c8-a21e-721117e20ddb,6.5,5,1521796,0,1.68
2026-10-02T14:39:32.568000+00:00,,2026-10-02T14:39:32.568000+00:00,,3,Kalu Ganga,Putupaula,cc1d0342-7229-4f94-b099-b24f56924c0d,5,4,1521795,4.5,0.75
2026-10-02T14:38:04.098000+00:00,,2026-10-02T14:38:04.098000+00:00,,1.4,Nilwala Ganga,Thalgahagoda,53ccfab7-e29e-4f04-a16b-9b29441b75a8,2.8,1.7,1521794,0,0.8
2026-10-02T14:37:51.485000+00:00,,2026-10-02T14:37:51.485000+00:00,,5,Nilwala Ganga,Panadugama,78245fb2-8345-46dc-b84a-f9efe0205afb,7.5,6,1521793,0,4.6
2026-10-02T14:37:36.687000+00:00,,2026-10-02T14:37:36.687000+00:00,,3,Kelani Ganga,Kithulgala,57420a22-5fec-447b-90e5-d01e54fd0116,6,4,1521792,0,2.02
2026-10-02T14:36:55.647000+00:00,,2026-10-02T14:36:55.647000+00:00,,4,Menik Ganga,Katharagama,302d28d7-0a3a-4338-99ad-db28d027327e,6.5,4.6,1521791,0,-0.25
2026-10-02T14:36:44.728000+00:00,,2026-10-02T14:36:44.728000+00:00,,6.5,Kelani Ganga,Hanwella,7f806a79-3b8a-49ed-875a-ee4cc3411924,9.5,7.5,1521790,0.3,1.88
2026-10-02T14:35:52.781000+00:00,,2026-10-02T14:35:52.781000+00:00,,5,Maha Oya,Badalgama,d6e025c4-6138-40b5-ae68-20c4368a200f,9.6,6.2,1521789,0,2.12
2026-10-02T14:35:46.913000+00:00,,2026-10-02T14:35:46.913000+00:00,,3,Kelani Ganga,Holombuwa,ab4bab0e-339a-4310-b5d8-218d632cb08a,6,4,1521788,0,0.66
2026-10-02T14:35:40.493000+00:00,,2026-10-02T14:35:40.493000+00:00,,15,Kelani Ganga,Glencourse,08e0fc0f-cf72-4799-b3bc-96198e53ffd7,19,15.5,1521787,1.4,10.86
2026-10-02T14:35:24.746000+00:00,,2026-10-02T14:35:24.746000+00:00,,4,Maduru Oya,Padiyathalawa,8fcd775b-0d8c-43d6-96eb-d47c5fd7b970,6,4.5,1521786,0,0.09
2026-10-02T14:35:08.619000+00:00,,2026-10-02T14:35:08.619000+00:00,,5.2,Kalu Ganga,Rathnapura,e3c9810e-21fb-4a31-b29e-eb538c66cc26,9.5,7.5,1521785,0,1.86
2026-10-02T14:34:12.575000+00:00,,2026-10-02T14:34:12.575000+00:00,,5,Kalu Ganga,Kalawellawa (Millakanda),c396b184-be16-4e5b-bc25-1e860d902637,8,6.5,1521784,0,2.9
2026-10-02T14:34:10.112000+00:00,,2026-10-02T14:34:10.112000+00:00,,3.5,Gin Ganga,Baddegama,1114fd26-a1bf-4679-9a55-39ec33db4d3f,5,4,1521783,0.5,1.9
2026-10-02T14:33:51.920000+00:00,,2026-10-02T14:33:51.920000+00:00,,4,Nilwala Ganga,Pitabeddara,b4eb8759-66aa-4192-bb77-4b8e38d094e4,6.5,5,1521782,0,1.75
2026-10-02T14:33:43.308000+00:00,,2026-10-02T14:33:43.308000+00:00,,3,Walawe Ganga,Moraketiya,d0007971-a930-4d2e-a10d-343aa067cbbb,7,5,1521781,0,0.85
2026-10-02T14:33:42.503000+00:00,,2026-10-02T14:33:42.503000+00:00,,4,Gin Ganga,Thawalama,e0bc9cf8-23a2-46b2-8015-316f3465664c,7.5,6,1521780,1.9,3.2
2026-10-02T14:33:41.658000+00:00,,2026-10-02T14:33:41.658000+00:00,,2.5,Nilwala Ganga,Urawa,afcb942f-6314-4167-8817-24351b444a99,6,4,1521779,0,0.78
2026-10-02T14:33:28.693000+00:00,,2026-10-02T14:33:28.693000+00:00,,4,Kirindi Oya,Thanamalwila,f87bc426-5c9f-4b58-a3cc-612fdd60eb50,5.5,5,1521778,0,0.18
2026-10-02T14:33:18.122000+00:00,,2026-10-02T14:33:18.122000+00:00,,4,Kalu Ganga,Magura,e44985e3-9abf-48d5-96b3-b4e2b1ffa063,7.5,6,1521777,3.4,1.64
2026-10-02T14:33:12.969000+00:00,,2026-10-02T14:33:12.969000+00:00,,5.5,Maha Oya,Giriulla,be5d2926-a646-4332-a319-94883c44cc45,7.5,6.5,1521776,0,1.05
2026-10-02T14:33:02.306000+00:00,,2026-10-02T14:33:02.306000+00:00,,3.3,Aththanagalu Oya,Dunamale,d9853afb-da4e-4d9f-bc98-7319ca088f43,5.5,4.4,1521775,0,1.02
2026-10-02T14:32:54.780000+00:00,,2026-10-02T14:32:54.780000+00:00,,4.8,Kelani Ganga,Deraniyagala,16651e49-ebf3-460c-ba03-e38e2e8a3d48,7,5.8,1521774,1.1,1.51
2026-10-02T14:32:49.814000+00:00,,2026-10-02T14:32:49.814000+00:00,,4.75,Deduru Oya,Moragaswewa,1d86d48e-bc5a-4373-a941-a94e851587ed,7,6,1521773,0,-0.14
2026-10-02T14:32:39.733000+00:00,,2026-10-02T14:32:39.733000+00:00,,4,Kelani Ganga,Nagalagam Street,269a75f3-bc57-4216-be4f-0598ecc60be5,7,5,1521772,,1.1
2026-10-02T14:32:33.468000+00:00,,2026-10-02T14:32:33.468000+00:00,,1.5,Kelani Ganga,Norwood,258f0596-a97e-42c2-8ce8-cfe2bff5040a,4.5,3,1521771,0,1.2
2026-10-02T14:32:24.706000+00:00,,2026-10-02T14:32:24.706000+00:00,,6.9,Kirindi Oya,Kuda Oya,2cd3376e-bd7d-454c-843c-0ee522d9de5a,8.8,8.4,1521770,0,0.95
2026-10-02T14:32:03.134000+00:00,,2026-10-02T14:32:03.134000+00:00,,6,Yan Oya,Horowpothana,ce1456e8-0f8d-4849-8411-a34998ac25c1,10.5,7.5,1521769,0,1.66
2026-10-02T14:32:00.364000+00:00,,2026-10-02T14:32:00.364000+00:00,,4.5,Heda Oya,Siyambalanduwa,22198765-6551-4c1f-a94a-8114b5a62bdf,7,6,1521768,0,0.18
2026-10-02T14:31:58.944000+00:00,,2026-10-02T14:31:58.944000+00:00,,3,Mahaweli Ganga,Thaldena,bfc33e99-78fe-4516-bc2e-a44c48b64a12,5,4,1521767,0,0.14
2026-10-02T14:31:45.903000+00:00,,2026-10-02T14:31:45.903000+00:00,,5,Mahaweli Ganga,Peradeniya,7c9e1f1e-e839-40a0-bf47-3f19dba44c6d,9,7,1521766,0,3.08
2026-10-02T14:31:40.921000+00:00,,2026-10-02T14:31:40.921000+00:00,,3.5,Mahaweli Ganga,Nawalapitiya,353834cb-8921-42b9-82b4-6f154efa5084,6,5,1521765,0,1.6
2026-10-02T14:31:36.301000+00:00,,2026-10-02T14:31:36.301000+00:00,,4.4,Kirindi Oya,Wellawaya,5e7f16b7-5cfd-40db-9345-03618907c8d5,5.9,5.4,1521764,0,0.83
2026-10-02T14:31:33.356000+00:00,,2026-10-02T14:31:33.356000+00:00,,10,Kalu Ganga,Ellagawa,412fd84d-baab-4389-90b1-01cfd97be1df,12.2,10.7,1521763,0,5.92
2026-10-02T14:31:31.888000+00:00,,2026-10-02T14:31:31.888000+00:00,,4,Ma Oya,Yaka Wewa,5c5348e3-0b4b-4d08-b9d2-9a3ae8cd2032,6,5,1521762,0,0.4
2026-10-02T14:31:31.362000+00:00,,2026-10-02T14:31:31.362000+00:00,,3,Mahaweli Ganga,Manampitiya,65751d36-9015-4319-9152-e98a96129288,6,4.3,1521761,0,-0.35
2026-10-02T14:30:17.877000+00:00,,2026-10-02T14:30:17.877000+00:00,,,Gal Oya,Ampara,667fbc76-111b-4fde-a9cd-7a01354ceff2,,,1521760,0,0
2026-10-02T14:30:16.227000+00:00,,2026-10-02T14:30:16.227000+00:00,,5,Kumbukkan Oya,Nakkala,e82a0c47-3fdf-4c3c-b020-4ac3afcd4a7e,7.5,6,1521759,0,0.56
2026-10-02T13:55:08.349000+00:00,,2026-10-02T13:55:08.349000+00:00,,5,Kalu Ganga,Kalawellawa (Millakanda),01d4d049-d773-4cc4-83a9-c80bd43a24da,8,6.5,1521758,1.4,2.9
2026-10-02T13:49:32.574000+00:00,,2026-10-02T13:49:32.574000+00:00,,4,Gin Ganga,Thawalama,81ee982d-5526-4c6d-9c23-c079ad9a10e7,7.5,6,1521757,0,3.01
2026-10-02T13:43:13.982000+00:00,,2026-10-02T13:43:13.982000+00:00,,3.5,Gin Ganga,Baddegama,5886b6ed-2985-47f1-b772-a7dcd8e8f7f6,5,4,1521756,8.5,1.9
2026-10-02T13:39:30.433000+00:00,,2026-10-02T13:39:30.433000+00:00,,4,Maduru Oya,Padiyathalawa,0d7075bd-28a1-4a42-8a71-92204ce5e882,6,4.5,1521755,0,0.1
2026-10-02T13:38:52.119000+00:00,,2026-10-02T13:38:52.119000+00:00,,4,Kirindi Oya,Thanamalwila,32dc8bb2-7675-49c6-9e1e-ba60348e64c5,5.5,5,1521754,0,0.18
2026-10-02T13:38:36.584000+00:00,,2026-10-02T13:38:36.584000+00:00,,3,Kelani Ganga,Kithulgala,709a7207-9958-4eb3-b26d-3ebcefaeb076,6,4,1521753,0,2.1
2026-10-02T13:38:24.298000+00:00,,2026-10-02T13:38:24.298000+00:00,,3,Kelani Ganga,Holombuwa,83ae75b8-247d-4323-950b-b0066ad274fd,6,4,1521752,0,0.65
2026-10-02T13:38:21.540000+00:00,,2026-10-02T13:38:21.540000+00:00,,5,Nilwala Ganga,Panadugama,8bcb8896-80f1-476e-8f06-ac321911b066,7.5,6,1521751,0,4.51
2026-10-02T13:38:01.455000+00:00,,2026-10-02T13:38:01.455000+00:00,,4,Menik Ganga,Katharagama,fc5a0838-e9a8-4a59-a514-38b15fd19c6b,6.5,4.6,1521750,0,-0.25
2026-10-02T13:37:57.615000+00:00,,2026-10-02T13:37:57.615000+00:00,,4,Kelani Ganga,Nagalagam Street,f2d8fa2d-913b-426d-8539-f42a5882d026,7,5,1521749,,1.3
2026-10-02T13:36:46.344000+00:00,,2026-10-02T13:36:46.344000+00:00,,4,Kalu Ganga,Magura,a9d183a6-7bd3-443c-9940-1e2ef08b1bb8,7.5,6,1521748,8.1,1.62
2026-10-02T13:36:29.728000+00:00,,2026-10-02T13:36:29.728000+00:00,,3,Mahaweli Ganga,Thaldena,562867ca-4efe-4fb5-8607-4f0338b4f62a,5,4,1521747,0,0.14
2026-10-02T13:36:07.537000+00:00,,2026-10-02T13:36:07.537000+00:00,,6.5,Kelani Ganga,Hanwella,aacb34b0-9064-4614-a88b-665ef0c75e0c,9.5,7.5,1521746,0.5,1.9
2026-10-02T13:35:46.421000+00:00,,2026-10-02T13:35:46.421000+00:00,,5.2,Kalu Ganga,Rathnapura,2f8ba6e8-00b3-410c-9ea0-770e4b087d2e,9.5,7.5,1521745,1.1,1.75
2026-10-02T13:35:38.709000+00:00,,2026-10-02T13:35:38.709000+00:00,,2.5,Nilwala Ganga,Urawa,6ebe0216-7083-4192-9881-900a13aed450,6,4,1521744,0,0.8
2026-10-02T13:35:35.198000+00:00,,2026-10-02T13:35:35.198000+00:00,,15,Kelani Ganga,Glencourse,d329b9b4-f2b3-47fc-b702-f51f448db883,19,15.5,1521743,1.2,10.46
2026-10-02T13:35:28.877000+00:00,,2026-10-02T13:35:28.877000+00:00,,5,Maha Oya,Badalgama,3a92e5a1-0e8a-4eff-8464-540f7ee7d2a6,9.6,6.2,1521742,0,2.11
2026-10-02T13:35:19.778000+00:00,,2026-10-02T13:35:19.778000+00:00,,4.8,Kelani Ganga,Deraniyagala,170cee80-d87e-4a27-958d-47768eb753c4,7,5.8,1521741,1.7,1.56
2026-10-02T13:34:12.700000+00:00,,2026-10-02T13:34:12.700000+00:00,,1.4,Nilwala Ganga,Thalgahagoda,a7eb6a19-8ea2-4ab3-ad2a-9cdf66153ae7,2.8,1.7,1521740,0,0.75
2026-10-02T13:33:59.530000+00:00,,2026-10-02T13:33:59.530000+00:00,,5,Mahaweli Ganga,Peradeniya,b36e8c3c-beb1-4345-92d0-45719bd08b3a,9,7,1521739,0,2.8
2026-10-02T13:33:46.508000+00:00,,2026-10-02T13:33:46.508000+00:00,,3,Kalu Ganga,Putupaula,92e7ff50-4acc-45a4-af02-06603d86772a,5,4,1521738,3.1,0.79
2026-10-02T13:33:41.243000+00:00,,2026-10-02T13:33:41.243000+00:00,,5.5,Maha Oya,Giriulla,50ba7169-6b7f-4c96-a79a-499580736e97,7.5,6.5,1521737,0,1.06
2026-10-02T13:33:40.805000+00:00,,2026-10-02T13:33:40.805000+00:00,,1.5,Kelani Ganga,Norwood,297e6083-64b4-45b2-98e8-f9c35daed98a,4.5,3,1521736,0,1.25
2026-10-02T13:33:23.578000+00:00,,2026-10-02T13:33:23.578000+00:00,,10,Kalu Ganga,Ellagawa,74508c31-acde-4e17-a933-289b2b0cbd5e,12.2,10.7,1521735,1,5.79
2026-10-02T13:32:24.232000+00:00,,2026-10-02T13:32:24.232000+00:00,,3.3,Aththanagalu Oya,Dunamale,af2aa0b7-883e-484b-a4d8-a5b7f6e88666,5.5,4.4,1521734,0.2,1
2026-10-02T13:32:00.512000+00:00,,2026-10-02T13:32:00.512000+00:00,,3.5,Mahaweli Ganga,Nawalapitiya,fdcffb30-9dde-4b69-986a-12f91e9231fe,6,5,1521733,0.2,1.64
2026-10-02T13:31:47.957000+00:00,,2026-10-02T13:31:47.957000+00:00,,3,Mahaweli Ganga,Manampitiya,a04f3de8-a456-41a3-8da3-64723eea33a2,6,4.3,1521732,0,-0.35
2026-10-02T13:31:47.550000+00:00,,2026-10-02T13:31:47.550000+00:00,,6.9,Kirindi Oya,Kuda Oya,5753844b-5cbb-4178-811f-f4249a941a5d,8.8,8.4,1521731,0,0.95
2026-10-02T13:31:39.219000+00:00,,2026-10-02T13:31:39.219000+00:00,,6,Yan Oya,Horowpothana,6bb888e4-683f-4bd1-b711-f67164e10e4b,10.5,7.5,1521730,0,1.66
2026-10-02T13:31:37.107000+00:00,,2026-10-02T13:31:37.107000+00:00,,,Gal Oya,Ampara,553e6fe7-fd18-4675-acf3-c10af4b0f3ef,,,1521729,0,0
2026-10-02T13:31:36.136000+00:00,,2026-10-02T13:31:36.136000+00:00,,4.75,Deduru Oya,Moragaswewa,547c39bf-53e7-4726-a8b6-b0f86070ad55,7,6,1521728,0,-0.14
2026-10-02T13:31:00.882000+00:00,,2026-10-02T13:31:00.882000+00:00,,4.4,Kirindi Oya,Wellawaya,0d7ca16d-c692-4611-b53f-968b14b62a15,5.9,5.4,1521727,0,0.84
2026-10-02T13:30:57.608000+00:00,,2026-10-02T13:30:57.608000+00:00,,3,Walawe Ganga,Moraketiya,52c6def5-e46f-4010-b907-b81c3cb8230f,7,5,1521726,0,0.85
2026-10-02T13:30:51.100000+00:00,,2026-10-02T13:30:51.100000+00:00,,4,Ma Oya,Yaka Wewa,778e4cd1-38f9-4a2c-b5e3-458da1c17367,6,5,1521725,0,0.4
2026-10-02T13:30:49.927000+00:00,,2026-10-02T13:30:49.927000+00:00,,4.5,Heda Oya,Siyambalanduwa,cbbf7d8b-4c5d-4ff1-94a5-1ad7fac5e1a6,7,6,1521724,0,0.19
2026-10-02T13:30:45.037000+00:00,,2026-10-02T13:30:45.037000+00:00,,4,Nilwala Ganga,Pitabeddara,b32806da-4eb1-4168-b219-a2cdecf57316,6.5,5,1521723,0,1.78
2026-10-02T13:30:11.790000+00:00,,2026-10-02T13:30:11.790000+00:00,,5,Kumbukkan Oya,Nakkala,0eacf355-2437-4605-9eee-e415e31632d5,7.5,6,1521722,0,0.56
2026-10-02T13:29:45.986000+00:00,,2026-10-02T13:29:45.986000+00:00,,5,Kumbukkan Oya,Nakkala,4214c242-c411-48c3-9692-a1cb00ce0b4c,7.5,6,1521721,0,0.56
2026-10-02T12:53:47.948000+00:00,,2026-10-02T12:53:47.948000+00:00,,3.3,Aththanagalu Oya,Dunamale,5b50aea2-041a-46f3-a111-cb03055218c0,5.5,4.4,1521720,3.3,1.01
2026-10-02T12:38:06.258000+00:00,,2026-10-02T12:38:06.258000+00:00,,4.84,Mee Oya,Galgamuwa,f727fb6e-299d-4cd5-8c02-370da52b3176,8,5.94,1521719,4.3,0.02
2026-10-02T12:37:22.408000+00:00,,2026-10-02T12:37:22.408000+00:00,,4,Kirindi Oya,Thanamalwila,30853fa7-1ae9-4d30-856b-1e3a91f280b4,5.5,5,1521718,3.6,0.19
2026-10-02T12:36:28.687000+00:00,,2026-10-02T12:36:28.687000+00:00,,15,Kelani Ganga,Glencourse,563e1260-2cdb-4581-8e4c-1dd30320c988,19,15.5,1521717,1,10.14
2026-10-02T12:36:24.621000+00:00,,2026-10-02T12:36:24.621000+00:00,,5,Maha Oya,Badalgama,9cae6633-f295-4857-b0d1-f2c513cafa93,9.6,6.2,1521716,0,2.1
2026-10-02T12:36:20.153000+00:00,,2026-10-02T12:36:20.153000+00:00,,3,Kelani Ganga,Holombuwa,accd7053-eb17-4cce-9867-f49c75f0eacb,6,4,1521715,0,0.6
2026-10-02T12:36:13.043000+00:00,,2026-10-02T12:36:13.043000+00:00,,5,Malwathu Oya,Thanthirimale,ddcaf229-3d44-4c27-987e-9a5d87b05bf6,7.8,6.8,1521714,5.3,0.45
2026-10-02T12:35:49.913000+00:00,,2026-10-02T12:35:49.913000+00:00,,2.5,Nilwala Ganga,Urawa,9bafa3a1-348b-44c0-9696-21fd7d9dba35,6,4,1521713,0,0.84
2026-10-02T12:35:27.257000+00:00,,2026-10-02T12:35:27.257000+00:00,,4.8,Kelani Ganga,Deraniyagala,742b4d6a-c041-4370-9a0b-de311549bf62,7,5.8,1521712,0.8,1.22
2026-10-02T12:35:22.403000+00:00,,2026-10-02T12:35:22.403000+00:00,,4,Kalu Ganga,Magura,1f3962d5-2d68-4ebf-a3bf-df7a50e7dbaa,7.5,6,1521711,0,1.63
2026-10-02T12:35:20.948000+00:00,,2026-10-02T12:35:20.948000+00:00,,4,Kelani Ganga,Nagalagam Street,369d20a0-da19-4fcf-bd20-2fe109efdc66,7,5,1521710,0,1.5
2026-10-02T12:34:58.581000+00:00,,2026-10-02T12:34:58.581000+00:00,,3,Kelani Ganga,Kithulgala,a1dd096b-d7a5-44a7-b3e2-9889f43dd916,6,4,1521709,0.7,2.29
2026-10-02T12:34:44.689000+00:00,,2026-10-02T12:34:44.689000+00:00,,3,Walawe Ganga,Moraketiya,395b6ee2-e4f3-4adf-b861-e83f7f4e3614,7,5,1521708,1.2,0.85
2026-10-02T12:34:19.110000+00:00,,2026-10-02T12:34:19.110000+00:00,,5.5,Maha Oya,Giriulla,3d552009-7702-4955-a095-bc71c77a96b6,7.5,6.5,1521707,2,1.06
2026-10-02T12:34:04.898000+00:00,,2026-10-02T12:34:04.898000+00:00,,6.5,Kelani Ganga,Hanwella,6d2448fb-6707-42d0-b621-56073fcba882,9.5,7.5,1521706,1,1.94
2026-10-02T12:34:01.396000+00:00,,2026-10-02T12:34:01.396000+00:00,,4.75,Deduru Oya,Moragaswewa,b1b4b800-83ae-42c0-9745-4fd23b785f72,7,6,1521705,0,-0.14
2026-10-02T12:33:49.324000+00:00,,2026-10-02T12:33:49.324000+00:00,,4,Maduru Oya,Padiyathalawa,659b0914-468b-4b35-8c94-af58f59bbcbf,6,4.5,1521704,0,0.1
2026-10-02T12:33:46.534000+00:00,,2026-10-02T12:33:46.534000+00:00,,5,Nilwala Ganga,Panadugama,14c53057-ac86-4d82-b453-182682ab1de7,7.5,6,1521703,0,4.3
2026-10-02T12:33:04.355000+00:00,,2026-10-02T12:33:04.355000+00:00,,3.5,Gin Ganga,Baddegama,89ba76de-f98f-4a30-9022-32227ffe2859,5,4,1521702,0,1.92
2026-10-02T12:33:01.594000+00:00,,2026-10-02T12:33:01.594000+00:00,,10,Kalu Ganga,Ellagawa,b5566ce8-a229-42ba-b475-b50bd510bec7,12.2,10.7,1521701,2.5,5.65
2026-10-02T12:32:44.372000+00:00,,2026-10-02T12:32:44.372000+00:00,,6.9,Kirindi Oya,Kuda Oya,6c7b01d7-9c68-401a-baa2-18b265e91219,8.8,8.4,1521700,0,0.96
2026-10-02T12:32:42.902000+00:00,,2026-10-02T12:32:42.902000+00:00,,5,Kalu Ganga,Kalawellawa (Millakanda),6dcee119-9cb4-4042-882e-42431f91a551,8,6.5,1521699,0.5,2.92
2026-10-02T12:32:26.859000+00:00,,2026-10-02T12:32:26.859000+00:00,,4,Gin Ganga,Thawalama,ebb7187b-0ffa-4bdd-9a4a-58c2fb82f126,7.5,6,1521698,0,2.88
2026-10-02T12:32:25.013000+00:00,,2026-10-02T12:32:25.013000+00:00,,4.5,Heda Oya,Siyambalanduwa,2e76c816-784f-4f09-b295-2efc52d42c9e,7,6,1521697,0,0.19
2026-10-02T12:32:14.376000+00:00,,2026-10-02T12:32:14.376000+00:00,,5.2,Kalu Ganga,Rathnapura,e92ebfe6-8130-4a55-969e-339e423b082f,9.5,7.5,1521696,0,1.69
2026-10-02T12:32:09.670000+00:00,,2026-10-02T12:32:09.670000+00:00,,4,Menik Ganga,Katharagama,09eece4f-bf43-430c-83cb-0b58c13f1e4c,6.5,4.6,1521695,0,-0.26
2026-10-02T12:32:05.922000+00:00,,2026-10-02T12:32:05.922000+00:00,,3,Mahaweli Ganga,Thaldena,7477d8dd-f11a-4c64-a8d9-453b7d83ac58,5,4,1521694,0,0.12
2026-10-02T12:31:30.158000+00:00,,2026-10-02T12:31:30.158000+00:00,,4,Ma Oya,Yaka Wewa,deb4e98c-579b-4f35-9259-0aca2ff8bd69,6,5,1521693,0,0.4
2026-10-02T12:31:24.158000+00:00,,2026-10-02T12:31:24.158000+00:00,,1.5,Kelani Ganga,Norwood,1dcca341-dc72-4c47-8b3a-ed64e6b50513,4.5,3,1521692,5.8,1.21
2026-10-02T12:31:22.348000+00:00,,2026-10-02T12:31:22.348000+00:00,,3,Mahaweli Ganga,Manampitiya,10dfa39f-8e6b-4ae9-b67f-8ecfbe4f09b1,6,4.3,1521691,0,-0.32
2026-10-02T12:31:09.928000+00:00,,2026-10-02T12:31:09.928000+00:00,,3,Kalu Ganga,Putupaula,d68e9f5d-4e88-4ed6-b852-7b1eeee90b08,5,4,1521690,18.6,0.81
2026-10-02T12:31:07.444000+00:00,,2026-10-02T12:31:07.444000+00:00,,5,Kumbukkan Oya,Nakkala,824e3181-ec51-46ef-afb5-d02833374d28,7.5,6,1521689,0,0.56
2026-10-02T12:31:06.908000+00:00,,2026-10-02T12:31:06.908000+00:00,,3.5,Mahaweli Ganga,Nawalapitiya,1f77e89b-cecb-47ff-9123-381a15de4936,6,5,1521688,0,1.7
2026-10-02T12:30:59.775000+00:00,,2026-10-02T12:30:59.775000+00:00,,1.4,Nilwala Ganga,Thalgahagoda,84c3daf6-8258-4c80-8a1a-06f971cded87,2.8,1.7,1521687,0,0.75
2026-10-02T12:30:48.484000+00:00,,2026-10-02T12:30:48.484000+00:00,,4,Nilwala Ganga,Pitabeddara,586d07bb-334c-411b-9902-e00d584a07e5,6.5,5,1521686,0,1.8
2026-10-02T12:30:42.559000+00:00,,2026-10-02T12:30:42.559000+00:00,,4.4,Kirindi Oya,Wellawaya,55228fc6-0263-43cf-b820-d01bd8023c39,5.9,5.4,1521685,0,0.84
2026-10-02T12:30:38.761000+00:00,,2026-10-02T12:30:38.761000+00:00,,6,Yan Oya,Horowpothana,762c928c-e9b3-4bef-b75c-4adf0d60c86e,10.5,7.5,1521684,0,1.66
2026-10-02T12:30:31.871000+00:00,,2026-10-02T12:30:31.871000+00:00,,,Gal Oya,Ampara,e9f6b1d3-d352-4d6f-b5ea-017a5c7c1e5f,,,1521683,0,0
2026-10-02T11:48:00.541000+00:00,,2026-10-02T11:48:00.541000+00:00,,2.5,Nilwala Ganga,Urawa,7d872f0d-f998-4123-86bc-c15d2f880bca,6,4,1521682,0,0.88
2026-10-02T11:46:51.142000+00:00,,2026-10-02T11:46:51.142000+00:00,,5.2,Kalu Ganga,Rathnapura,d6561cca-c4ae-4f92-a667-3f703db0dd11,9.5,7.5,1521681,0,1.68
2026-10-02T11:39:26.988000+00:00,,2026-10-02T11:39:26.988000+00:00,,3,Kelani Ganga,Holombuwa,46a7c580-3d93-43c6-b553-47c11948c105,6,4,1521680,28.8,0.55
2026-10-02T11:38:53.120000+00:00,,2026-10-02T11:38:53.120000+00:00,,4,Kelani Ganga,Nagalagam Street,ea95749f-4f10-4678-a75e-47f1b2f737df,7,5,1521679,0,1.8
2026-10-02T11:38:40.958000+00:00,,2026-10-02T11:38:40.958000+00:00,,4,Kalu Ganga,Magura,54ed6753-b986-429d-a7d3-82e9a5991ceb,7.5,6,1521678,0.4,1.6
2026-10-02T11:36:30.556000+00:00,,2026-10-02T11:36:30.556000+00:00,,15,Kelani Ganga,Glencourse,58946516-02ad-4f40-84e1-f7b815e560f0,19,15.5,1521677,15.7,10.14
2026-10-02T11:36:23.798000+00:00,,2026-10-02T11:36:23.798000+00:00,,3.3,Aththanagalu Oya,Dunamale,b643abf8-66b1-4064-9f0d-52f4b29ad46c,5.5,4.4,1521676,2,1.02
2026-10-02T11:36:23.367000+00:00,,2026-10-02T11:36:23.367000+00:00,,4,Gin Ganga,Thawalama,07869235-5679-45a6-bcba-b01d472ffd3d,7.5,6,1521675,0,2.56
2026-10-02T11:36:13.388000+00:00,,2026-10-02T11:36:13.388000+00:00,,10,Kalu Ganga,Ellagawa,e3193124-b3df-479e-a2c4-a05c6eb2dea2,12.2,10.7,1521674,3.9,5.63
2026-10-02T11:35:58.020000+00:00,,2026-10-02T11:35:58.020000+00:00,,5,Mahaweli Ganga,Peradeniya,ac4efdb2-8575-47e5-82fa-eeb43c4743c2,9,7,1521673,0,1.98
2026-10-02T11:35:42.303000+00:00,,2026-10-02T11:35:42.303000+00:00,,5,Nilwala Ganga,Panadugama,4d1a4906-a932-4d20-bbf4-337f3c9fe6d6,7.5,6,1521672,0,4.08
2026-10-02T11:35:29.963000+00:00,,2026-10-02T11:35:29.963000+00:00,,5.5,Maha Oya,Giriulla,23edcf40-a0e7-4537-8f0b-17695c23fc45,7.5,6.5,1521671,2.8,1.07
2026-10-02T11:35:23.848000+00:00,,2026-10-02T11:35:23.848000+00:00,,4.5,Heda Oya,Siyambalanduwa,2d2a8bd6-373c-49c5-a093-245c0831f226,7,6,1521670,0,0.19
2026-10-02T11:35:13.859000+00:00,,2026-10-02T11:35:13.859000+00:00,,3,Kelani Ganga,Kithulgala,f2c9f0a8-f4e0-46e7-a45c-bf4671a2db2b,6,4,1521669,0,2.15
2026-10-02T11:35:01.735000+00:00,,2026-10-02T11:35:01.735000+00:00,,6.5,Kelani Ganga,Hanwella,f4eb8758-8dd8-42ef-a4a6-482fb3246f22,9.5,7.5,1521668,6.4,1.98
2026-10-02T11:34:56.020000+00:00,,2026-10-02T11:34:56.020000+00:00,,4,Kirindi Oya,Thanamalwila,99646031-d13f-4a22-b049-1c45947fe80a,5.5,5,1521667,0,0.19
2026-10-02T11:34:37.207000+00:00,,2026-10-02T11:34:37.207000+00:00,,4.75,Deduru Oya,Moragaswewa,70ed113c-c346-479e-b887-77beaaec703d,7,6,1521666,0,-0.14
2026-10-02T11:33:56.853000+00:00,,2026-10-02T11:33:56.853000+00:00,,3,Kalu Ganga,Putupaula,e34e166a-c477-46bb-a8c7-ee2e0bfe9ea9,5,4,1521665,0,0.78
2026-10-02T11:33:47.821000+00:00,,2026-10-02T11:33:47.821000+00:00,,4,Nilwala Ganga,Pitabeddara,d481069d-6ea8-46a8-a470-e3d0f85d59fb,6.5,5,1521664,0,1.8
2026-10-02T11:33:46.381000+00:00,,2026-10-02T11:33:46.381000+00:00,,4,Maduru Oya,Padiyathalawa,bf929935-31ad-4069-9004-8fb2abe2ccea,6,4.5,1521663,0,0.1
2026-10-02T11:33:44.600000+00:00,,2026-10-02T11:33:44.600000+00:00,,1.5,Kelani Ganga,Norwood,89fca31e-b63d-43a4-9dc4-6a42bb9ae6d7,4.5,3,1521662,23.5,1.09
2026-10-02T11:33:37.018000+00:00,,2026-10-02T11:33:37.018000+00:00,,4,Menik Ganga,Katharagama,c14f58e0-803f-462b-b941-3649e394393c,6.5,4.6,1521661,0,-0.27
2026-10-02T11:33:34.957000+00:00,,2026-10-02T11:33:34.957000+00:00,,1.4,Nilwala Ganga,Thalgahagoda,cb95a916-b09c-4bcf-a2ca-cfb7b5f80b73,2.8,1.7,1521660,0,0.78
2026-10-02T11:33:19.570000+00:00,,2026-10-02T11:33:19.570000+00:00,,5,Kumbukkan Oya,Nakkala,a2e38096-d76b-41ad-a907-1f2ad4046323,7.5,6,1521659,0,0.57
2026-10-02T11:33:18.611000+00:00,,2026-10-02T11:33:18.611000+00:00,,3.5,Gin Ganga,Baddegama,f22303ba-b09b-4c79-ad51-4daaff7e318f,5,4,1521658,0,1.94
2026-10-02T11:33:13.724000+00:00,,2026-10-02T11:33:13.724000+00:00,,4.84,Mee Oya,Galgamuwa,234fd010-0e2e-4944-b0a3-769f1765ac4d,8,5.94,1521657,0,0.02
2026-10-02T11:33:01.703000+00:00,,2026-10-02T11:33:01.703000+00:00,,5,Kalu Ganga,Kalawellawa (Millakanda),fd0d95ac-217d-4951-94d9-a821953683f8,8,6.5,1521656,2.4,2.93
2026-10-02T11:32:58.119000+00:00,,2026-10-02T11:32:58.119000+00:00,,4.8,Kelani Ganga,Deraniyagala,a056cd75-1541-41a1-8372-bfff90f71306,7,5.8,1521655,7,1.19
2026-10-02T11:32:28.275000+00:00,,2026-10-02T11:32:28.275000+00:00,,5,Maha Oya,Badalgama,ba54f587-0459-45c9-94ed-fada4f3da578,9.6,6.2,1521654,0,2.09
2026-10-02T11:32:22.803000+00:00,,2026-10-02T11:32:22.803000+00:00,,4.4,Kirindi Oya,Wellawaya,ca816714-0184-4ad6-84d6-0e489d8a38e5,5.9,5.4,1521653,0,0.84
2026-10-02T11:32:22.680000+00:00,,2026-10-02T11:32:22.680000+00:00,,3,Mahaweli Ganga,Thaldena,b1d387d2-ac2a-4a9c-9e68-6271c195d42f,5,4,1521652,0,0.08
2026-10-02T11:32:14.473000+00:00,,2026-10-02T11:32:14.473000+00:00,,6.9,Kirindi Oya,Kuda Oya,d8e1ea89-d969-4772-a203-904e46d1ce82,8.8,8.4,1521651,0,0.96
2026-10-02T11:31:46.645000+00:00,,2026-10-02T11:31:46.645000+00:00,,3.3,Aththanagalu Oya,Dunamale,33c0bcef-c397-4376-b0e7-a0acbaa02ca1,5.5,4.4,1521650,0,1.02
2026-10-02T11:31:46.525000+00:00,,2026-10-02T11:31:46.525000+00:00,,5,Malwathu Oya,Thanthirimale,04f93fa0-79ae-4788-9544-2fc188dd09e6,7.8,6.8,1521649,10.6,0.45
2026-10-02T11:31:42.673000+00:00,,2026-10-02T11:31:42.673000+00:00,,4,Ma Oya,Yaka Wewa,c5d99b03-ed37-433c-abf0-45d4707bad22,6,5,1521648,0,0.4
2026-10-02T11:31:31.312000+00:00,,2026-10-02T11:31:31.312000+00:00,,3,Mahaweli Ganga,Manampitiya,5533cc8d-e3cd-433b-86c0-d69e66f2efc1,6,4.3,1521647,0,-0.29
2026-10-02T11:31:08.456000+00:00,,2026-10-02T11:31:08.456000+00:00,,3,Walawe Ganga,Moraketiya,aba6a26f-b169-47b4-9f28-ba3587735b98,7,5,1521646,2.4,0.83
2026-10-02T11:31:08.114000+00:00,,2026-10-02T11:31:08.114000+00:00,,3.5,Mahaweli Ganga,Nawalapitiya,1eeb50dd-e7a3-4beb-b0ba-2b7127cd7221,6,5,1521645,0,1.75
2026-10-02T11:30:52.292000+00:00,,2026-10-02T11:30:52.292000+00:00,,6,Yan Oya,Horowpothana,fa79ee7b-e5e3-499d-bade-06e95f616b0f,10.5,7.5,1521644,0,1.66
2026-10-02T11:30:44.209000+00:00,,2026-10-02T11:30:44.209000+00:00,,,Gal Oya,Ampara,79910c4d-a3c6-4e62-bcfb-1864cedb2164,,,1521643,0,0
2026-10-02T11:30:16.338000+00:00,,2026-10-02T11:30:16.338000+00:00,,5,Mahaweli Ganga,Weraganthota,8b1a4718-893c-4d7a-94a9-bee1d1cb80c2,8,6,1521642,0,-3.54
2026-10-02T10:42:26.053000+00:00,,2026-10-02T10:42:26.053000+00:00,,4,Kelani Ganga,Nagalagam Street,90ced6c9-9c5d-4ccf-861e-d0b5a02bdd2e,7,5,1521641,0,1.8
2026-10-02T10:40:27.014000+00:00,,2026-10-02T10:40:27.014000+00:00,,4,Kalu Ganga,Magura,b30faa07-a06f-45b2-bc5b-2905474216d6,7.5,6,1521640,7.2,1.67
2026-10-02T10:39:33.797000+00:00,,2026-10-02T10:39:33.797000+00:00,,3,Kelani Ganga,Kithulgala,6752574d-e959-41b5-8ad6-d17b65c285ae,6,4,1521639,3.1,2.17
2026-10-02T10:38:36.277000+00:00,,2026-10-02T10:38:36.277000+00:00,,3.3,Aththanagalu Oya,Dunamale,c7e496ac-481b-4aeb-bc22-2d1dd3de9b02,5.5,4.4,1521638,0,1.02
2026-10-02T10:38:21.155000+00:00,,2026-10-02T10:38:21.155000+00:00,,10,Kalu Ganga,Ellagawa,3bc75194-55ab-4026-ae20-0d1b6c7d18aa,12.2,10.7,1521637,11,5.65
2026-10-02T10:38:13.710000+00:00,,2026-10-02T10:38:13.710000+00:00,,5.2,Kalu Ganga,Rathnapura,a16c0ad5-8829-45c6-b8d9-40c5d036be29,9.5,7.5,1521636,3.9,1.66
2026-10-02T10:37:37.791000+00:00,,2026-10-02T10:37:37.791000+00:00,,3,Kelani Ganga,Holombuwa,2d2eccd8-690d-48e7-aa77-e44574ea4e4e,6,4,1521635,0,0.51
2026-10-02T10:37:23.224000+00:00,,2026-10-02T10:37:23.224000+00:00,,4,Kirindi Oya,Thanamalwila,668d5b0c-48fd-42b9-92da-cf14d76d01db,5.5,5,1521634,0,0.19
2026-10-02T10:36:47.860000+00:00,,2026-10-02T10:36:47.860000+00:00,,2.5,Nilwala Ganga,Urawa,a2f7b399-995e-408f-ba29-4d3e2f499a2f,6,4,1521633,0,0.87
2026-10-02T10:36:35.671000+00:00,,2026-10-02T10:36:35.671000+00:00,,1.5,Kelani Ganga,Norwood,1ffcfcd3-dfcd-40ad-8ca8-c9245b5e4122,4.5,3,1521632,4.1,0.9
2026-10-02T10:36:25.675000+00:00,,2026-10-02T10:36:25.675000+00:00,,3.5,Gin Ganga,Baddegama,426496fc-4985-4025-b2a5-7b97ad336ad0,5,4,1521631,0,2
2026-10-02T10:36:03.532000+00:00,,2026-10-02T10:36:03.532000+00:00,,4.84,Mee Oya,Galgamuwa,acfe2396-5415-4464-bc02-e8626166fc7a,8,5.94,1521630,0,0.02
2026-10-02T10:35:41.694000+00:00,,2026-10-02T10:35:41.694000+00:00,,5,Nilwala Ganga,Panadugama,80e334b1-f701-4f29-b7be-5eec0a40f376,7.5,6,1521629,4.6,3.75
2026-10-02T10:35:25.547000+00:00,,2026-10-02T10:35:25.547000+00:00,,4.8,Kelani Ganga,Deraniyagala,67b4f0da-06ef-4454-aaf0-e7c51208d0d2,7,5.8,1521628,19.6,1.04
2026-10-02T10:34:25.204000+00:00,,2026-10-02T10:34:25.204000+00:00,,4,Menik Ganga,Katharagama,e93ca700-843b-4b9e-9014-57cf3630281c,6.5,4.6,1521627,0,-0.27
2026-10-02T10:34:17.512000+00:00,,2026-10-02T10:34:17.512000+00:00,,5,Maha Oya,Badalgama,021bf889-e57e-4c23-ba36-c7b7e845c896,9.6,6.2,1521626,0,2.08
2026-10-02T10:34:17.390000+00:00,,2026-10-02T10:34:17.390000+00:00,,1.4,Nilwala Ganga,Thalgahagoda,a6930b8c-2a9c-40d1-97c9-880444cc9aac,2.8,1.7,1521625,4.1,0.82
2026-10-02T10:34:03.710000+00:00,,2026-10-02T10:34:03.710000+00:00,,3,Kalu Ganga,Putupaula,11bb5f94-63ce-4808-baf7-c43d322c53a3,5,4,1521624,0,0.76
2026-10-02T10:33:54.151000+00:00,,2026-10-02T10:33:54.151000+00:00,,6.5,Kelani Ganga,Hanwella,a163ee29-52a1-4283-bf5d-6c38d8594345,9.5,7.5,1521623,0,2.02
2026-10-02T10:32:58.896000+00:00,,2026-10-02T10:32:58.896000+00:00,,4.4,Kirindi Oya,Wellawaya,d7106b04-f5ab-4044-9f86-cc676fa5be21,5.9,5.4,1521622,0,0.84
2026-10-02T10:32:53.822000+00:00,,2026-10-02T10:32:53.822000+00:00,,3,Walawe Ganga,Moraketiya,a8af77dd-9cc5-42b2-b12c-0410b4d6dd0d,7,5,1521621,0,0.83
2026-10-02T10:32:49.263000+00:00,,2026-10-02T10:32:49.263000+00:00,,3.5,Mahaweli Ganga,Nawalapitiya,447a93de-e07a-4a2a-9295-490d1e017b88,6,5,1521620,0,1.78
2026-10-02T10:32:41.406000+00:00,,2026-10-02T10:32:41.406000+00:00,,5,Kalu Ganga,Kalawellawa (Millakanda),9533d0d3-2603-425b-b6e0-8818e7411796,8,6.5,1521619,0.3,2.96
2026-10-02T10:32:31.647000+00:00,,2026-10-02T10:32:31.647000+00:00,,5,Kumbukkan Oya,Nakkala,e54d98e9-e4a4-4e00-88bf-3d217f1176b9,7.5,6,1521618,0,0.57
2026-10-02T10:32:28.056000+00:00,,2026-10-02T10:32:28.056000+00:00,,4,Maduru Oya,Padiyathalawa,8cfebc30-291b-4bb3-9e58-47328042a296,6,4.5,1521617,0,0.1
2026-10-02T10:32:25.302000+00:00,,2026-10-02T10:32:25.302000+00:00,,15,Kelani Ganga,Glencourse,41f86220-4fc5-4747-81e2-a3848e041d45,19,15.5,1521616,1.8,10.18
2026-10-02T10:32:17.834000+00:00,,2026-10-02T10:32:17.834000+00:00,,3,Mahaweli Ganga,Thaldena,cde1715d-7bc5-4202-a7f1-a5e30fc17e82,5,4,1521615,0,0.08
2026-10-02T10:32:06.770000+00:00,,2026-10-02T10:32:06.770000+00:00,,4,Gin Ganga,Thawalama,0f48a9b9-27d3-48a5-aaa6-36959305590b,7.5,6,1521614,25.9,2.34
2026-10-02T10:32:02.149000+00:00,,2026-10-02T10:32:02.149000+00:00,,5,Mahaweli Ganga,Peradeniya,ef7b42e4-e188-471e-8918-8a265b0775b5,9,7,1521613,0,1.8
2026-10-02T10:31:44.420000+00:00,,2026-10-02T10:31:44.420000+00:00,,5.5,Maha Oya,Giriulla,fb960c25-a59d-4ce2-b984-67512e66b931,7.5,6.5,1521612,0,1.08
2026-10-02T10:31:37.800000+00:00,,2026-10-02T10:31:37.800000+00:00,,4,Ma Oya,Yaka Wewa,1fd3b28e-1230-4c27-a673-357577feb761,6,5,1521611,0,0.4
2026-10-02T10:31:37.131000+00:00,,2026-10-02T10:31:37.131000+00:00,,4.5,Heda Oya,Siyambalanduwa,209476e0-fa27-4467-9c51-9a4c0a0af58b,7,6,1521610,0,0.19
2026-10-02T10:31:22.888000+00:00,,2026-10-02T10:31:22.888000+00:00,,4.75,Deduru Oya,Moragaswewa,37dac9a1-0bc3-4a81-a13d-470a9bbcd6c7,7,6,1521609,0,-0.14
2026-10-02T10:31:20.086000+00:00,,2026-10-02T10:31:20.086000+00:00,,5,Mahaweli Ganga,Weraganthota,3b0bf1a5-a2df-461f-8029-4ce4a63cdb0f,8,6,1521608,0,-3.53
2026-10-02T10:31:04.362000+00:00,,2026-10-02T10:31:04.362000+00:00,,5,Malwathu Oya,Thanthirimale,a71fd2b1-b169-4519-a437-366b08e84364,7.8,6.8,1521607,0,0.45
2026-10-02T10:30:49.958000+00:00,,2026-10-02T10:30:49.958000+00:00,,3,Mahaweli Ganga,Manampitiya,8a993ebd-adce-453a-8646-e3691d874969,6,4.3,1521606,0,-0.25
2026-10-02T10:30:41.410000+00:00,,2026-10-02T10:30:41.410000+00:00,,,Gal Oya,Ampara,2b217955-6873-49ad-9f5b-228611accc3f,,,1521605,0,0
2026-10-02T10:30:38.058000+00:00,,2026-10-02T10:30:38.058000+00:00,,6,Yan Oya,Horowpothana,51e0e227-8bf3-4dfc-9cab-36e7ae7ed14b,10.5,7.5,1521604,0,1.66
2026-10-02T10:29:54.749000+00:00,,2026-10-02T10:29:54.749000+00:00,,4,Nilwala Ganga,Pitabeddara,3009f1e9-a49d-4534-809e-9f55f2d2382c,6.5,5,1521603,0,1.68
2026-10-02T09:44:31.035000+00:00,,2026-10-02T09:44:31.035000+00:00,,5.2,Kalu Ganga,Rathnapura,0789ac61-1652-497d-94b0-fcc69e1802e0,9.5,7.5,1521602,4.8,1.68
2026-10-02T09:41:03.926000+00:00,,2026-10-02T09:41:03.926000+00:00,,3,Kelani Ganga,Holombuwa,947ab4be-1ee3-4460-93e7-9b13300fad8d,6,4,1521601,0,0.52
2026-10-02T09:37:30.762000+00:00,,2026-10-02T09:37:30.762000+00:00,,3,Kelani Ganga,Kithulgala,58bc4a45-a161-48bb-b3e5-40271aaabaa7,6,4,1521600,5.2,1.84
2026-10-02T09:37:14.134000+00:00,,2026-10-02T09:37:14.134000+00:00,,3,Walawe Ganga,Moraketiya,72474c38-122d-44cc-961c-4e9234abd9d0,7,5,1521599,0,0.84
2026-10-02T09:36:56.675000+00:00,,2026-10-02T09:36:56.675000+00:00,,15,Kelani Ganga,Glencourse,9bf95c41-8b77-4d87-91e9-4938ee89f8b0,19,15.5,1521598,0,10.25
2026-10-02T09:36:55.725000+00:00,,2026-10-02T09:36:55.725000+00:00,,2.5,Nilwala Ganga,Urawa,7ec6f4c6-23d8-4df3-ba7f-7cfd3b10cada,6,4,1521597,10.7,0.7
2026-10-02T09:36:49.416000+00:00,,2026-10-02T09:36:49.416000+00:00,,5,Nilwala Ganga,Panadugama,ee69f14c-1c4b-431d-9e8c-dbb9bbab5558,7.5,6,1521596,9.6,3.64
2026-10-02T09:36:38.554000+00:00,,2026-10-02T09:36:38.554000+00:00,,1.4,Nilwala Ganga,Thalgahagoda,3a4f0c90-eda1-4891-b139-84a96f2923ef,2.8,1.7,1521595,0,0.82
2026-10-02T09:36:31.809000+00:00,,2026-10-02T09:36:31.809000+00:00,,4.75,Deduru Oya,Moragaswewa,ccf93176-d7af-4dc3-841f-b3f5d5bb2758,7,6,1521594,0,-0.15
2026-10-02T09:36:08.668000+00:00,,2026-10-02T09:36:08.668000+00:00,,10,Kalu Ganga,Ellagawa,adb1405b-36ca-45e4-965d-0f777b982ad2,12.2,10.7,1521593,0,5.69
2026-10-02T09:35:56.082000+00:00,,2026-10-02T09:35:56.082000+00:00,,1.5,Kelani Ganga,Norwood,c3fe4bf1-d0dc-478d-9706-c3ef34813929,4.5,3,1521592,2.8,0.89
2026-10-02T09:35:54.041000+00:00,,2026-10-02T09:35:54.041000+00:00,,4,Kirindi Oya,Thanamalwila,db186e53-3fd7-42a9-99ed-00e70b30c9a5,5.5,5,1521591,0,0.19
2026-10-02T09:35:39.915000+00:00,,2026-10-02T09:35:39.915000+00:00,,5,Maha Oya,Badalgama,68f2786d-6ff1-48d5-88ac-fe2d2a39e9be,9.6,6.2,1521590,0,2.07
2026-10-02T09:35:10.954000+00:00,,2026-10-02T09:35:10.954000+00:00,,4.8,Kelani Ganga,Deraniyagala,e65722c5-9f8f-4607-9673-b26633dad896,7,5.8,1521589,0,0.71
2026-10-02T09:34:47.692000+00:00,,2026-10-02T09:34:47.692000+00:00,,4,Nilwala Ganga,Pitabeddara,9ba0ba3a-6db1-4d24-86b3-f48a8fe493fa,6.5,5,1521588,12.2,1.48
2026-10-02T09:34:43.801000+00:00,,2026-10-02T09:34:43.801000+00:00,,4.4,Kirindi Oya,Wellawaya,c0a3e18e-745a-46b3-9156-34590cd21b4b,5.9,5.4,1521587,0,0.85
2026-10-02T09:34:38.440000+00:00,,2026-10-02T09:34:38.440000+00:00,,4,Maduru Oya,Padiyathalawa,0958a549-391e-4300-9282-8764d539f609,6,4.5,1521586,0,0.1
2026-10-02T09:34:34.336000+00:00,,2026-10-02T09:34:34.336000+00:00,,6.5,Kelani Ganga,Hanwella,f46dd81f-cf2f-4599-9a5c-9a90348194f3,9.5,7.5,1521585,0,2.06
2026-10-02T09:34:26.686000+00:00,,2026-10-02T09:34:26.686000+00:00,,4.84,Mee Oya,Galgamuwa,e958b0e2-a952-44eb-a257-04ed8b03fb10,8,5.94,1521584,0,0.02
2026-10-02T09:33:32.071000+00:00,,2026-10-02T09:33:32.071000+00:00,,5,Kumbukkan Oya,Nakkala,5418a0cb-c3f4-4faa-89ae-c42421bbe215,7.5,6,1521583,0,0.57
2026-10-02T09:33:17.537000+00:00,,2026-10-02T09:33:17.537000+00:00,,4,Kalu Ganga,Magura,0297fd7e-e895-49a2-8149-3d13db21183b,7.5,6,1521582,0,1.67
2026-10-02T09:33:17.317000+00:00,,2026-10-02T09:33:17.317000+00:00,,3,Kalu Ganga,Putupaula,d3db667b-4498-48ea-89a5-c0c473e1d0f9,5,4,1521581,0,0.74
2026-10-02T09:33:15.315000+00:00,,2026-10-02T09:33:15.315000+00:00,,5,Kalu Ganga,Kalawellawa (Millakanda),a767903b-c513-4b96-a0fe-915e50eac15f,8,6.5,1521580,0,2.99
2026-10-02T09:33:15.039000+00:00,,2026-10-02T09:33:15.039000+00:00,,4,Kelani Ganga,Nagalagam Street,198b9cd9-1079-4ace-90d0-885a39e73567,7,5,1521579,0,1.7
2026-10-02T09:33:14.699000+00:00,,2026-10-02T09:33:14.699000+00:00,,4,Gin Ganga,Thawalama,3ba227ef-e021-4384-8e74-1435b5a218ca,7.5,6,1521578,34,1.74
2026-10-02T09:32:54.201000+00:00,,2026-10-02T09:32:54.201000+00:00,,3.5,Gin Ganga,Baddegama,0e79f03b-c636-46ac-be0f-7f5ea532b430,5,4,1521577,0,2.03
2026-10-02T09:32:49.516000+00:00,,2026-10-02T09:32:49.516000+00:00,,3,Mahaweli Ganga,Thaldena,e8ab0da9-2da3-40e8-9179-559982ba3470,5,4,1521576,0,0.12
2026-10-02T09:32:28.199000+00:00,,2026-10-02T09:32:28.199000+00:00,,3.3,Aththanagalu Oya,Dunamale,f5b0d80c-9934-45dc-9562-d4cb69893ba3,5.5,4.4,1521575,0,1.02
2026-10-02T09:32:26.747000+00:00,,2026-10-02T09:32:26.747000+00:00,,5,Mahaweli Ganga,Peradeniya,4abf5baf-d344-4df4-85aa-4a7d542f5a71,9,7,1521574,0,1.8
2026-10-02T09:32:23.145000+00:00,,2026-10-02T09:32:23.145000+00:00,,5.5,Maha Oya,Giriulla,ac3fdb6a-f5a5-4feb-9718-b872bf3f86b0,7.5,6.5,1521573,0,1.08
2026-10-02T09:32:21.982000+00:00,,2026-10-02T09:32:21.982000+00:00,,4,Menik Ganga,Katharagama,dcf89770-6808-41d7-81f4-057f89a34a61,6.5,4.6,1521572,0,-0.27
2026-10-02T09:31:38.213000+00:00,,2026-10-02T09:31:38.213000+00:00,,6.9,Kirindi Oya,Kuda Oya,7b4c0aeb-8c37-4221-9ef5-08865d64edba,8.8,8.4,1521571,0,0.96
2026-10-02T09:31:30.767000+00:00,,2026-10-02T09:31:30.767000+00:00,,5,Malwathu Oya,Thanthirimale,cb56ca64-6a0a-4268-8724-279e721cc40c,7.8,6.8,1521570,0,0.45
2026-10-02T09:31:29.370000+00:00,,2026-10-02T09:31:29.370000+00:00,,4,Ma Oya,Yaka Wewa,68bdd8e9-ffaf-4a3c-ba82-4e390779f85d,6,5,1521569,0,0.4
2026-10-02T09:31:13.970000+00:00,,2026-10-02T09:31:13.970000+00:00,,4.5,Heda Oya,Siyambalanduwa,588642ab-b239-4ad8-ac1e-cfd10fe4e670,7,6,1521568,0,0.19
2026-10-02T09:31:00.932000+00:00,,2026-10-02T09:31:00.932000+00:00,,3,Mahaweli Ganga,Manampitiya,a9175ca8-40ea-4239-855f-aa56960a33e9,6,4.3,1521567,0,-0.23
2026-10-02T09:30:38.186000+00:00,,2026-10-02T09:30:38.186000+00:00,,6,Yan Oya,Horowpothana,8d97cab5-f64b-4bcc-b452-d4467fa1d4f0,10.5,7.5,1521566,0,1.66
2026-10-02T09:30:34.970000+00:00,,2026-10-02T09:30:34.970000+00:00,,,Gal Oya,Ampara,5db61e26-8650-438c-a189-3bd56160d567,,,1521565,0,0
2026-10-02T09:30:28.134000+00:00,,2026-10-02T09:30:28.134000+00:00,,3.5,Mahaweli Ganga,Nawalapitiya,97944a90-50b4-4da6-a7f4-395eb39b9039,6,5,1521564,0,1.63
2026-10-02T09:30:13.791000+00:00,,2026-10-02T09:30:13.791000+00:00,,5,Mahaweli Ganga,Weraganthota,5331b2c4-0bea-4a91-8706-7c1be44cc249,8,6,1521563,0,-3.51
2026-10-02T08:47:35.982000+00:00,,2026-10-02T08:47:35.982000+00:00,,5.2,Kalu Ganga,Rathnapura,6aa6a722-7341-42a2-ba12-32c66db1f228,9.5,7.5,1521562,0,1.72
2026-10-02T08:47:13.869000+00:00,,2026-10-02T08:47:13.869000+00:00,,2.5,Nilwala Ganga,Urawa,b417ff19-208d-415c-9712-ce0b4773ab36,6,4,1521561,43.2,0.51
2026-10-02T08:41:00.597000+00:00,,2026-10-02T08:41:00.597000+00:00,,3,Mahaweli Ganga,Thaldena,021a21ec-3033-4906-8106-de84bea63206,5,4,1521560,0,0.13
2026-10-02T08:39:09.486000+00:00,,2026-10-02T08:39:09.486000+00:00,,3.5,Gin Ganga,Baddegama,3b2d2c6c-cc0f-4b44-afc2-53f21986eade,5,4,1521559,0.5,2.06
2026-10-02T08:38:35.653000+00:00,,2026-10-02T08:38:35.653000+00:00,,3,Walawe Ganga,Moraketiya,aed98377-ae14-4b36-b214-ca14322894c0,7,5,1521558,0,0.85
2026-10-02T08:38:16.464000+00:00,,2026-10-02T08:38:16.464000+00:00,,3,Kalu Ganga,Putupaula,435a4cf6-e03d-4c61-a82b-ef7648eb3a32,5,4,1521557,0,0.71
2026-10-02T08:36:30.013000+00:00,,2026-10-02T08:36:30.013000+00:00,,1.4,Nilwala Ganga,Thalgahagoda,90e2fef2-55b2-4447-a0c9-d840fcb6374f,2.8,1.7,1521556,0,0.75
2026-10-02T08:36:16.785000+00:00,,2026-10-02T08:36:16.785000+00:00,,3,Kelani Ganga,Holombuwa,1ce4fa06-173c-48cb-87cc-c6b5ee800e2e,6,4,1521555,0,0.52
2026-10-02T08:35:45.747000+00:00,,2026-10-02T08:35:45.747000+00:00,,5,Mahaweli Ganga,Peradeniya,be79f7e4-c167-4362-b25d-f248cb34cba7,9,7,1521554,0,1.85
2026-10-02T08:35:27.899000+00:00,,2026-10-02T08:35:27.899000+00:00,,5,Nilwala Ganga,Panadugama,d07781b5-7384-4993-9e88-5ab53d21d7e2,7.5,6,1521553,0,3.66
2026-10-02T08:34:38.006000+00:00,,2026-10-02T08:34:38.006000+00:00,,5,Maha Oya,Badalgama,43f5d4e8-58e1-4afa-8b73-a44f7829197d,9.6,6.2,1521552,0,2.06
2026-10-02T08:34:15.110000+00:00,,2026-10-02T08:34:15.110000+00:00,,5.5,Maha Oya,Giriulla,5cbfb6c8-39c5-44f5-959d-9224547dc067,7.5,6.5,1521551,0,1.08
2026-10-02T08:34:04.141000+00:00,,2026-10-02T08:34:04.141000+00:00,,4,Maduru Oya,Padiyathalawa,eb4c7b85-3d4c-460a-a85e-4018459405fb,6,4.5,1521550,0,0.1
2026-10-02T08:33:54.317000+00:00,,2026-10-02T08:33:54.317000+00:00,,3.3,Aththanagalu Oya,Dunamale,d4557b8b-d127-48ca-8a6e-6c9901296891,5.5,4.4,1521549,0,1.02
2026-10-02T08:33:45.129000+00:00,,2026-10-02T08:33:45.129000+00:00,,5,Kumbukkan Oya,Nakkala,31e0d919-5b67-45c6-a2e6-8b0685c21e47,7.5,6,1521548,0,0.57
2026-10-02T08:33:43.828000+00:00,,2026-10-02T08:33:43.828000+00:00,,15,Kelani Ganga,Glencourse,9c783a3f-21d0-49fe-b795-d40c25e1bec1,19,15.5,1521547,0,10.31
2026-10-02T08:33:40.224000+00:00,,2026-10-02T08:33:40.224000+00:00,,6.5,Kelani Ganga,Hanwella,6c1d3761-e508-4fc8-9ceb-6fe61a4fc5a4,9.5,7.5,1521546,0,2.09
2026-10-02T08:33:37.405000+00:00,,2026-10-02T08:33:37.405000+00:00,,3,Kelani Ganga,Kithulgala,9b764413-aab5-452d-9812-29855086a324,6,4,1521545,0,1.76
2026-10-02T08:33:36.667000+00:00,,2026-10-02T08:33:36.667000+00:00,,4,Gin Ganga,Thawalama,7be21b91-0f67-4851-a66c-766ac7bbfe93,7.5,6,1521544,0,1.83
2026-10-02T08:33:27.550000+00:00,,2026-10-02T08:33:27.550000+00:00,,10,Kalu Ganga,Ellagawa,7616a0d6-18f3-4ca0-8973-176be8b0e7bc,12.2,10.7,1521543,0,5.76
2026-10-02T08:33:17.727000+00:00,,2026-10-02T08:33:17.727000+00:00,,3.5,Mahaweli Ganga,Nawalapitiya,0a682d28-2d03-44bd-a91a-f537532b042d,6,5,1521542,4.4,1.42
2026-10-02T08:33:15.485000+00:00,,2026-10-02T08:33:15.485000+00:00,,4.84,Mee Oya,Galgamuwa,973627db-f588-45bc-bb99-a24437fa0244,8,5.94,1521541,0,0.02
2026-10-02T08:33:14.669000+00:00,,2026-10-02T08:33:14.669000+00:00,,4,Nilwala Ganga,Pitabeddara,38723ac8-8a53-45a1-908f-58c368aae7ba,6.5,5,1521540,56.3,1.15
2026-10-02T08:33:08.619000+00:00,,2026-10-02T08:33:08.619000+00:00,,6.9,Kirindi Oya,Kuda Oya,0947e527-74d7-4e7e-82c3-1c0033a1b99f,8.8,8.4,1521539,0,0.96
2026-10-02T08:33:08.438000+00:00,,2026-10-02T08:33:08.438000+00:00,,4.4,Kirindi Oya,Wellawaya,ebb665f3-fbb6-46dc-a52a-98e78719a0f7,5.9,5.4,1521538,0,0.85
2026-10-02T08:32:56.332000+00:00,,2026-10-02T08:32:56.332000+00:00,,4,Kalu Ganga,Magura,ce11d54d-5ccc-44a9-87df-b81db936f1e0,7.5,6,1521537,0,1.7
2026-10-02T08:32:53.184000+00:00,,2026-10-02T08:32:53.184000+00:00,,4.8,Kelani Ganga,Deraniyagala,e70a400e-437e-4520-9eb6-d95f3b237604,7,5.8,1521536,0,0.62
2026-10-02T08:32:39.752000+00:00,,2026-10-02T08:32:39.752000+00:00,,4.5,Heda Oya,Siyambalanduwa,323cff57-2352-4082-83b7-98c10d72edef,7,6,1521535,0,0.2
2026-10-02T08:32:38.597000+00:00,,2026-10-02T08:32:38.597000+00:00,,1.5,Kelani Ganga,Norwood,45f0b6d5-8a9b-42ba-b55a-927d8e7b87c4,4.5,3,1521534,7.6,0.81
2026-10-02T08:32:37.769000+00:00,,2026-10-02T08:32:37.769000+00:00,,6,Yan Oya,Horowpothana,5b07e110-8dda-46e0-8774-98b13f06f084,10.5,7.5,1521533,0,1.66
2026-10-02T08:32:36.391000+00:00,,2026-10-02T08:32:36.391000+00:00,,5,Kalu Ganga,Kalawellawa (Millakanda),d3c51160-cfe9-4084-bfab-47e7a305e621,8,6.5,1521532,0,3.01
2026-10-02T08:31:44.308000+00:00,,2026-10-02T08:31:44.308000+00:00,,4.75,Deduru Oya,Moragaswewa,ff1109ef-86d0-4c89-84fb-9feeba5bcade,7,6,1521531,0,-0.15
2026-10-02T08:31:42.044000+00:00,,2026-10-02T08:31:42.044000+00:00,,4,Ma Oya,Yaka Wewa,69e2ef9f-81bb-4513-8111-6ec3b709d4e9,6,5,1521530,0,0.4
2026-10-02T08:31:27.197000+00:00,,2026-10-02T08:31:27.197000+00:00,,4,Menik Ganga,Katharagama,5a665e20-fa08-46a5-9212-de4f4b379ee8,6.5,4.6,1521529,0,-0.27
2026-10-02T08:31:26.264000+00:00,,2026-10-02T08:31:26.264000+00:00,,4,Kelani Ganga,Nagalagam Street,90ae856c-0029-4314-bfcd-518955428f41,7,5,1521528,0,1.4
2026-10-02T08:31:10.923000+00:00,,2026-10-02T08:31:10.923000+00:00,,3,Mahaweli Ganga,Manampitiya,c54f181e-a24d-44b9-a929-03c2d128e1f7,6,4.3,1521527,0,-0.16
2026-10-02T08:31:03.058000+00:00,,2026-10-02T08:31:03.058000+00:00,,5,Malwathu Oya,Thanthirimale,b8a282bd-cd2f-4d3d-8b6a-d75098c46d58,7.8,6.8,1521526,0,0.45
2026-10-02T08:30:44.049000+00:00,,2026-10-02T08:30:44.049000+00:00,,4,Kirindi Oya,Thanamalwila,333c0572-7493-4fc9-9170-970e8056a244,5.5,5,1521525,0,0.19
2026-10-02T08:30:34.097000+00:00,,2026-10-02T08:30:34.097000+00:00,,,Gal Oya,Ampara,43125583-7d4c-4d9e-b768-61dc77d25d9b,,,1521524,0,0
2026-10-02T08:30:31.764000+00:00,,2026-10-02T08:30:31.764000+00:00,,5,Mahaweli Ganga,Weraganthota,4786e22d-1029-44a2-a0f9-466f6fb9ee7e,8,6,1521523,0,-3.5
2026-10-02T08:01:08.171000+00:00,,2026-10-02T08:01:08.171000+00:00,,2.5,Nilwala Ganga,Urawa,277cfd54-d91b-4c17-8202-fa3be81172a8,6,4,1521522,0,0.45
2026-10-02T07:52:46.297000+00:00,,2026-10-02T07:52:46.297000+00:00,,3,Kelani Ganga,Holombuwa,cd6b04c9-234d-4691-aec3-f13047ed89f8,6,4,1521521,0,0.53
2026-10-02T07:51:41.682000+00:00,,2026-10-02T07:51:41.682000+00:00,,4,Kalu Ganga,Magura,497766db-ee67-4dc4-9bce-f39802dd17d1,7.5,6,1521520,0,1.73
2026-10-02T07:50:27.741000+00:00,,2026-10-02T07:50:27.741000+00:00,,1.4,Nilwala Ganga,Thalgahagoda,cbaa7848-00be-4f7c-ac07-5a2663938fd7,2.8,1.7,1521519,0,0.75
2026-10-02T07:49:44.816000+00:00,,2026-10-02T07:49:44.816000+00:00,,4.75,Deduru Oya,Moragaswewa,00c303f2-fda7-402c-b766-2291817d601b,7,6,1521518,0,-0.15
2026-10-02T07:40:45.214000+00:00,,2026-10-02T07:40:45.214000+00:00,,6.9,Kirindi Oya,Kuda Oya,60713f7f-2346-4191-9a4a-63b3ffadfc07,8.8,8.4,1521517,0,0.96
2026-10-02T07:39:18.385000+00:00,,2026-10-02T07:39:18.385000+00:00,,5.5,Maha Oya,Giriulla,80804bc5-1060-41dd-8b62-41b7108f874e,7.5,6.5,1521516,0,1.08
2026-10-02T07:38:43.770000+00:00,,2026-10-02T07:38:43.770000+00:00,,4,Gin Ganga,Thawalama,62395d70-1c5e-484f-b7bf-fb9250c29d21,7.5,6,1521515,0,1.92
2026-10-02T07:37:34.363000+00:00,,2026-10-02T07:37:34.363000+00:00,,5,Nilwala Ganga,Panadugama,7220f3b0-e1df-4080-805c-c2727c44d0d3,7.5,6,1521514,0,3.71
2026-10-02T07:37:19.015000+00:00,,2026-10-02T07:37:19.015000+00:00,,,Gal Oya,Ampara,417cc761-2b71-457f-a11f-e0ac59add745,,,1521513,0,0
2026-10-02T07:37:15.026000+00:00,,2026-10-02T07:37:15.026000+00:00,,3,Kalu Ganga,Putupaula,371651d0-feb1-41bd-91d0-372aeb66a37f,5,4,1521512,0,0.74
2026-10-02T07:36:26.406000+00:00,,2026-10-02T07:36:26.406000+00:00,,3.5,Gin Ganga,Baddegama,491e3632-1e92-4bfa-b8eb-325dafc2043b,5,4,1521511,0,2.09
2026-10-02T07:36:05.276000+00:00,,2026-10-02T07:36:05.276000+00:00,,5.2,Kalu Ganga,Rathnapura,748bec96-5a7f-4ce2-92ec-34d755025798,9.5,7.5,1521510,0,1.8
2026-10-02T07:36:03.965000+00:00,,2026-10-02T07:36:03.965000+00:00,,5,Maha Oya,Badalgama,ce0465d5-88bd-4c21-93a2-c03db87e9b99,9.6,6.2,1521509,0,2.07
2026-10-02T07:36:03.628000+00:00,,2026-10-02T07:36:03.628000+00:00,,4,Menik Ganga,Katharagama,2b2d42e3-8da5-4f80-ba36-88b46f63194c,6.5,4.6,1521508,0,-0.27
2026-10-02T07:35:57.571000+00:00,,2026-10-02T07:35:57.571000+00:00,,15,Kelani Ganga,Glencourse,7d8134df-0f73-4b61-9620-8caae442ea27,19,15.5,1521507,0,10.34
2026-10-02T07:35:28.911000+00:00,,2026-10-02T07:35:28.911000+00:00,,4.5,Heda Oya,Siyambalanduwa,a4966c54-36c6-4b51-8112-a6458a13d97d,7,6,1521506,0,0.2
2026-10-02T07:35:28.487000+00:00,,2026-10-02T07:35:28.487000+00:00,,10,Kalu Ganga,Ellagawa,10d7cf2d-4fbe-47da-a2b6-aa3040b8b8d6,12.2,10.7,1521505,0,5.82
2026-10-02T07:35:03.477000+00:00,,2026-10-02T07:35:03.477000+00:00,,4,Maduru Oya,Padiyathalawa,047d9773-567d-450a-8261-4b1b999f2d2a,6,4.5,1521504,0,0.1
2026-10-02T07:35:02.141000+00:00,,2026-10-02T07:35:02.141000+00:00,,5,Mahaweli Ganga,Peradeniya,bb9c04d1-2645-4ef6-8943-022b5467cc35,9,7,1521503,0,1.91
2026-10-02T07:34:26.986000+00:00,,2026-10-02T07:34:26.986000+00:00,,4,Kirindi Oya,Thanamalwila,3e33eeb6-4b55-496f-a91f-d7226e620b63,5.5,5,1521502,0,0.19
2026-10-02T07:34:00.027000+00:00,,2026-10-02T07:34:00.027000+00:00,,3,Kelani Ganga,Kithulgala,31db6865-ad52-40ab-98f6-e66440529548,6,4,1521501,0,2.13
2026-10-02T07:33:31.432000+00:00,,2026-10-02T07:33:31.432000+00:00,,4.8,Kelani Ganga,Deraniyagala,6726f36d-1e1f-453d-ab74-0dbeea1e9301,7,5.8,1521500,0,0.47
2026-10-02T07:33:20.116000+00:00,,2026-10-02T07:33:20.116000+00:00,,5,Malwathu Oya,Thanthirimale,c25c8f5a-3703-4a30-afcd-df684686538a,7.8,6.8,1521499,0,0.46
2026-10-02T07:33:14.783000+00:00,,2026-10-02T07:33:14.783000+00:00,,4,Nilwala Ganga,Pitabeddara,6d291176-5107-48b7-99d5-b7bfed131735,6.5,5,1521498,0,1.18
2026-10-02T07:33:13.969000+00:00,,2026-10-02T07:33:13.969000+00:00,,5,Kalu Ganga,Kalawellawa (Millakanda),7eac966e-5094-4da0-a030-b1689d900e8f,8,6.5,1521497,0,3.02
2026-10-02T07:33:09.724000+00:00,,2026-10-02T07:33:09.724000+00:00,,6,Yan Oya,Horowpothana,e5ae2bcc-1b36-49fe-bd14-0940d03181ac,10.5,7.5,1521496,0,1.66
2026-10-02T07:33:07.432000+00:00,,2026-10-02T07:33:07.432000+00:00,,6.5,Kelani Ganga,Hanwella,77af9143-bc42-4a17-9ea6-87198b5038b7,9.5,7.5,1521495,0,2.12
2026-10-02T07:33:04.187000+00:00,,2026-10-02T07:33:04.187000+00:00,,4.84,Mee Oya,Galgamuwa,274aed97-f4f7-470f-8734-db7e1be639d0,8,5.94,1521494,0,0.02
2026-10-02T07:33:00.425000+00:00,,2026-10-02T07:33:00.425000+00:00,,1.5,Kelani Ganga,Norwood,cb6a0f83-62aa-408d-af76-f6eaf401efe7,4.5,3,1521493,0,0.76
2026-10-02T07:32:57.348000+00:00,,2026-10-02T07:32:57.348000+00:00,,4,Kelani Ganga,Nagalagam Street,34d2b2a2-a69b-4e45-8f26-484b78c632ed,7,5,1521492,0,1.1
2026-10-02T07:32:55.918000+00:00,,2026-10-02T07:32:55.918000+00:00,,3,Walawe Ganga,Moraketiya,47df44ed-6cee-477f-b0e7-4c56773e2f5c,7,5,1521491,0,0.87
2026-10-02T07:32:41.587000+00:00,,2026-10-02T07:32:41.587000+00:00,,3.3,Aththanagalu Oya,Dunamale,7d258607-f305-4e22-90fa-9e453bf20a39,5.5,4.4,1521490,0,1.03
2026-10-02T07:32:40.985000+00:00,,2026-10-02T07:32:40.985000+00:00,,4.4,Kirindi Oya,Wellawaya,47267d2a-d132-41fd-a8ec-ef8ca32f0e74,5.9,5.4,1521489,0,0.85
2026-10-02T07:31:47.197000+00:00,,2026-10-02T07:31:47.197000+00:00,,4,Ma Oya,Yaka Wewa,46152af3-1552-4109-aa15-65f090ba7304,6,5,1521488,0,0.4
2026-10-02T07:31:34.379000+00:00,,2026-10-02T07:31:34.379000+00:00,,3,Mahaweli Ganga,Manampitiya,33900389-9cb1-47c0-9a41-559a54ecb7a1,6,4.3,1521487,0,-0.12
2026-10-02T07:31:30.156000+00:00,,2026-10-02T07:31:30.156000+00:00,,3.5,Mahaweli Ganga,Nawalapitiya,3faedcd8-8951-494f-b6bd-6c83105ce7b0,6,5,1521486,0,1.4
2026-10-02T07:30:48.133000+00:00,,2026-10-02T07:30:48.133000+00:00,,5,Kumbukkan Oya,Nakkala,8a7c36f9-11e9-4612-b3cb-3e96e14a77a4,7.5,6,1521485,0,0.58
2026-10-02T07:30:34.033000+00:00,,2026-10-02T07:30:34.033000+00:00,,5,Mahaweli Ganga,Weraganthota,5cd9cc2c-6b8d-4bc0-bc88-0706ccf02639,8,6,1521484,0,-3.48
2026-10-02T07:30:29.750000+00:00,,2026-10-02T07:30:29.750000+00:00,,3,Mahaweli Ganga,Thaldena,34a09900-aa63-4386-8980-549531d4eac6,5,4,1521483,0,0.12
2026-10-02T06:41:50.977000+00:00,,2026-10-02T06:41:50.977000+00:00,,2.5,Nilwala Ganga,Urawa,e92a6ae4-8732-4176-b04e-e5171cd0211f,6,4,1521482,0,0.46
2026-10-02T06:41:42.067000+00:00,,2026-10-02T06:41:42.067000+00:00,,1.4,Nilwala Ganga,Thalgahagoda,b08871b3-ae70-4ca6-aca8-9e12cda3d176,2.8,1.7,1521481,0,0.75
2026-10-02T06:38:05.194000+00:00,,2026-10-02T06:38:05.194000+00:00,,4,Kalu Ganga,Magura,9630101d-ee20-4673-90b3-b1f867c8b8c1,7.5,6,1521480,0,1.75
2026-10-02T06:37:25.621000+00:00,,2026-10-02T06:37:25.621000+00:00,,4,Kirindi Oya,Thanamalwila,50d8b56f-28c8-497e-914f-88a22ef5c969,5.5,5,1521479,0,0.2
2026-10-02T06:36:49.605000+00:00,,2026-10-02T06:36:49.605000+00:00,,3,Kelani Ganga,Kithulgala,80668531-e6aa-421d-8583-027d23e7cc9f,6,4,1521478,0,1.73
2026-10-02T06:35:51.687000+00:00,,2026-10-02T06:35:51.687000+00:00,,5.2,Kalu Ganga,Rathnapura,af6ab275-593c-44aa-9d62-80492b86505c,9.5,7.5,1521477,0,1.85
2026-10-02T06:35:51.277000+00:00,,2026-10-02T06:35:51.277000+00:00,,4,Menik Ganga,Katharagama,03cf044b-744f-40ed-9991-bf8ec7d83d7b,6.5,4.6,1521476,0,-0.27
2026-10-02T06:35:48.516000+00:00,,2026-10-02T06:35:48.516000+00:00,,3,Kelani Ganga,Holombuwa,90627920-4f52-480d-98ae-995b7c6360ab,6,4,1521475,0,0.53
2026-10-02T06:35:20.162000+00:00,,2026-10-02T06:35:20.162000+00:00,,3.5,Gin Ganga,Baddegama,6dd2761b-22b8-4b2b-90a7-02410e49caf5,5,4,1521474,0,2.12
2026-10-02T06:35:12.360000+00:00,,2026-10-02T06:35:12.360000+00:00,,10,Kalu Ganga,Ellagawa,eca82fbf-5f1e-476e-9956-9f6581e503f7,12.2,10.7,1521473,0,5.88
2026-10-02T06:34:47.279000+00:00,,2026-10-02T06:34:47.279000+00:00,,4.75,Deduru Oya,Moragaswewa,c6c05957-b13b-45f5-b285-46b93684a979,7,6,1521472,0,-0.15
2026-10-02T06:34:10.981000+00:00,,2026-10-02T06:34:10.981000+00:00,,5,Kalu Ganga,Kalawellawa (Millakanda),87705d3c-5c4e-4f51-a86c-88a2a42bda4a,8,6.5,1521471,0,3.04
2026-10-02T06:34:07.652000+00:00,,2026-10-02T06:34:07.652000+00:00,,4,Maduru Oya,Padiyathalawa,2ed7d7ac-df2b-4399-beaa-6917b6610f57,6,4.5,1521470,0,0.1
2026-10-02T06:33:49.954000+00:00,,2026-10-02T06:33:49.954000+00:00,,3.3,Aththanagalu Oya,Dunamale,f7a171bd-9cb3-4f27-9c6f-8aa9f83a2f1c,5.5,4.4,1521469,0,1.02
2026-10-02T06:33:39.422000+00:00,,2026-10-02T06:33:39.422000+00:00,,3,Mahaweli Ganga,Thaldena,85a70279-6c80-4fbe-9e9b-db38615610b4,5,4,1521468,0,0.04
2026-10-02T06:33:32.776000+00:00,,2026-10-02T06:33:32.776000+00:00,,1.5,Kelani Ganga,Norwood,2d137fec-4fe0-4568-8e6d-789bf3ec866c,4.5,3,1521467,0,0.76
2026-10-02T06:33:24.722000+00:00,,2026-10-02T06:33:24.722000+00:00,,3,Walawe Ganga,Moraketiya,14800f4a-7966-4374-8faa-5e8cdeff8a38,7,5,1521466,0,0.88
2026-10-02T06:33:12.225000+00:00,,2026-10-02T06:33:12.225000+00:00,,4.84,Mee Oya,Galgamuwa,9f695adf-ce4a-449b-80ae-7d8ed08feff8,8,5.94,1521465,0,0.02
2026-10-02T06:33:10.510000+00:00,,2026-10-02T06:33:10.510000+00:00,,5,Nilwala Ganga,Panadugama,7d5e4d84-207f-47dc-97a9-f61cbedd0657,7.5,6,1521464,0,3.77
2026-10-02T06:33:10.293000+00:00,,2026-10-02T06:33:10.293000+00:00,,5,Maha Oya,Badalgama,2cbfa83a-585d-4fce-9361-81ae05009a3a,9.6,6.2,1521463,0,2.07
2026-10-02T06:33:10.041000+00:00,,2026-10-02T06:33:10.041000+00:00,,15,Kelani Ganga,Glencourse,d0dd78f7-116d-4c0d-8223-6e68cc8e3e58,19,15.5,1521462,0,10.37
2026-10-02T06:33:08.381000+00:00,,2026-10-02T06:33:08.381000+00:00,,4,Kelani Ganga,Nagalagam Street,b098bceb-e4fc-4380-b0b2-db8572ae9c2b,7,5,1521461,0,1
2026-10-02T06:32:57.233000+00:00,,2026-10-02T06:32:57.233000+00:00,,5.5,Maha Oya,Giriulla,5fedc0fe-e6c8-4a22-9013-eaede941657c,7.5,6.5,1521460,0,1.07
2026-10-02T06:32:52.027000+00:00,,2026-10-02T06:32:52.027000+00:00,,6.5,Kelani Ganga,Hanwella,ab639a98-45a8-4a4a-9574-9d5b580cb61b,9.5,7.5,1521459,0,2.15
2026-10-02T06:32:49.165000+00:00,,2026-10-02T06:32:49.165000+00:00,,4.8,Kelani Ganga,Deraniyagala,c6772079-08e3-4651-a4e9-49d2b851813e,7,5.8,1521458,0,0.51
2026-10-02T06:32:47.303000+00:00,,2026-10-02T06:32:47.303000+00:00,,3,Kalu Ganga,Putupaula,04b179d5-ed1f-49e9-abdb-9d1fb0bfb431,5,4,1521457,0,0.71
2026-10-02T06:32:38.894000+00:00,,2026-10-02T06:32:38.894000+00:00,,4,Gin Ganga,Thawalama,a11e4ce1-712b-42d3-82d1-19ec7ff4c7e0,7.5,6,1521456,0,1.94
2026-10-02T06:32:21.315000+00:00,,2026-10-02T06:32:21.315000+00:00,,6.9,Kirindi Oya,Kuda Oya,4aed78d0-2405-4c35-bce9-32a383b96a86,8.8,8.4,1521455,0,0.97
2026-10-02T06:31:55.853000+00:00,,2026-10-02T06:31:55.853000+00:00,,3,Mahaweli Ganga,Manampitiya,9310d780-1c47-4958-956f-f3e5fb13f65d,6,4.3,1521454,0,-0.1
2026-10-02T06:31:48.858000+00:00,,2026-10-02T06:31:48.858000+00:00,,5,Mahaweli Ganga,Peradeniya,6afb822c-42d8-4b2b-9454-35dc5ccad330,9,7,1521453,0,2
2026-10-02T06:31:48.433000+00:00,,2026-10-02T06:31:48.433000+00:00,,5,Kumbukkan Oya,Nakkala,d0056d38-1b5b-49b0-8d5f-24fc171c591a,7.5,6,1521452,0,0.58
2026-10-02T06:31:44.350000+00:00,,2026-10-02T06:31:44.350000+00:00,,4,Nilwala Ganga,Pitabeddara,a8767186-99b5-46f1-a498-1222f81765e3,6.5,5,1521451,0,1.24
2026-10-02T06:31:26.835000+00:00,,2026-10-02T06:31:26.835000+00:00,,4,Ma Oya,Yaka Wewa,3021ab4b-dbb6-4a55-8638-3baa3121b8ab,6,5,1521450,0,0.4
2026-10-02T06:31:17.684000+00:00,,2026-10-02T06:31:17.684000+00:00,,4.4,Kirindi Oya,Wellawaya,30891050-390b-4475-bfa8-928548ea3f37,5.9,5.4,1521449,0,0.85
2026-10-02T06:31:09.163000+00:00,,2026-10-02T06:31:09.163000+00:00,,,Gal Oya,Ampara,4d2405d9-e23f-4da5-ae62-124492484e58,,,1521448,0,0
2026-10-02T06:30:47.723000+00:00,,2026-10-02T06:30:47.723000+00:00,,3.5,Mahaweli Ganga,Nawalapitiya,cec6a3ab-cb24-47ce-aada-78b8836b4ce0,6,5,1521447,0,1.41
2026-10-02T06:30:33.279000+00:00,,2026-10-02T06:30:33.279000+00:00,,6,Yan Oya,Horowpothana,8aa7a45e-d60e-4521-a15d-8cbdd98aa5f1,10.5,7.5,1521446,0,1.67
2026-10-02T06:30:28.334000+00:00,,2026-10-02T06:30:28.334000+00:00,,5,Malwathu Oya,Thanthirimale,778973ef-361c-49db-98f1-2623755a0498,7.8,6.8,1521445,0,0.46
2026-10-02T06:30:14.180000+00:00,,2026-10-02T06:30:14.180000+00:00,,5,Mahaweli Ganga,Weraganthota,4ede7973-0621-4537-855e-5465097d7cc9,8,6,1521444,0,-3.46
2026-10-02T06:30:10.361000+00:00,,2026-10-02T06:30:10.361000+00:00,,4.5,Heda Oya,Siyambalanduwa,e2b35624-0880-46dd-871f-0cbe67d83623,7,6,1521443,0,0.2
2026-10-02T05:45:28.195000+00:00,,2026-10-02T05:45:28.195000+00:00,,2.5,Nilwala Ganga,Urawa,f5066861-62fa-42ee-b9a4-811e89923316,6,4,1521442,0,0.47
2026-10-02T05:44:21.835000+00:00,,2026-10-02T05:44:21.835000+00:00,,5,Nilwala Ganga,Panadugama,ec58193f-9929-4813-8d71-cdabbb9a011b,7.5,6,1521441,0,3.85
2026-10-02T05:43:09.450000+00:00,,2026-10-02T05:43:09.450000+00:00,,1.4,Nilwala Ganga,Thalgahagoda,68508767-5ff8-4d00-ba13-e0bcc257542f,2.8,1.7,1521440,0,0.5
2026-10-02T05:37:43.387000+00:00,,2026-10-02T05:37:43.387000+00:00,,4,Kalu Ganga,Magura,c33027ac-0ee6-414b-816d-bfd6b154892a,7.5,6,1521438,0,1.77
2026-10-02T05:37:31.237000+00:00,,2026-10-02T05:37:31.237000+00:00,,4.5,Heda Oya,Siyambalanduwa,644492b0-7a66-41b8-9169-b84ff2ec7213,7,6,1521437,0,0.2
2026-10-02T05:36:57.140000+00:00,,2026-10-02T05:36:57.140000+00:00,,3,Kelani Ganga,Kithulgala,43d8d826-8b8f-4d2a-9273-4c219c7fb1a2,6,4,1521436,0,1.91
2026-10-02T05:36:10.599000+00:00,,2026-10-02T05:36:10.599000+00:00,,5,Maha Oya,Badalgama,161e2c90-338d-4e55-98d9-613bd7762eae,9.6,6.2,1521435,0,2.07
2026-10-02T05:36:04.621000+00:00,,2026-10-02T05:36:04.621000+00:00,,5.2,Kalu Ganga,Rathnapura,df4f897b-714d-4196-901e-14d82fe16d8f,9.5,7.5,1521434,0,1.9
2026-10-02T05:35:05.375000+00:00,,2026-10-02T05:35:05.375000+00:00,,4.4,Kirindi Oya,Wellawaya,66383211-e65e-42a0-b87c-7cf3ad76979a,5.9,5.4,1521433,0,0.85
2026-10-02T05:35:03.407000+00:00,,2026-10-02T05:35:03.407000+00:00,,3,Kelani Ganga,Holombuwa,0142cd5a-692f-4046-8b41-c523f2089d4a,6,4,1521432,0,0.53
2026-10-02T05:34:39.815000+00:00,,2026-10-02T05:34:39.815000+00:00,,5,Mahaweli Ganga,Peradeniya,bd4c6d48-d9e2-4ec7-9ceb-52b33745d866,9,7,1521431,0,2.2
2026-10-02T05:34:30.732000+00:00,,2026-10-02T05:34:30.732000+00:00,,15,Kelani Ganga,Glencourse,d69cd061-65db-4613-b3ee-d43963c2a634,19,15.5,1521430,0,10.4
2026-10-02T05:34:26.087000+00:00,,2026-10-02T05:34:26.087000+00:00,,3,Walawe Ganga,Moraketiya,3ce7b75a-8f46-4f21-a828-32f5297bd29a,7,5,1521429,0,0.91
2026-10-02T05:34:22.876000+00:00,,2026-10-02T05:34:22.876000+00:00,,10,Kalu Ganga,Ellagawa,83c00488-0cb3-4dce-ba57-7d013ce9e0db,12.2,10.7,1521428,0,5.94
2026-10-02T05:34:16.310000+00:00,,2026-10-02T05:34:16.310000+00:00,,1.5,Kelani Ganga,Norwood,15e25c10-53de-4d52-ba4d-80f2497a90e0,4.5,3,1521427,0,0.77
2026-10-02T05:33:24.585000+00:00,,2026-10-02T05:33:24.585000+00:00,,3.5,Gin Ganga,Baddegama,a946d785-4c8c-4c98-b0d5-211e46b428c9,5,4,1521426,0,2.13
2026-10-02T05:33:18.797000+00:00,,2026-10-02T05:33:18.797000+00:00,,6.5,Kelani Ganga,Hanwella,2102fab2-94c2-40b9-b03c-c8e97e8f4330,9.5,7.5,1521425,0,2.18
2026-10-02T05:33:18.288000+00:00,,2026-10-02T05:33:18.288000+00:00,,3.3,Aththanagalu Oya,Dunamale,f17e2c63-ac56-4a47-8da5-9087f47b6bc1,5.5,4.4,1521424,0,0.99
2026-10-02T05:33:09.721000+00:00,,2026-10-02T05:33:09.721000+00:00,,3,Kalu Ganga,Putupaula,c8228917-e44a-4cf8-a939-dcc7c2834051,5,4,1521423,0,0.73
2026-10-02T05:33:01.722000+00:00,,2026-10-02T05:33:01.722000+00:00,,5,Kumbukkan Oya,Nakkala,feca703c-8fd0-43e0-8264-1a9e96909a5f,7.5,6,1521422,0,0.58
2026-10-02T05:32:43.785000+00:00,,2026-10-02T05:32:43.785000+00:00,,4.75,Deduru Oya,Moragaswewa,26002c5f-8e2b-4287-ba1c-af7e721a915c,7,6,1521421,0,-0.15
2026-10-02T05:32:42.862000+00:00,,2026-10-02T05:32:42.862000+00:00,,4,Kelani Ganga,Nagalagam Street,2ba0b302-fe67-4387-af64-b2e74271acf8,7,5,1521420,0,0.95
2026-10-02T05:32:29.803000+00:00,,2026-10-02T05:32:29.803000+00:00,,4,Menik Ganga,Katharagama,0c525974-5267-4546-bdfd-a9d4989fff30,6.5,4.6,1521419,0,-0.27
2026-10-02T05:32:26.139000+00:00,,2026-10-02T05:32:26.139000+00:00,,4.84,Mee Oya,Galgamuwa,2a4f10a6-0011-405a-bbc1-4b399f423488,8,5.94,1521418,0,0.02
2026-10-02T05:32:25.772000+00:00,,2026-10-02T05:32:25.772000+00:00,,5,Kalu Ganga,Kalawellawa (Millakanda),eb14f3a6-8c80-4161-ae63-feb75ad59c51,8,6.5,1521417,0,3.04
2026-10-02T05:32:20.390000+00:00,,2026-10-02T05:32:20.390000+00:00,,6.9,Kirindi Oya,Kuda Oya,b4126ba1-db18-4140-adf9-40fb94cd985c,8.8,8.4,1521416,0,0.97
2026-10-02T05:32:19.121000+00:00,,2026-10-02T05:32:19.121000+00:00,,6,Yan Oya,Horowpothana,ebdc1548-0d50-4ec1-abfb-f2cfe008bb54,10.5,7.5,1521415,0,1.67
2026-10-02T05:32:15.053000+00:00,,2026-10-02T05:32:15.053000+00:00,,4.8,Kelani Ganga,Deraniyagala,e1aca4a0-240f-47aa-8a08-809539b6db5e,7,5.8,1521414,0,0.64
2026-10-02T05:32:07.439000+00:00,,2026-10-02T05:32:07.439000+00:00,,4,Nilwala Ganga,Pitabeddara,d9e4d560-0e54-4fae-afe1-1db1872bd8f6,6.5,5,1521413,0,1.3
2026-10-02T05:31:58.122000+00:00,,2026-10-02T05:31:58.122000+00:00,,5.5,Maha Oya,Giriulla,603d5ec0-8eb6-4ba0-8180-ec3e195dcc07,7.5,6.5,1521412,0,1.05
2026-10-02T05:31:50.775000+00:00,,2026-10-02T05:31:50.775000+00:00,,4,Gin Ganga,Thawalama,5fb66a95-be31-488d-9e65-d6d27bae642b,7.5,6,1521411,0,2
2026-10-02T05:31:48.613000+00:00,,2026-10-02T05:31:48.613000+00:00,,4,Ma Oya,Yaka Wewa,c918b958-44d7-4a32-80f4-612dcfad3442,6,5,1521410,0,0.4
2026-10-02T05:31:24.652000+00:00,,2026-10-02T05:31:24.652000+00:00,,3,Mahaweli Ganga,Thaldena,1c4f5aab-c7e8-4af0-906a-caf2e27ab4da,5,4,1521409,0,0.09
2026-10-02T05:31:24.001000+00:00,,2026-10-02T05:31:24.001000+00:00,,4,Maduru Oya,Padiyathalawa,35c7e7ca-49f8-4fc7-9237-a4b03ca03ea9,6,4.5,1521408,0,0.1
2026-10-02T05:31:15.882000+00:00,,2026-10-02T05:31:15.882000+00:00,,,Gal Oya,Ampara,f518f54a-75da-4e84-b2a3-7e4ee7c1e6f9,,,1521407,0,0
2026-10-02T05:30:52.345000+00:00,,2026-10-02T05:30:52.345000+00:00,,3,Mahaweli Ganga,Manampitiya,1e031aa5-63b2-4913-b6e0-980422f6a733,6,4.3,1521406,0,-0.1
2026-10-02T05:30:51.083000+00:00,,2026-10-02T05:30:51.083000+00:00,,5,Malwathu Oya,Thanthirimale,a49ff704-eacb-485c-a973-55bb886f8e36,7.8,6.8,1521405,0,0.46
2026-10-02T05:30:45.692000+00:00,,2026-10-02T05:30:45.692000+00:00,,5,Mahaweli Ganga,Weraganthota,856db855-5f4c-4c36-94e2-1d6c6eb74c3f,8,6,1521404,0,-3.43
2026-10-02T05:30:09.530000+00:00,,2026-10-02T05:30:09.530000+00:00,,3.5,Mahaweli Ganga,Nawalapitiya,6f2a8ae9-85df-4e63-9f34-e341dbbe282e,6,5,1521403,0,1.41
2026-10-02T04:59:12.163000+00:00,,2026-10-02T04:59:12.163000+00:00,,5,Nilwala Ganga,Panadugama,35f5a5cd-8e79-4afc-8700-05180d3eeab3,7.5,6,1521402,0,3.92
2026-10-02T04:47:02.138000+00:00,,2026-10-02T04:47:02.138000+00:00,,4.75,Deduru Oya,Moragaswewa,56fdac8c-c295-45bf-9ef7-5bcf78ed4e10,7,6,1521401,0,-0.15
2026-10-02T04:44:40.384000+00:00,,2026-10-02T04:44:40.384000+00:00,,4,Kalu Ganga,Magura,0e875699-adf2-4bbf-ad3b-2e4fb1813973,7.5,6,1521400,0,1.79
2026-10-02T04:42:37.741000+00:00,,2026-10-02T04:42:37.741000+00:00,,5.2,Kalu Ganga,Rathnapura,1ac80732-654b-4d59-ac09-134d99567994,9.5,7.5,1521399,0,1.95
2026-10-02T04:39:12.394000+00:00,,2026-10-02T04:39:12.394000+00:00,,5,Mahaweli Ganga,Peradeniya,69ee6fea-0c59-4f18-be78-cd38718bd52e,9,7,1521398,0,2.58
2026-10-02T04:38:11.372000+00:00,,2026-10-02T04:38:11.372000+00:00,,3,Mahaweli Ganga,Thaldena,0d061340-021c-4737-982f-ffde34bb6dd3,5,4,1521397,0,0.12
2026-10-02T04:38:03.454000+00:00,,2026-10-02T04:38:03.454000+00:00,,3,Walawe Ganga,Moraketiya,1e93971c-f348-466a-99e0-b1a40b5c63f0,7,5,1521396,0,0.93
2026-10-02T04:37:30.444000+00:00,,2026-10-02T04:37:30.444000+00:00,,15,Kelani Ganga,Glencourse,0ac7d26c-a856-4c81-bb7a-1428b1949735,19,15.5,1521395,0,10.45
2026-10-02T04:36:46.569000+00:00,,2026-10-02T04:36:46.569000+00:00,,3,Kelani Ganga,Holombuwa,03841140-1090-45aa-aa81-7a5f4264ded1,6,4,1521394,0,0.52
2026-10-02T04:36:34.284000+00:00,,2026-10-02T04:36:34.284000+00:00,,10,Kalu Ganga,Ellagawa,95027008-dc26-4d60-ac34-bce3b4ec6c77,12.2,10.7,1521393,0,5.99
2026-10-02T04:36:29.983000+00:00,,2026-10-02T04:36:29.983000+00:00,,3.5,Gin Ganga,Baddegama,80616e95-89d5-4e9c-9640-572e7c397868,5,4,1521392,0,2.14
2026-10-02T04:35:22.886000+00:00,,2026-10-02T04:35:22.886000+00:00,,3,Kalu Ganga,Putupaula,00429446-f9cd-4ebd-81ad-9fa2bc3728fb,5,4,1521391,0,0.76
2026-10-02T04:34:20.737000+00:00,,2026-10-02T04:34:20.737000+00:00,,2.5,Nilwala Ganga,Urawa,9fc6b3e4-3ab4-4fb7-b4cb-7e72343e18a2,6,4,1521390,0,0.48
2026-10-02T04:34:15.665000+00:00,,2026-10-02T04:34:15.665000+00:00,,4,Menik Ganga,Katharagama,afa7b296-f95d-4482-9fb3-2a8ad33b85d5,6.5,4.6,1521389,0,-0.27
2026-10-02T04:33:50.400000+00:00,,2026-10-02T04:33:50.400000+00:00,,1.5,Kelani Ganga,Norwood,1f0659c0-e072-4277-8bf2-3aeeecdab912,4.5,3,1521388,0,0.77
2026-10-02T04:33:45.048000+00:00,,2026-10-02T04:33:45.048000+00:00,,5,Maha Oya,Badalgama,85701be1-ac93-4c64-ba3e-602a19b5260a,9.6,6.2,1521387,0,2.07
2026-10-02T04:33:35.406000+00:00,,2026-10-02T04:33:35.406000+00:00,,4,Kirindi Oya,Thanamalwila,009765c7-8669-4a65-9dac-d00e68275625,5.5,5,1521386,0,0.2
2026-10-02T04:33:33.956000+00:00,,2026-10-02T04:33:33.956000+00:00,,4.8,Kelani Ganga,Deraniyagala,2f558694-afc3-4221-80b0-3bb6d62141cb,7,5.8,1521385,0,0.78
2026-10-02T04:33:24.028000+00:00,,2026-10-02T04:33:24.028000+00:00,,3.3,Aththanagalu Oya,Dunamale,640f1e97-9b78-4f8d-a254-4ea1a17e5bf5,5.5,4.4,1521384,0,0.99
2026-10-02T04:33:22.792000+00:00,,2026-10-02T04:33:22.792000+00:00,,6.5,Kelani Ganga,Hanwella,cc786e29-e45c-4915-a908-06c38b94d119,9.5,7.5,1521383,0,2.22
2026-10-02T04:33:17.661000+00:00,,2026-10-02T04:33:17.661000+00:00,,5,Kalu Ganga,Kalawellawa (Millakanda),ec736a01-fdd8-4a88-8d4a-d770214e108a,8,6.5,1521382,0,3.05
2026-10-02T04:33:05.767000+00:00,,2026-10-02T04:33:05.767000+00:00,,4.4,Kirindi Oya,Wellawaya,d004d60b-6b54-4013-8cec-cd9486711f31,5.9,5.4,1521381,0,0.85
2026-10-02T04:33:02.604000+00:00,,2026-10-02T04:33:02.604000+00:00,,4,Kelani Ganga,Nagalagam Street,3609520a-12f4-42c3-afda-81c828c31bab,7,5,1521380,0,1.05
2026-10-02T04:33:01.858000+00:00,,2026-10-02T04:33:01.858000+00:00,,4,Gin Ganga,Thawalama,31e27d75-071d-4c39-849b-b6d2d9ce2607,7.5,6,1521379,0,2.06
2026-10-02T04:32:15.727000+00:00,,2026-10-02T04:32:15.727000+00:00,,6.9,Kirindi Oya,Kuda Oya,81c3755c-3be5-4a93-aea3-9e47be801d9b,8.8,8.4,1521378,0,0.97
2026-10-02T04:32:04.793000+00:00,,2026-10-02T04:32:04.793000+00:00,,3,Kelani Ganga,Kithulgala,18773d6b-e1a0-4d6e-8147-cacc407551f5,6,4,1521377,0,1.87
2026-10-02T04:31:57.662000+00:00,,2026-10-02T04:31:57.662000+00:00,,4,Ma Oya,Yaka Wewa,173bca83-e062-4f08-87da-b5b5d00cac3a,6,5,1521376,0,0.4
2026-10-02T04:31:57.350000+00:00,,2026-10-02T04:31:57.350000+00:00,,3.5,Mahaweli Ganga,Nawalapitiya,1092347b-37e2-4dc7-9aef-d38cc9ffa3b0,6,5,1521375,0,1.41
2026-10-02T04:31:48.237000+00:00,,2026-10-02T04:31:48.237000+00:00,,5.5,Maha Oya,Giriulla,ba683d53-133b-4f76-8a3e-f6cca48cd227,7.5,6.5,1521374,0,1.03
2026-10-02T04:31:29.908000+00:00,,2026-10-02T04:31:29.908000+00:00,,4.84,Mee Oya,Galgamuwa,80b2518d-fe93-4867-8e08-0e07a24243e4,8,5.94,1521373,0,0.02
2026-10-02T04:31:26.414000+00:00,,2026-10-02T04:31:26.414000+00:00,,4,Maduru Oya,Padiyathalawa,4fe88119-2e80-421e-b5b4-980897028772,6,4.5,1521372,0,0.1
2026-10-02T04:31:20.526000+00:00,,2026-10-02T04:31:20.526000+00:00,,4,Nilwala Ganga,Pitabeddara,c75cc1e4-4aa7-4a64-ac1c-23c3c4b80be7,6.5,5,1521371,0,1.35
2026-10-02T04:31:19.720000+00:00,,2026-10-02T04:31:19.720000+00:00,,5,Mahaweli Ganga,Weraganthota,d23de52a-fe0a-41f7-9832-b5b9d4e90939,8,6,1521370,0,-3.36
2026-10-02T04:31:17.069000+00:00,,2026-10-02T04:31:17.069000+00:00,,4.5,Heda Oya,Siyambalanduwa,ed931a7b-706a-4b20-8352-3f1fb0a90646,7,6,1521369,0,0.2
2026-10-02T04:31:01.528000+00:00,,2026-10-02T04:31:01.528000+00:00,,5,Kumbukkan Oya,Nakkala,70322d3e-d231-4535-826a-d6e386d3859d,7.5,6,1521368,0,0.58
2026-10-02T04:30:52.130000+00:00,,2026-10-02T04:30:52.130000+00:00,,6,Yan Oya,Horowpothana,975d59f7-a76b-45bd-bf78-9ef75b8e3c54,10.5,7.5,1521367,0,1.67
2026-10-02T04:30:52.003000+00:00,,2026-10-02T04:30:52.003000+00:00,,3,Mahaweli Ganga,Manampitiya,30621c4f-55f8-4051-9c0c-cba3c491a738,6,4.3,1521366,0,-0.1
2026-10-02T04:30:46.941000+00:00,,2026-10-02T04:30:46.941000+00:00,,1.4,Nilwala Ganga,Thalgahagoda,b1fad12b-bb6c-41ba-98b5-3827a6f36113,2.8,1.7,1521365,0,0.53
2026-10-02T04:30:46.387000+00:00,,2026-10-02T04:30:46.387000+00:00,,,Gal Oya,Ampara,9ef91cec-6240-4c23-b903-ffe2c2521df9,,,1521364,0,0
2026-10-02T04:30:28.419000+00:00,,2026-10-02T04:30:28.419000+00:00,,5,Malwathu Oya,Thanthirimale,5240f8ac-ad41-4250-a24c-a2864c5ea39d,7.8,6.8,1521363,0,0.46
2026-10-02T03:48:04.580000+00:00,,2026-10-02T03:48:04.580000+00:00,,5.2,Kalu Ganga,Rathnapura,a751dc4e-95ee-47e0-9b85-06c3a3004a9f,9.5,7.5,1521362,0,2.05
2026-10-02T03:42:36.073000+00:00,,2026-10-02T03:42:36.073000+00:00,,1.4,Nilwala Ganga,Thalgahagoda,dd7b4f73-eb7c-4390-8068-1839e9132f41,2.8,1.7,1521361,0,0.85
2026-10-02T03:41:21.294000+00:00,,2026-10-02T03:41:21.294000+00:00,,2.5,Nilwala Ganga,Urawa,8d9c90a2-c813-43ec-927f-8451e424f70f,6,4,1521360,0,0.49
2026-10-02T03:41:05.653000+00:00,,2026-10-02T03:41:05.653000+00:00,,4,Nilwala Ganga,Pitabeddara,ba60c32f-2e69-4875-b8c5-229dda264421,6.5,5,1521359,0,1.4
2026-10-02T03:41:01.496000+00:00,,2026-10-02T03:41:01.496000+00:00,,4,Maduru Oya,Padiyathalawa,d4da7d08-63fa-4630-8904-01ccdc82637e,6,4.5,1521358,0,0.1
2026-10-02T03:40:36.323000+00:00,,2026-10-02T03:40:36.323000+00:00,,,Gal Oya,Ampara,d49e3d14-3815-4c81-b548-12fd3c824b0f,,,1521357,0,0
2026-10-02T03:38:51.732000+00:00,,2026-10-02T03:38:51.732000+00:00,,3.5,Gin Ganga,Baddegama,f8434dc6-fd14-4a9c-85fe-64e613a83dfc,5,4,1521356,0,2.15
2026-10-02T03:38:22.962000+00:00,,2026-10-02T03:38:22.962000+00:00,,4,Kalu Ganga,Magura,6f1e5664-208f-4561-905e-bebfae4a385c,7.5,6,1521355,0,1.8
2026-10-02T03:38:20.802000+00:00,,2026-10-02T03:38:20.802000+00:00,,4.84,Mee Oya,Galgamuwa,d125ddca-e2dc-4132-86e8-4de09cb63996,8,5.94,1521354,0,0.02
2026-10-02T03:37:54.406000+00:00,,2026-10-02T03:37:54.406000+00:00,,3,Kelani Ganga,Holombuwa,9fd6901b-c3a8-42cd-a54c-db61553cf8f9,6,4,1521353,0,0.53
2026-10-02T03:37:41.004000+00:00,,2026-10-02T03:37:41.004000+00:00,,3,Kelani Ganga,Kithulgala,57dc643d-f304-48c7-9a14-279768632cef,6,4,1521352,0,2.12
2026-10-02T03:36:36.814000+00:00,,2026-10-02T03:36:36.814000+00:00,,5,Nilwala Ganga,Panadugama,a625ede5-0195-45d9-9961-4a0a461c73a4,7.5,6,1521351,0,3.98
2026-10-02T03:36:31.773000+00:00,,2026-10-02T03:36:31.773000+00:00,,4,Kirindi Oya,Thanamalwila,31075acd-245f-49d8-b647-51f7bf728486,5.5,5,1521350,0,0.21
2026-10-02T03:36:22.336000+00:00,,2026-10-02T03:36:22.336000+00:00,,3,Walawe Ganga,Moraketiya,d6d5f41f-696d-416e-92e6-1cb0eef1d16f,7,5,1521349,0,0.95
2026-10-02T03:36:10.832000+00:00,,2026-10-02T03:36:10.832000+00:00,,10,Kalu Ganga,Ellagawa,7e077668-e429-4e35-a61d-b3d6ab54bc20,12.2,10.7,1521348,0,6.04
2026-10-02T03:35:57.294000+00:00,,2026-10-02T03:35:57.294000+00:00,,4.75,Deduru Oya,Moragaswewa,a08f9bc8-1ee0-4fb1-bc08-ecc89bb79c71,7,6,1521347,0,-0.15
2026-10-02T03:34:40.815000+00:00,,2026-10-02T03:34:40.815000+00:00,,4,Menik Ganga,Katharagama,e528cec3-b43a-45dc-bb52-d8bd9c1734fb,6.5,4.6,1521346,0,-0.27
2026-10-02T03:34:36.034000+00:00,,2026-10-02T03:34:36.034000+00:00,,6,Yan Oya,Horowpothana,6ef96f98-bf40-4ebc-85b2-dd89e2ca2444,10.5,7.5,1521345,0,1.67
2026-10-02T03:34:24.788000+00:00,,2026-10-02T03:34:24.788000+00:00,,4,Kelani Ganga,Nagalagam Street,019c1bcb-ad65-4ef9-92a1-8308323df11b,7,5,1521344,0,1.2
2026-10-02T03:34:10.554000+00:00,,2026-10-02T03:34:10.554000+00:00,,5,Mahaweli Ganga,Peradeniya,4454c0b9-fda4-4adf-8f91-a35d38930733,9,7,1521343,0,2.69
2026-10-02T03:34:08.937000+00:00,,2026-10-02T03:34:08.937000+00:00,,5,Kalu Ganga,Kalawellawa (Millakanda),4f689440-93e4-4570-bf67-cbb04754b93e,8,6.5,1521342,0,3.05
2026-10-02T03:33:21.883000+00:00,,2026-10-02T03:33:21.883000+00:00,,6.5,Kelani Ganga,Hanwella,d8818899-668d-47aa-bff7-5dd1f90081a2,9.5,7.5,1521341,0,2.24
2026-10-02T03:33:20.078000+00:00,,2026-10-02T03:33:20.078000+00:00,,15,Kelani Ganga,Glencourse,0acc4663-3f4c-4cc7-ae69-bf242c02cc41,19,15.5,1521340,0,10.48
2026-10-02T03:33:09.188000+00:00,,2026-10-02T03:33:09.188000+00:00,,4.4,Kirindi Oya,Wellawaya,af6c30a7-3142-46b6-a3ea-5efd5f3ee401,5.9,5.4,1521339,0,0.83
2026-10-02T03:33:06.231000+00:00,,2026-10-02T03:33:06.231000+00:00,,1.5,Kelani Ganga,Norwood,9e056488-783b-4b18-8dbb-17b92ae0e2fb,4.5,3,1521338,0,0.78
2026-10-02T03:32:55.447000+00:00,,2026-10-02T03:32:55.447000+00:00,,3.3,Aththanagalu Oya,Dunamale,c094f745-2bc7-43e6-a84f-38ce46c28bd6,5.5,4.4,1521337,0,0.99
2026-10-02T03:32:53.833000+00:00,,2026-10-02T03:32:53.833000+00:00,,3,Kalu Ganga,Putupaula,8c67c02d-cceb-478e-83fe-1aaba40198c8,5,4,1521336,0,0.8
2026-10-02T03:32:48.757000+00:00,,2026-10-02T03:32:48.757000+00:00,,4,Gin Ganga,Thawalama,bc4a046b-0694-4d06-be37-83f1aef5864d,7.5,6,1521335,0,2.18
2026-10-02T03:32:37.345000+00:00,,2026-10-02T03:32:37.345000+00:00,,5,Maha Oya,Badalgama,6c1e2f92-830e-4304-b515-32b4a4fbeba1,9.6,6.2,1521334,0,2.07
2026-10-02T03:32:17.611000+00:00,,2026-10-02T03:32:17.611000+00:00,,6.9,Kirindi Oya,Kuda Oya,ad72c0fe-42ce-40ea-956e-2ad2dc5c10c3,8.8,8.4,1521333,0,0.96
2026-10-02T03:32:17.451000+00:00,,2026-10-02T03:32:17.451000+00:00,,4.8,Kelani Ganga,Deraniyagala,f88044a6-328a-4ad0-9ab6-435a342ac6e9,7,5.8,1521332,0,0.77
2026-10-02T03:32:07.140000+00:00,,2026-10-02T03:32:07.140000+00:00,,3.5,Mahaweli Ganga,Nawalapitiya,283af739-b6a7-4233-bb58-9c28a3c68ab3,6,5,1521331,0,1.41
2026-10-02T03:31:59.303000+00:00,,2026-10-02T03:31:59.303000+00:00,,5.5,Maha Oya,Giriulla,a5c51c7b-291e-48bb-a6b0-d0c7fd628bfe,7.5,6.5,1521330,0,1.01
2026-10-02T03:31:42.667000+00:00,,2026-10-02T03:31:42.667000+00:00,,5,Mahaweli Ganga,Weraganthota,e38dc9e0-7cc6-484c-94bf-aff61e4d0efe,8,6,1521329,0,-3.33
2026-10-02T03:31:20.203000+00:00,,2026-10-02T03:31:20.203000+00:00,,5,Kumbukkan Oya,Nakkala,38f808f7-a8da-4ab3-b27b-c77142085c08,7.5,6,1521328,0,0.57
2026-10-02T03:31:15.693000+00:00,,2026-10-02T03:31:15.693000+00:00,,5,Malwathu Oya,Thanthirimale,66a6c494-2841-4499-b218-9b5053afc01f,7.8,6.8,1521327,0,0.46
2026-10-02T03:31:05.937000+00:00,,2026-10-02T03:31:05.937000+00:00,,4.5,Heda Oya,Siyambalanduwa,4c4b7098-7538-436c-95af-6e07ba121146,7,6,1521326,0,0.2
2026-10-02T03:31:05.874000+00:00,,2026-10-02T03:31:05.874000+00:00,,4,Ma Oya,Yaka Wewa,9e305c12-b3d0-446c-9d73-49408b0ac20f,6,5,1521325,0,0.4
2026-10-02T03:31:02.268000+00:00,,2026-10-02T03:31:02.268000+00:00,,3,Mahaweli Ganga,Manampitiya,af0aee7e-0490-4e3c-8121-88dd82bd45d3,6,4.3,1521324,0,-0.14
2026-10-02T03:30:56.777000+00:00,,2026-10-02T03:30:56.777000+00:00,,3,Mahaweli Ganga,Thaldena,225e3120-e4a7-4559-af0d-61891034632a,5,4,1521323,0,0.15
2026-10-02T02:58:58.119000+00:00,,2026-10-02T02:58:58.119000+00:00,,1.4,Nilwala Ganga,Thalgahagoda,586fee2e-6e42-49fe-8f9a-aadfac00a8c8,2.8,1.7,1521322,0,0.85
2026-10-02T02:56:28.216000+00:00,,2026-10-02T02:56:28.216000+00:00,,2.5,Nilwala Ganga,Urawa,8fdaec17-d551-4801-beae-a19d3c4d366a,6,4,1521321,0,0.5
2026-10-02T02:46:21.573000+00:00,,2026-10-02T02:46:21.573000+00:00,,4,Ma Oya,Yaka Wewa,7fef8d32-e32f-42e8-9c0a-4f14008b1203,6,5,1521320,0,0.4
2026-10-02T02:39:38.792000+00:00,,2026-10-02T02:39:38.792000+00:00,,4,Kalu Ganga,Magura,b948700f-c7f8-48aa-94d7-79d785505f40,7.5,6,1521319,0,1.82
2026-10-02T02:39:10.085000+00:00,,2026-10-02T02:39:10.085000+00:00,,3,Kelani Ganga,Holombuwa,f7963bdf-c712-4675-9685-56739794fbb0,6,4,1521318,0,0.54
2026-10-02T02:38:33.914000+00:00,,2026-10-02T02:38:33.914000+00:00,,3,Kelani Ganga,Kithulgala,0faa8367-38f6-4758-a262-cbed3a3fdf56,6,4,1521317,0,2.13
2026-10-02T02:37:46.556000+00:00,,2026-10-02T02:37:46.556000+00:00,,5.2,Kalu Ganga,Rathnapura,d2fa7955-e343-413c-ba00-dcd88a22e7aa,9.5,7.5,1521316,0,2.1
2026-10-02T02:37:29.347000+00:00,,2026-10-02T02:37:29.347000+00:00,,10,Kalu Ganga,Ellagawa,d0e80d93-2228-41d0-a6c0-9599c32dbc1b,12.2,10.7,1521315,0,6.07
2026-10-02T02:36:41.641000+00:00,,2026-10-02T02:36:41.641000+00:00,,5,Mahaweli Ganga,Peradeniya,b4acc65b-54fc-45ea-a01c-d9f096072105,9,7,1521314,0,2.63
2026-10-02T02:36:34.661000+00:00,,2026-10-02T02:36:34.661000+00:00,,4.75,Deduru Oya,Moragaswewa,72ec0864-13f6-4368-b1c6-14c561a2d02a,7,6,1521313,0,-0.15
2026-10-02T02:35:52.794000+00:00,,2026-10-02T02:35:52.794000+00:00,,15,Kelani Ganga,Glencourse,65795169-6de1-4d7b-a687-ecb07b25a2a4,19,15.5,1521312,0,10.53
2026-10-02T02:35:23.289000+00:00,,2026-10-02T02:35:23.289000+00:00,,5,Nilwala Ganga,Panadugama,4e12eae0-723a-4afc-a929-5a7fbabe8976,7.5,6,1521311,0,4.04
2026-10-02T02:35:02.680000+00:00,,2026-10-02T02:35:02.680000+00:00,,4,Kirindi Oya,Thanamalwila,5b94985e-0694-401c-b42d-8b76ee6cb971,5.5,5,1521310,0,0.21
2026-10-02T02:34:20.341000+00:00,,2026-10-02T02:34:20.341000+00:00,,3.3,Aththanagalu Oya,Dunamale,5300ffc9-6245-42e0-9a82-3f8dca2be681,5.5,4.4,1521309,0,0.99
2026-10-02T02:34:20.203000+00:00,,2026-10-02T02:34:20.203000+00:00,,4,Menik Ganga,Katharagama,73d8b1d3-4542-4124-ac31-7bf76f208032,6.5,4.6,1521308,0,-0.27
2026-10-02T02:34:08.252000+00:00,,2026-10-02T02:34:08.252000+00:00,,4,Kelani Ganga,Nagalagam Street,ca49ece8-f1a7-4cba-9538-601b4f3f8269,7,5,1521307,0,1.6
2026-10-02T02:33:47.397000+00:00,,2026-10-02T02:33:47.397000+00:00,,3,Walawe Ganga,Moraketiya,b89c13b4-06e1-4d81-8939-b02e19508ef9,7,5,1521306,0,0.98
2026-10-02T02:33:43.497000+00:00,,2026-10-02T02:33:43.497000+00:00,,3,Mahaweli Ganga,Thaldena,2da7c2bf-bd11-40c3-96f7-35ae66f88375,5,4,1521305,0,0.12
2026-10-02T02:33:32.804000+00:00,,2026-10-02T02:33:32.804000+00:00,,4,Maduru Oya,Padiyathalawa,1171c466-3de9-4f6f-8149-0527fa5d397b,6,4.5,1521304,0,0.1
2026-10-02T02:33:26.495000+00:00,,2026-10-02T02:33:26.495000+00:00,,6.5,Kelani Ganga,Hanwella,c293e800-0bbe-4441-b2d4-459e2e99f4f3,9.5,7.5,1521303,0,2.26
2026-10-02T02:33:24.541000+00:00,,2026-10-02T02:33:24.541000+00:00,,1.5,Kelani Ganga,Norwood,c3728dc6-f203-4b9c-be91-7650a2aa8526,4.5,3,1521302,0,0.79
2026-10-02T02:33:20.329000+00:00,,2026-10-02T02:33:20.329000+00:00,,3,Kalu Ganga,Putupaula,43049ae4-0552-43c2-84a0-cc89a695a7e5,5,4,1521301,0,0.84
2026-10-02T02:33:19.410000+00:00,,2026-10-02T02:33:19.410000+00:00,,4.4,Kirindi Oya,Wellawaya,d1013331-ad70-4227-97ea-a166759574d3,5.9,5.4,1521300,0,0.9
2026-10-02T02:33:17.839000+00:00,,2026-10-02T02:33:17.839000+00:00,,3.5,Gin Ganga,Baddegama,6a78df73-9122-4584-875b-0c088b9c6e0f,5,4,1521299,0,2.16
2026-10-02T02:32:57.920000+00:00,,2026-10-02T02:32:57.920000+00:00,,5.5,Maha Oya,Giriulla,3a31b048-6ffa-4a2a-9e77-7fa470633fda,7.5,6.5,1521298,0,1
2026-10-02T02:32:44.001000+00:00,,2026-10-02T02:32:44.001000+00:00,,6,Yan Oya,Horowpothana,db10a1cb-3514-441c-bd9e-1d14a01b8d40,10.5,7.5,1521297,0,1.68
2026-10-02T02:32:36.916000+00:00,,2026-10-02T02:32:36.916000+00:00,,5,Maha Oya,Badalgama,c97a477e-3f20-430d-b2af-37ff713240d8,9.6,6.2,1521296,0,2.07
2026-10-02T02:32:36.400000+00:00,,2026-10-02T02:32:36.400000+00:00,,4.84,Mee Oya,Galgamuwa,db08edb8-5193-4e46-9e10-885772ce6e41,8,5.94,1521295,0,0.02
2026-10-02T02:32:35.141000+00:00,,2026-10-02T02:32:35.141000+00:00,,5,Kalu Ganga,Kalawellawa (Millakanda),a5db4771-68e6-4c63-9e8a-7e974bcbeee7,8,6.5,1521294,0,3.04
2026-10-02T02:32:24.739000+00:00,,2026-10-02T02:32:24.739000+00:00,,4,Nilwala Ganga,Pitabeddara,1cc5f130-5c73-4c58-a209-a9bf1c50610c,6.5,5,1521293,0,1.47
2026-10-02T02:32:24.452000+00:00,,2026-10-02T02:32:24.452000+00:00,,4.8,Kelani Ganga,Deraniyagala,d767c6d3-d25e-48ce-a203-d9cd0e851de7,7,5.8,1521292,0,0.8
2026-10-02T02:32:05.776000+00:00,,2026-10-02T02:32:05.776000+00:00,,6.9,Kirindi Oya,Kuda Oya,4c7fa8a5-d131-4a1e-a672-30bfb96b5331,8.8,8.4,1521291,0,0.95
2026-10-02T02:32:03.025000+00:00,,2026-10-02T02:32:03.025000+00:00,,4,Gin Ganga,Thawalama,4a4bf271-2813-486f-af56-ca44c1743d12,7.5,6,1521290,0,2.2
2026-10-02T02:31:31.623000+00:00,,2026-10-02T02:31:31.623000+00:00,,3,Mahaweli Ganga,Manampitiya,a61c7d3b-18f5-4ea6-a7b0-b4f63695e8ab,6,4.3,1521289,0,-0.16
2026-10-02T02:31:25.782000+00:00,,2026-10-02T02:31:25.782000+00:00,,5,Mahaweli Ganga,Weraganthota,9e3872df-9ad2-4f38-a949-042cdcc268e7,8,6,1521288,0,-3.3
2026-10-02T02:31:15.885000+00:00,,2026-10-02T02:31:15.885000+00:00,,3.5,Mahaweli Ganga,Nawalapitiya,a68495ab-fc56-430e-9cb3-33ed0d7e84f0,6,5,1521287,0,1.41
2026-10-02T02:30:59.245000+00:00,,2026-10-02T02:30:59.245000+00:00,,4.5,Heda Oya,Siyambalanduwa,f9f62d57-6f4f-4ee3-8b96-53a0fd937426,7,6,1521286,0,0.2
2026-10-02T02:30:51.029000+00:00,,2026-10-02T02:30:51.029000+00:00,,5,Kumbukkan Oya,Nakkala,775059e6-74cc-4f6a-bb11-8739bc3ef11d,7.5,6,1521285,0,0.56
2026-10-02T02:30:49.782000+00:00,,2026-10-02T02:30:49.782000+00:00,,5,Malwathu Oya,Thanthirimale,f52080aa-104b-4da2-88c8-7167472675dc,7.8,6.8,1521284,0,0.46
2026-10-02T02:30:45.835000+00:00,,2026-10-02T02:30:45.835000+00:00,,,Gal Oya,Ampara,84c450ee-574e-428a-89b5-3febf4abd909,,,1521283,0,0
2026-10-02T01:52:31.895000+00:00,,2026-10-02T01:52:31.895000+00:00,,5.2,Kalu Ganga,Rathnapura,0e15f473-73a2-4273-97cc-695192420244,9.5,7.5,1521282,0,2.19
2026-10-02T01:49:22.077000+00:00,,2026-10-02T01:49:22.077000+00:00,,4,Ma Oya,Yaka Wewa,93818327-1e0c-453c-90f0-9655e7e70f14,6,5,1521281,0,0.4
2026-10-02T01:44:20.508000+00:00,,2026-10-02T01:44:20.508000+00:00,,3,Walawe Ganga,Moraketiya,07a85611-b475-4547-afdb-a2b9c3f74c09,7,5,1521280,0,0.91
2026-10-02T01:41:38.399000+00:00,,2026-10-02T01:41:38.399000+00:00,,3.3,Aththanagalu Oya,Dunamale,32ea0dda-91d0-49a6-a653-b3ac657898d2,5.5,4.4,1521279,0,0.99
2026-10-02T01:41:03.486000+00:00,,2026-10-02T01:41:03.486000+00:00,,4,Kalu Ganga,Magura,d66ff609-2aee-4b54-9077-6be49b7301e4,7.5,6,1521278,0,1.84
2026-10-02T01:40:55.580000+00:00,,2026-10-02T01:40:55.580000+00:00,,3,Kelani Ganga,Kithulgala,687866aa-90b0-4707-a27a-22973486dc19,6,4,1521277,0,2.13
2026-10-02T01:40:36.372000+00:00,,2026-10-02T01:40:36.372000+00:00,,3.5,Gin Ganga,Baddegama,c8a39b17-99ad-43fc-9422-e26a57665830,5,4,1521276,0,2.16
2026-10-02T01:40:19.775000+00:00,,2026-10-02T01:40:19.775000+00:00,,3,Kelani Ganga,Holombuwa,c08c6515-b4d4-4561-b6b6-ea9b99d58962,6,4,1521275,0,0.54
2026-10-02T01:39:37.702000+00:00,,2026-10-02T01:39:37.702000+00:00,,4,Gin Ganga,Thawalama,54b7a7cb-ea50-4299-ac4f-cfb43618fbf5,7.5,6,1521274,0,2.22
2026-10-02T01:38:37.399000+00:00,,2026-10-02T01:38:37.399000+00:00,,15,Kelani Ganga,Glencourse,f6904ec3-e19b-4f0e-97e2-1d9743baf051,19,15.5,1521273,0,10.6
2026-10-02T01:37:21.707000+00:00,,2026-10-02T01:37:21.707000+00:00,,4,Kelani Ganga,Nagalagam Street,42885d34-2d97-4a27-8912-899c091e86b0,7,5,1521272,0,1.85
2026-10-02T01:37:18.324000+00:00,,2026-10-02T01:37:18.324000+00:00,,2.5,Nilwala Ganga,Urawa,ad797302-3611-4bc7-9290-d092c97e7175,6,4,1521271,0,0.5
2026-10-02T01:37:02.830000+00:00,,2026-10-02T01:37:02.830000+00:00,,10,Kalu Ganga,Ellagawa,e334242f-b5f0-40da-b252-a9333ad5647b,12.2,10.7,1521270,0,6.08
2026-10-02T01:35:53.541000+00:00,,2026-10-02T01:35:53.541000+00:00,,5,Nilwala Ganga,Panadugama,5576afb7-8c4c-466b-8db8-510a05410463,7.5,6,1521269,0,4.09
2026-10-02T01:35:43.067000+00:00,,2026-10-02T01:35:43.067000+00:00,,4,Kirindi Oya,Thanamalwila,dd665c30-0fb5-4c0b-b09a-7f01651d02fa,5.5,5,1521268,0,0.23
2026-10-02T01:35:01.643000+00:00,,2026-10-02T01:35:01.643000+00:00,,5,Maha Oya,Badalgama,e8b59bf8-854d-4112-b825-5902442a8a61,9.6,6.2,1521267,0,2.07
2026-10-02T01:34:30.016000+00:00,,2026-10-02T01:34:30.016000+00:00,,4,Menik Ganga,Katharagama,dee78d50-8d2b-452c-8316-ec37a93f2e19,6.5,4.6,1521266,0,-0.27
2026-10-02T01:34:28.579000+00:00,,2026-10-02T01:34:28.579000+00:00,,3,Mahaweli Ganga,Thaldena,a609d1a5-ac05-4832-a6bc-1b5d6538afbc,5,4,1521265,0,0.06
2026-10-02T01:34:21.282000+00:00,,2026-10-02T01:34:21.282000+00:00,,5.5,Maha Oya,Giriulla,7f9e9f59-9a64-4a37-925e-2a4aa76c0ee3,7.5,6.5,1521264,0,1
2026-10-02T01:34:19.928000+00:00,,2026-10-02T01:34:19.928000+00:00,,5,Mahaweli Ganga,Peradeniya,8191d243-fd78-43b9-9ca8-aa6274098386,9,7,1521263,0,2.52
2026-10-02T01:34:18.953000+00:00,,2026-10-02T01:34:18.953000+00:00,,5,Mahaweli Ganga,Weraganthota,54e12e2c-0a02-46db-946e-150566d4b7de,8,6,1521262,0,-3.24
2026-10-02T01:34:07.252000+00:00,,2026-10-02T01:34:07.252000+00:00,,6.5,Kelani Ganga,Hanwella,4282971f-ae4c-4792-8e7e-7a7adecbb3b7,9.5,7.5,1521261,0,2.25
2026-10-02T01:34:03.589000+00:00,,2026-10-02T01:34:03.589000+00:00,,4.75,Deduru Oya,Moragaswewa,9a770fdc-f831-4c88-bf8d-edd2a403ea51,7,6,1521260,0,-0.15
2026-10-02T01:33:54.746000+00:00,,2026-10-02T01:33:54.746000+00:00,,4,Maduru Oya,Padiyathalawa,053f559e-c015-4afa-b414-22991eb33067,6,4.5,1521259,0,0.11
2026-10-02T01:33:53.889000+00:00,,2026-10-02T01:33:53.889000+00:00,,1.5,Kelani Ganga,Norwood,58193855-f142-4591-a594-e11c00d82554,4.5,3,1521258,0,0.8
2026-10-02T01:33:31.475000+00:00,,2026-10-02T01:33:31.475000+00:00,,3,Kalu Ganga,Putupaula,52f455d2-add5-4d1b-b368-58d87e1511fd,5,4,1521257,0,0.87
2026-10-02T01:32:56.472000+00:00,,2026-10-02T01:32:56.472000+00:00,,5,Kalu Ganga,Kalawellawa (Millakanda),a63400c5-6818-484a-aafd-eddcd78ed33f,8,6.5,1521256,0,3.04
2026-10-02T01:32:47.634000+00:00,,2026-10-02T01:32:47.634000+00:00,,5,Malwathu Oya,Thanthirimale,397af352-4b7c-4c44-be7c-6ad22ff431f7,7.8,6.8,1521255,0,0.46
2026-10-02T01:32:31.863000+00:00,,2026-10-02T01:32:31.863000+00:00,,6,Yan Oya,Horowpothana,4d081e1c-3ce5-4d87-862a-c8e5063e205f,10.5,7.5,1521254,0,1.68
2026-10-02T01:32:29.972000+00:00,,2026-10-02T01:32:29.972000+00:00,,4.4,Kirindi Oya,Wellawaya,ae8b7a4b-a745-41d8-ae68-32295ae1a61a,5.9,5.4,1521253,0,0.9
2026-10-02T01:32:17.653000+00:00,,2026-10-02T01:32:17.653000+00:00,,4.8,Kelani Ganga,Deraniyagala,4cc89f82-5c62-4642-8115-d6a08b64583e,7,5.8,1521252,0,0.77
2026-10-02T01:32:15.926000+00:00,,2026-10-02T01:32:15.926000+00:00,,4.84,Mee Oya,Galgamuwa,79b98c08-1495-4141-9718-dd678c5b4a30,8,5.94,1521251,0,0.01
2026-10-02T01:32:02.231000+00:00,,2026-10-02T01:32:02.231000+00:00,,5,Kumbukkan Oya,Nakkala,8ac29777-30f6-4e1b-9290-23ff60249f27,7.5,6,1521250,0,0.56
2026-10-02T01:31:49.940000+00:00,,2026-10-02T01:31:49.940000+00:00,,4.5,Heda Oya,Siyambalanduwa,7f89a542-ea49-4682-a940-155e5b2ade82,7,6,1521249,0,0.2
2026-10-02T01:31:34.500000+00:00,,2026-10-02T01:31:34.500000+00:00,,3.5,Mahaweli Ganga,Nawalapitiya,079fe160-5bb6-4c6a-8943-2893e368c704,6,5,1521248,0,1.41
2026-10-02T01:31:09.598000+00:00,,2026-10-02T01:31:09.598000+00:00,,6.9,Kirindi Oya,Kuda Oya,98f47ff8-b076-4dea-b022-65ed5bae204a,8.8,8.4,1521247,0,0.95
2026-10-02T01:31:07.721000+00:00,,2026-10-02T01:31:07.721000+00:00,,1.4,Nilwala Ganga,Thalgahagoda,e3854a59-407c-49cc-b4c7-8096c3feff40,2.8,1.7,1521246,0,0.82
2026-10-02T01:30:46.257000+00:00,,2026-10-02T01:30:46.257000+00:00,,3,Mahaweli Ganga,Manampitiya,1a6d0857-0951-4e4f-8509-207355c13241,6,4.3,1521245,0,-0.17
2026-10-02T01:30:40.911000+00:00,,2026-10-02T01:30:40.911000+00:00,,,Gal Oya,Ampara,a47525cc-a994-46dd-820e-8ac5d7c63f15,,,1521244,0,0
2026-10-02T01:30:15.928000+00:00,,2026-10-02T01:30:15.928000+00:00,,4,Nilwala Ganga,Pitabeddara,a7d6a7a3-2f6b-4ea0-a890-2fff28d07e42,6.5,5,1521243,0,1.51
2026-10-02T01:03:20.472000+00:00,,2026-10-02T01:03:20.472000+00:00,,4.84,Mee Oya,Galgamuwa,dcb3e263-ba49-41b6-b4c3-53ea3cad09d5,8,5.94,1521242,0,0.01
2026-10-02T00:55:41.830000+00:00,,2026-10-02T00:55:41.830000+00:00,,5,Nilwala Ganga,Panadugama,d10aebe5-1dff-499e-8afc-68618a5a8830,7.5,6,1521241,0,4.15
2026-10-02T00:40:02.768000+00:00,,2026-10-02T00:40:02.768000+00:00,,4,Kelani Ganga,Nagalagam Street,ec02efc2-c389-4add-b51a-313b0947a670,7,5,1521240,0,2.2
2026-10-02T00:38:08.603000+00:00,,2026-10-02T00:38:08.603000+00:00,,4,Kirindi Oya,Thanamalwila,c15fee42-37ea-4fb3-8a7d-f43eb3e9d271,5.5,5,1521239,0,0.26
2026-10-02T00:36:43.010000+00:00,,2026-10-02T00:36:43.010000+00:00,,5,Mahaweli Ganga,Peradeniya,0b16a889-814c-4292-ba5f-70f872678fa3,9,7,1521238,0,2.74
2026-10-02T00:36:42.563000+00:00,,2026-10-02T00:36:42.563000+00:00,,3.5,Gin Ganga,Baddegama,b68b8e7e-d65a-4ab9-862c-218640580e3c,5,4,1521237,0,2.14
2026-10-02T00:36:40.317000+00:00,,2026-10-02T00:36:40.317000+00:00,,,Gal Oya,Ampara,ec15e1fe-9daa-4a57-a4cc-d62b40235978,,,1521236,0,0
2026-10-02T00:35:41.850000+00:00,,2026-10-02T00:35:41.850000+00:00,,1.5,Kelani Ganga,Norwood,16f17d65-4dee-440e-b9ec-6097ae8748c2,4.5,3,1521235,0,0.81
2026-10-02T00:35:07.115000+00:00,,2026-10-02T00:35:07.115000+00:00,,5,Maha Oya,Badalgama,b8206f7b-8e04-48c9-bb52-4d28821dc0f3,9.6,6.2,1521234,0,2.07
2026-10-02T00:34:18.079000+00:00,,2026-10-02T00:34:18.079000+00:00,,4,Menik Ganga,Katharagama,8499c57f-0e77-42df-a507-9c005a4b1d9d,6.5,4.6,1521233,0,-0.27
2026-10-02T00:34:13.536000+00:00,,2026-10-02T00:34:13.536000+00:00,,4,Gin Ganga,Thawalama,cbf2ba9c-17df-48e9-93ef-ed7c4be49b68,7.5,6,1521232,0,2.3
2026-10-02T00:34:12.684000+00:00,,2026-10-02T00:34:12.684000+00:00,,2.5,Nilwala Ganga,Urawa,266d1c59-1496-4908-bbf5-f5bab4904804,6,4,1521231,0,0.5
2026-10-02T00:33:59.394000+00:00,,2026-10-02T00:33:59.394000+00:00,,4,Kalu Ganga,Magura,3db0ba0e-a345-4d7a-9231-c0d49b305589,7.5,6,1521230,0,1.85
2026-10-02T00:33:56.138000+00:00,,2026-10-02T00:33:56.138000+00:00,,4,Ma Oya,Yaka Wewa,1536d820-6571-4400-87a9-9847d8fcf449,6,5,1521229,0,0.4
2026-10-02T00:33:48.642000+00:00,,2026-10-02T00:33:48.642000+00:00,,4,Maduru Oya,Padiyathalawa,b3062604-847f-4431-82b2-f8760c7b1aee,6,4.5,1521228,0,0.12
2026-10-02T00:33:28.155000+00:00,,2026-10-02T00:33:28.155000+00:00,,3.3,Aththanagalu Oya,Dunamale,bf6da786-71bf-44d0-8ae2-09e79b9dec15,5.5,4.4,1521227,0,1
2026-10-02T00:33:13.896000+00:00,,2026-10-02T00:33:13.896000+00:00,,5.5,Maha Oya,Giriulla,818ac708-8e6c-4faf-941d-299b9d60704d,7.5,6.5,1521226,0,1
2026-10-02T00:33:13.653000+00:00,,2026-10-02T00:33:13.653000+00:00,,4.8,Kelani Ganga,Deraniyagala,721b0281-3ae2-4a67-b7f7-64a6aa530368,7,5.8,1521225,0,0.83
2026-10-02T00:33:02.956000+00:00,,2026-10-02T00:33:02.956000+00:00,,5.2,Kalu Ganga,Rathnapura,a3a3170a-3add-4c5e-9748-6679c987c676,9.5,7.5,1521224,0,2.29
2026-10-02T00:32:59.085000+00:00,,2026-10-02T00:32:59.085000+00:00,,3,Kelani Ganga,Holombuwa,baab7bce-5e47-42db-8684-fef0a292bcd0,6,4,1521223,0,0.54
2026-10-02T00:32:52.767000+00:00,,2026-10-02T00:32:52.767000+00:00,,3,Mahaweli Ganga,Manampitiya,bf1fd6c9-5b6f-40af-902a-163fa8ef5c48,6,4.3,1521222,0,-0.17
2026-10-02T00:32:43.857000+00:00,,2026-10-02T00:32:43.857000+00:00,,5,Kalu Ganga,Kalawellawa (Millakanda),156f1fec-de14-4778-a1df-002b61edceee,8,6.5,1521221,0,3.02
2026-10-02T00:32:36.587000+00:00,,2026-10-02T00:32:36.587000+00:00,,4.4,Kirindi Oya,Wellawaya,fffa19bf-f25a-44fd-8f65-9547e0337259,5.9,5.4,1521220,0,0.9
2026-10-02T00:31:59.886000+00:00,,2026-10-02T00:31:59.886000+00:00,,3,Mahaweli Ganga,Thaldena,f4bd03e3-dcad-4a58-bf95-e24eeaed27fc,5,4,1521219,0,0.11
2026-10-02T00:31:57.840000+00:00,,2026-10-02T00:31:57.840000+00:00,,5,Kumbukkan Oya,Nakkala,cb147a1c-6061-4645-a5a1-9c09ce6baeb6,7.5,6,1521218,0,0.56
2026-10-02T00:31:51.235000+00:00,,2026-10-02T00:31:51.235000+00:00,,4,Nilwala Ganga,Pitabeddara,b66b51fb-003c-46a9-ad3c-0315fb7d9531,6.5,5,1521217,0,1.62
2026-10-02T00:31:51.209000+00:00,,2026-10-02T00:31:51.209000+00:00,,3,Kalu Ganga,Putupaula,799e0b81-2290-4ca1-a940-30e354d256d4,5,4,1521216,0,0.78
2026-10-02T00:31:47.957000+00:00,,2026-10-02T00:31:47.957000+00:00,,10,Kalu Ganga,Ellagawa,d9d33e5f-f183-4e96-94d8-20b3423eca0e,12.2,10.7,1521215,0,6.08
2026-10-02T00:31:38.417000+00:00,,2026-10-02T00:31:38.417000+00:00,,5,Mahaweli Ganga,Weraganthota,9c031eaa-badd-4bbf-b471-f1d00b68c3eb,8,6,1521214,0,-3.16
2026-10-02T00:31:34.553000+00:00,,2026-10-02T00:31:34.553000+00:00,,6.5,Kelani Ganga,Hanwella,de4b7264-32ec-4268-b1ae-fc1b0d5a31c0,9.5,7.5,1521213,0,2.22
2026-10-02T00:31:30.489000+00:00,,2026-10-02T00:31:30.489000+00:00,,3,Kelani Ganga,Kithulgala,903752e8-4396-4e66-b674-c3d0c4845bcf,6,4,1521212,0,2.15
2026-10-02T00:31:27.628000+00:00,,2026-10-02T00:31:27.628000+00:00,,3.5,Mahaweli Ganga,Nawalapitiya,594e68c0-ec8b-4e2a-b567-233d3b8953cd,6,5,1521211,0,1.41
2026-10-02T00:31:21.849000+00:00,,2026-10-02T00:31:21.849000+00:00,,3,Walawe Ganga,Moraketiya,0f37d76b-cad6-492a-b64d-a52e81959c01,7,5,1521210,0,0.8
2026-10-02T00:31:18.566000+00:00,,2026-10-02T00:31:18.566000+00:00,,4.75,Deduru Oya,Moragaswewa,a8c72a68-dc47-4ee9-a40d-6d3b33e55729,7,6,1521209,0,-0.15
2026-10-02T00:31:16.138000+00:00,,2026-10-02T00:31:16.138000+00:00,,6.9,Kirindi Oya,Kuda Oya,6c7b8770-7239-4f35-9ea5-841bf3ba7045,8.8,8.4,1521208,0,0.95
2026-10-02T00:30:56.753000+00:00,,2026-10-02T00:30:56.753000+00:00,,1.4,Nilwala Ganga,Thalgahagoda,d55fec7f-23aa-4818-a6d7-b5f98fd8a78c,2.8,1.7,1521207,0,0.74
2026-10-02T00:30:53.495000+00:00,,2026-10-02T00:30:53.495000+00:00,,6,Yan Oya,Horowpothana,fc2ff646-f310-4b1c-8432-cfaa6a8b1adf,10.5,7.5,1521206,0,1.69
2026-10-02T00:30:53.197000+00:00,,2026-10-02T00:30:53.197000+00:00,,15,Kelani Ganga,Glencourse,89c99d04-96a8-45e9-8c7c-969fd5426061,19,15.5,1521205,0,10.68
2026-10-02T00:30:31.842000+00:00,,2026-10-02T00:30:31.842000+00:00,,4.5,Heda Oya,Siyambalanduwa,ad2edb04-13d0-43e0-b27a-331a4c303ed7,7,6,1521204,0,0.21
2026-10-02T00:21:26.488000+00:00,,2026-10-02T00:21:26.488000+00:00,,4,Kalu Ganga,Magura,f5adf1e5-323d-4ee2-bb12-11d2d3b534fd,7.5,6,1521203,0,1.87
2026-10-02T00:13:50.296000+00:00,,2026-10-02T00:13:50.296000+00:00,,4,Kirindi Oya,Thanamalwila,d8e68193-09e2-43c5-88e0-8206d2636e13,5.5,5,1521202,0,0.28
2026-10-02T00:04:57.533000+00:00,,2026-10-02T00:04:57.533000+00:00,,4.8,Kelani Ganga,Deraniyagala,d2c06951-f469-4120-9a74-774b34ff5c4f,7,5.8,1521201,0,0.87
2026-10-02T00:04:15.789000+00:00,,2026-10-02T00:04:15.789000+00:00,,,Gal Oya,Ampara,f4afe823-d7e0-4e27-af76-315ffae9df08,,,1521200,0,0
2026-10-01T23:56:04.834000+00:00,,2026-10-01T23:56:04.834000+00:00,,5,Nilwala Ganga,Panadugama,e55d6763-6c84-4445-9af3-e117eb451085,7.5,6,1521199,0,4.19
2026-10-01T23:43:42.916000+00:00,,2026-10-01T23:43:42.916000+00:00,,2.5,Nilwala Ganga,Urawa,539c6dfd-e79b-4f02-ade1-fe762797a96b,6,4,1521198,0,0.51
2026-10-01T23:43:21.793000+00:00,,2026-10-01T23:43:21.793000+00:00,,2.5,Nilwala Ganga,Urawa,69f92233-41ca-4518-827b-3e828422eca6,6,4,1521197,0,0.51
2026-10-01T23:41:01.480000+00:00,,2026-10-01T23:41:01.480000+00:00,,4,Nilwala Ganga,Pitabeddara,17eb9845-6161-4a73-8393-792cb23e307b,6.5,5,1521196,0,1.77
2026-10-01T23:41:00.383000+00:00,,2026-10-01T23:41:00.383000+00:00,,4,Nilwala Ganga,Pitabeddara,7fec7aeb-bd87-4355-aa91-5bfbba51b832,6.5,5,1521195,0,1.8
2026-10-01T23:40:59.126000+00:00,,2026-10-01T23:40:59.126000+00:00,,4,Nilwala Ganga,Pitabeddara,8ad2b1ff-c2f3-40e9-a0c6-1a2d91b4042d,6.5,5,1521194,0,1.83
2026-10-01T23:38:44.386000+00:00,,2026-10-01T23:38:44.386000+00:00,,3.5,Mahaweli Ganga,Nawalapitiya,b62b3929-7438-433e-a2cd-477860de9a25,6,5,1521193,0,1.41
2026-10-01T23:37:36.829000+00:00,,2026-10-01T23:37:36.829000+00:00,,4,Kelani Ganga,Nagalagam Street,92e0ae14-3ee7-4dd5-bf72-179b27a78de8,7,5,1521192,0,2.3
2026-10-01T23:36:32.188000+00:00,,2026-10-01T23:36:32.188000+00:00,,3,Kelani Ganga,Holombuwa,b9c50563-1a20-445a-8ac4-1834a1ccc15c,6,4,1521191,0,0.54
2026-10-01T23:36:29.935000+00:00,,2026-10-01T23:36:29.935000+00:00,,4.5,Heda Oya,Siyambalanduwa,d2c496f8-0bef-40fc-8778-b4a808af0368,7,6,1521190,0,0.22
2026-10-01T23:36:09.164000+00:00,,2026-10-01T23:36:09.164000+00:00,,4,Menik Ganga,Katharagama,56826d77-5f70-4501-b9f8-5ae88ec3947d,6.5,4.6,1521189,0,-0.27
2026-10-01T23:35:03.877000+00:00,,2026-10-01T23:35:03.877000+00:00,,3,Mahaweli Ganga,Thaldena,f89520f5-9032-4757-8325-0d3ec1415c7a,5,4,1521188,0,0.13
2026-10-01T23:34:37.848000+00:00,,2026-10-01T23:34:37.848000+00:00,,4.4,Kirindi Oya,Wellawaya,d96d4358-1e9f-404c-a33a-4feb487c5cba,5.9,5.4,1521187,0,0.88
2026-10-01T23:34:26.630000+00:00,,2026-10-01T23:34:26.630000+00:00,,3,Kalu Ganga,Putupaula,9ff5de95-1de9-46a2-9e7a-9da5bb2e2e79,5,4,1521186,0,0.8
2026-10-01T23:34:21.371000+00:00,,2026-10-01T23:34:21.371000+00:00,,5.2,Kalu Ganga,Rathnapura,0bfb7371-d1ae-4652-95a7-f3e9d6a6f138,9.5,7.5,1521185,0,2.36
2026-10-01T23:33:55.886000+00:00,,2026-10-01T23:33:55.886000+00:00,,3.3,Aththanagalu Oya,Dunamale,f2e1878a-8245-41af-9b43-9d53dd8e7e96,5.5,4.4,1521184,0,1
2026-10-01T23:33:39.583000+00:00,,2026-10-01T23:33:39.583000+00:00,,5,Maha Oya,Badalgama,a437318b-645f-4937-ac4d-bcca9ff07d6e,9.6,6.2,1521183,0,2.08
2026-10-01T23:33:06.485000+00:00,,2026-10-01T23:33:06.485000+00:00,,4,Maduru Oya,Padiyathalawa,c317ea2c-d1dc-4c77-851a-2bab0c015317,6,4.5,1521182,0,0.12
2026-10-01T23:32:51.465000+00:00,,2026-10-01T23:32:51.465000+00:00,,6,Yan Oya,Horowpothana,0f26d31c-c82a-49ed-9d99-b492a06b3ec0,10.5,7.5,1521181,0,1.69
2026-10-01T23:32:40.135000+00:00,,2026-10-01T23:32:40.135000+00:00,,1.5,Kelani Ganga,Norwood,68d625ed-2fd9-4916-9817-039f57a85625,4.5,3,1521180,0,0.81
2026-10-01T23:32:35.700000+00:00,,2026-10-01T23:32:35.700000+00:00,,3,Kelani Ganga,Kithulgala,a2d2923a-734a-4dbd-a70d-c6114fa1079a,6,4,1521179,0,2.19
2026-10-01T23:32:30.278000+00:00,,2026-10-01T23:32:30.278000+00:00,,4,Gin Ganga,Thawalama,8bbe2dd3-b286-46bc-8a63-477b1c4a2e23,7.5,6,1521178,0,2.41
2026-10-01T23:32:26.572000+00:00,,2026-10-01T23:32:26.572000+00:00,,15,Kelani Ganga,Glencourse,15ad2c4f-d92a-43ec-a14d-f3a35b90e732,19,15.5,1521177,0,10.75
2026-10-01T23:32:13.769000+00:00,,2026-10-01T23:32:13.769000+00:00,,3.5,Gin Ganga,Baddegama,5efb976e-a70d-451c-bd73-3d5c43486167,5,4,1521176,0,2.12
2026-10-01T23:32:12.108000+00:00,,2026-10-01T23:32:12.108000+00:00,,5.5,Maha Oya,Giriulla,b4676dd9-7d6a-4e64-ad9b-4463a09e8b67,7.5,6.5,1521175,0,1
2026-10-01T23:32:09.918000+00:00,,2026-10-01T23:32:09.918000+00:00,,6.5,Kelani Ganga,Hanwella,658cf8bb-36d1-4cb4-aeb6-9e83ec88311a,9.5,7.5,1521174,0,2.16
2026-10-01T23:32:02.818000+00:00,,2026-10-01T23:32:02.818000+00:00,,3,Mahaweli Ganga,Manampitiya,8d7edc9a-fd34-4731-9bae-e47f7262f740,6,4.3,1521173,0,-0.2
2026-10-01T23:31:56.725000+00:00,,2026-10-01T23:31:56.725000+00:00,,4,Ma Oya,Yaka Wewa,c25c027b-9a6d-45c5-8f6a-e26aabf462d3,6,5,1521172,0,0.4
2026-10-01T23:31:53.923000+00:00,,2026-10-01T23:31:53.923000+00:00,,5,Kalu Ganga,Kalawellawa (Millakanda),c9738bd3-f9dc-433a-adc3-031e47b1864d,8,6.5,1521171,0,2.94
2026-10-01T23:31:53.495000+00:00,,2026-10-01T23:31:53.495000+00:00,,4.75,Deduru Oya,Moragaswewa,2dd9460d-bbcf-47a7-9aa1-64869322f788,7,6,1521170,0,-0.15
2026-10-01T23:31:51.942000+00:00,,2026-10-01T23:31:51.942000+00:00,,5,Kumbukkan Oya,Nakkala,08a5ef5e-6d60-49c6-9fe0-0faa76090fae,7.5,6,1521169,0,0.56
2026-10-01T23:31:33.547000+00:00,,2026-10-01T23:31:33.547000+00:00,,3,Walawe Ganga,Moraketiya,5e443006-3671-4f26-bd6b-27c1f9bc7443,7,5,1521168,0,0.73
2026-10-01T23:31:32.515000+00:00,,2026-10-01T23:31:32.515000+00:00,,5,Mahaweli Ganga,Peradeniya,ed418947-8e83-4d92-b3e3-66ad097f8026,9,7,1521167,0,3.06
2026-10-01T23:31:31.539000+00:00,,2026-10-01T23:31:31.539000+00:00,,10,Kalu Ganga,Ellagawa,b50299dc-b1f3-412f-ac13-35257d367238,12.2,10.7,1521166,0,6.07
2026-10-01T23:31:08.898000+00:00,,2026-10-01T23:31:08.898000+00:00,,6.9,Kirindi Oya,Kuda Oya,c064400f-3a8f-4770-bb9e-b9a6f36838f0,8.8,8.4,1521165,0,0.95
2026-10-01T23:30:48.947000+00:00,,2026-10-01T23:30:48.947000+00:00,,1.4,Nilwala Ganga,Thalgahagoda,55f4fb30-7acb-454b-85a1-ef9aa01e129f,2.8,1.7,1521164,0,0.65
2026-10-01T23:17:47.169000+00:00,,2026-10-01T23:17:47.169000+00:00,,4,Kirindi Oya,Thanamalwila,a92ae419-faf3-4b39-9302-404c2ca271b1,5.5,5,1521163,0,0.28
2026-10-01T23:15:36.742000+00:00,,2026-10-01T23:15:36.742000+00:00,,1.4,Nilwala Ganga,Thalgahagoda,debd1c78-35a1-423b-8cf3-fad377e6a120,2.8,1.7,1521162,0,0.6
2026-10-01T23:01:16.496000+00:00,,2026-10-01T23:01:16.496000+00:00,,4.8,Kelani Ganga,Deraniyagala,a2fbdff2-48a2-4881-897c-109f8e3a6458,7,5.8,1521161,0,0.93
2026-10-01T22:55:25.776000+00:00,,2026-10-01T22:55:25.776000+00:00,,4.4,Kirindi Oya,Wellawaya,ea541996-ec43-4c33-8ee0-4af22080c8b2,5.9,5.4,1521160,0,0.85
2026-10-01T22:53:02.213000+00:00,,2026-10-01T22:53:02.213000+00:00,,4,Kalu Ganga,Magura,1c1cdcce-2680-4c6a-be96-ca8e3c18b7cc,7.5,6,1521158,0,1.92
2026-10-01T22:49:59.068000+00:00,,2026-10-01T22:49:59.068000+00:00,,5,Nilwala Ganga,Panadugama,40328b65-33e3-4ff9-98c1-e125c0b68d34,7.5,6,1521151,0,4.16
2026-10-01T22:40:29.890000+00:00,,2026-10-01T22:40:29.890000+00:00,,3,Walawe Ganga,Moraketiya,53b9c137-20aa-4f94-8e97-867aa9200ca1,7,5,1521150,0,0.72
2026-10-01T22:40:27.410000+00:00,,2026-10-01T22:40:27.410000+00:00,,6.5,Kelani Ganga,Hanwella,719c7858-bf9b-4199-a530-36368a996ac4,9.5,7.5,1521149,0,2.1
2026-10-01T22:40:01.739000+00:00,,2026-10-01T22:40:01.739000+00:00,,4.5,Heda Oya,Siyambalanduwa,ce8a2e38-b9fa-4b93-bada-5d646e422787,7,6,1521148,0,0.22
2026-10-01T22:37:52.383000+00:00,,2026-10-01T22:37:52.383000+00:00,,4,Kelani Ganga,Nagalagam Street,175a1795-0a77-4a81-a53b-1771d930ee87,7,5,1521147,0,2.3
2026-10-01T22:36:46.212000+00:00,,2026-10-01T22:36:46.212000+00:00,,5,Mahaweli Ganga,Peradeniya,3b436759-3138-4965-86c2-039e07570c9b,9,7,1521146,0,3.15
2026-10-01T22:36:36.035000+00:00,,2026-10-01T22:36:36.035000+00:00,,3,Kalu Ganga,Putupaula,d001726d-4acc-4847-8d93-0c13f0364404,5,4,1521145,0,0.72
2026-10-01T22:36:17.181000+00:00,,2026-10-01T22:36:17.181000+00:00,,4,Menik Ganga,Katharagama,e6cade55-af9b-4074-aab4-63ab143cb9c3,6.5,4.6,1521144,0,-0.27
2026-10-01T22:35:22.657000+00:00,,2026-10-01T22:35:22.657000+00:00,,3,Mahaweli Ganga,Thaldena,622b8d38-7a18-4fe2-a483-e1c428a1dfd6,5,4,1521143,0,0.09
2026-10-01T22:34:09.613000+00:00,,2026-10-01T22:34:09.613000+00:00,,3,Kelani Ganga,Kithulgala,fc8a2533-5c79-4812-9fdb-da733ae06449,6,4,1521142,0,2.18
2026-10-01T22:33:46.062000+00:00,,2026-10-01T22:33:46.062000+00:00,,5.2,Kalu Ganga,Rathnapura,31411aed-be2f-430c-8339-46ebb105e791,9.5,7.5,1521141,0,2.43
2026-10-01T22:33:42.706000+00:00,,2026-10-01T22:33:42.706000+00:00,,3.5,Mahaweli Ganga,Nawalapitiya,b1998266-49d6-4760-91a6-49cf744e63d6,6,5,1521140,0,1.44
2026-10-01T22:33:34.847000+00:00,,2026-10-01T22:33:34.847000+00:00,,3.3,Aththanagalu Oya,Dunamale,e91a92d9-7e0e-489b-9d15-d61472f18c0b,5.5,4.4,1521139,0,1.01
2026-10-01T22:32:58.399000+00:00,,2026-10-01T22:32:58.399000+00:00,,5,Maha Oya,Badalgama,540f52c0-6854-4536-9836-fbba82b3a730,9.6,6.2,1521138,0,2.08
2026-10-01T22:32:57.323000+00:00,,2026-10-01T22:32:57.323000+00:00,,4,Gin Ganga,Thawalama,35c0caec-fa04-47cb-ae4a-04fa5f49634f,7.5,6,1521137,0,2.5
2026-10-01T22:32:46.584000+00:00,,2026-10-01T22:32:46.584000+00:00,,5.5,Maha Oya,Giriulla,45fad74d-c281-40db-905f-85763cabc1b2,7.5,6.5,1521136,0,1
2026-10-01T22:32:38.144000+00:00,,2026-10-01T22:32:38.144000+00:00,,5,Kumbukkan Oya,Nakkala,b671a902-070a-4fd5-b179-4f22419dd502,7.5,6,1521135,0,0.56
2026-10-01T22:32:31.365000+00:00,,2026-10-01T22:32:31.365000+00:00,,1.5,Kelani Ganga,Norwood,81df4d63-11f2-4a75-957b-1b3ebb961079,4.5,3,1521134,0,0.84
2026-10-01T22:32:21.661000+00:00,,2026-10-01T22:32:21.661000+00:00,,15,Kelani Ganga,Glencourse,6333ae3a-df88-4cc7-99d4-1f95a0221308,19,15.5,1521133,0,10.77
2026-10-01T22:32:19.418000+00:00,,2026-10-01T22:32:19.418000+00:00,,4,Gin Ganga,Thawalama,4346c0da-ed69-458d-a36a-9d17b249f2c0,7.5,6,1521132,0,2.56
2026-10-01T22:32:15.409000+00:00,,2026-10-01T22:32:15.409000+00:00,,5,Kalu Ganga,Kalawellawa (Millakanda),624bf94a-ceba-48f3-a52b-b09d282f7e63,8,6.5,1521131,0,2.84
2026-10-01T22:31:57.865000+00:00,,2026-10-01T22:31:57.865000+00:00,,3,Mahaweli Ganga,Manampitiya,56618461-76f2-4608-90bd-1c3732de3a71,6,4.3,1521130,0,-0.25
2026-10-01T22:31:55.079000+00:00,,2026-10-01T22:31:55.079000+00:00,,3.5,Gin Ganga,Baddegama,98a57e90-489d-4824-9a65-98773216e173,5,4,1521129,0,2.12
2026-10-01T22:31:45.597000+00:00,,2026-10-01T22:31:45.597000+00:00,,6,Yan Oya,Horowpothana,3dc729db-ec7a-4b8a-b525-4c3fd8c57af1,10.5,7.5,1521128,0,1.69
2026-10-01T22:31:32.152000+00:00,,2026-10-01T22:31:32.152000+00:00,,6.9,Kirindi Oya,Kuda Oya,9bf4e1a6-9cb8-4b0d-9ac7-fd197299a8ab,8.8,8.4,1521127,0,0.95
2026-10-01T22:31:13.384000+00:00,,2026-10-01T22:31:13.384000+00:00,,10,Kalu Ganga,Ellagawa,8517be0e-b0bd-4096-a14c-b057ee1bdefd,12.2,10.7,1521126,0,5.99
2026-10-01T22:31:08.369000+00:00,,2026-10-01T22:31:08.369000+00:00,,1.4,Nilwala Ganga,Thalgahagoda,8ce69431-339a-40d3-9d8c-2e0f2c52b4f1,2.8,1.7,1521125,0,0.58
2026-10-01T22:30:51.821000+00:00,,2026-10-01T22:30:51.821000+00:00,,,Gal Oya,Ampara,c2c91ce4-7593-4054-91cc-61785ebae0a3,,,1521124,0,0
2026-10-01T22:30:50.213000+00:00,,2026-10-01T22:30:50.213000+00:00,,4.75,Deduru Oya,Moragaswewa,5e941f65-6d39-40a8-8740-d188caf1779f,7,6,1521123,0,-0.14
2026-10-01T22:27:03.536000+00:00,,2026-10-01T22:27:03.536000+00:00,,5.2,Kalu Ganga,Rathnapura,0a829275-35d7-4fd7-8ad3-c30a2c0c6940,9.5,7.5,1521122,0,2.55
2026-10-01T22:08:04.281000+00:00,,2026-10-01T22:08:04.281000+00:00,,3,Kalu Ganga,Putupaula,5d22193c-cc6d-42ef-aa35-c58414b1e290,5,4,1521121,0,0.61
2026-10-01T22:05:41.195000+00:00,,2026-10-01T22:05:41.195000+00:00,,5,Kalu Ganga,Kalawellawa (Millakanda),17dd87ac-ca40-4c81-94e4-f9b71ebd50c8,8,6.5,1521120,0,2.8
2026-10-01T22:05:15.318000+00:00,,2026-10-01T22:05:15.318000+00:00,,2.5,Nilwala Ganga,Urawa,a3ac28e8-35d4-4c8d-9b60-072d94ba051f,6,4,1521119,0,0.52
2026-10-01T21:56:14.568000+00:00,,2026-10-01T21:56:14.568000+00:00,,4.75,Deduru Oya,Moragaswewa,86720292-01a8-433b-ac66-aa86177fa0da,7,6,1521118,0,-0.14
2026-10-01T21:48:07.524000+00:00,,2026-10-01T21:48:07.524000+00:00,,5,Nilwala Ganga,Panadugama,5d50fc31-967a-4bef-8f90-dc4a1ed218ba,7.5,6,1521117,0,4.12
2026-10-01T21:47:24.136000+00:00,,2026-10-01T21:47:24.136000+00:00,,4.8,Kelani Ganga,Deraniyagala,c3e6fa6b-c330-4c5d-9555-6adf47cbcc93,7,5.8,1521116,0,0.95
2026-10-01T21:46:06.178000+00:00,,2026-10-01T21:46:06.178000+00:00,,3,Kelani Ganga,Holombuwa,86b5e4f3-23bd-44b5-8ebd-a5b1c07d737f,6,4,1521115,0,0.51
2026-10-01T21:42:36.622000+00:00,,2026-10-01T21:42:36.622000+00:00,,4,Kelani Ganga,Nagalagam Street,baa6239c-ce27-44e0-8c71-589a257b82e3,7,5,1521114,0,2.1
2026-10-01T21:39:28.201000+00:00,,2026-10-01T21:39:28.201000+00:00,,4.4,Kirindi Oya,Wellawaya,972f3840-e43b-4153-bfe7-cddba03a2440,5.9,5.4,1521113,0,0.85
2026-10-01T21:36:23.660000+00:00,,2026-10-01T21:36:23.660000+00:00,,4,Kirindi Oya,Thanamalwila,85f6245f-29e9-4596-b367-478fae16b8b3,5.5,5,1521112,0,0.29
2026-10-01T21:36:03.106000+00:00,,2026-10-01T21:36:03.106000+00:00,,3.5,Gin Ganga,Baddegama,dec6e842-7624-425c-8a43-ff5d9be46722,5,4,1521111,0,2.09
2026-10-01T21:36:01.837000+00:00,,2026-10-01T21:36:01.837000+00:00,,5,Mahaweli Ganga,Peradeniya,1f0c8036-de22-4925-839a-7dc1f339fd57,9,7,1521110,0,3.18
2026-10-01T21:35:52.066000+00:00,,2026-10-01T21:35:52.066000+00:00,,4,Menik Ganga,Katharagama,7bca7fd4-0e29-4783-befb-dee81da50b33,6.5,4.6,1521109,0,-0.27
2026-10-01T21:34:48.929000+00:00,,2026-10-01T21:34:48.929000+00:00,,5,Maha Oya,Badalgama,5861e0fd-d911-4190-8027-7f5a5814f2b7,9.6,6.2,1521108,0,2.08
2026-10-01T21:34:41.102000+00:00,,2026-10-01T21:34:41.102000+00:00,,3,Mahaweli Ganga,Thaldena,897103a5-adb5-4250-9831-40a58acf00f2,5,4,1521107,0,0.12
2026-10-01T21:34:17.022000+00:00,,2026-10-01T21:34:17.022000+00:00,,3,Walawe Ganga,Moraketiya,f303738d-a1e2-4949-a162-bc4c0787f4c2,7,5,1521106,0,0.72
2026-10-01T21:34:08.022000+00:00,,2026-10-01T21:34:08.022000+00:00,,3,Kelani Ganga,Kithulgala,503aa0c6-6bf3-4ac6-a0ea-a8c653289f27,6,4,1521105,0,2.25
2026-10-01T21:34:05.200000+00:00,,2026-10-01T21:34:05.200000+00:00,,15,Kelani Ganga,Glencourse,0c5a464a-5a5a-4de2-a56b-88c4ac83da55,19,15.5,1521104,0,10.79
2026-10-01T21:33:45.252000+00:00,,2026-10-01T21:33:45.252000+00:00,,3.3,Aththanagalu Oya,Dunamale,1a7b1630-db80-41d9-9b2c-9a55a15de63e,5.5,4.4,1521103,0,1.02
2026-10-01T21:33:44.594000+00:00,,2026-10-01T21:33:44.594000+00:00,,1.5,Kelani Ganga,Norwood,644fa686-8203-4379-9569-191794ac2a15,4.5,3,1521102,0,0.86
2026-10-01T21:33:32.438000+00:00,,2026-10-01T21:33:32.438000+00:00,,6.9,Kirindi Oya,Kuda Oya,9fd5e48e-e7fc-4a55-97a2-4901c711c6f9,8.8,8.4,1521101,0,0.95
2026-10-01T21:32:30.019000+00:00,,2026-10-01T21:32:30.019000+00:00,,4,Ma Oya,Yaka Wewa,f9e385dd-34ac-4a57-a412-6e9ed35c0937,6,5,1521100,0,0.4
2026-10-01T21:32:23.565000+00:00,,2026-10-01T21:32:23.565000+00:00,,5.5,Maha Oya,Giriulla,4677bed5-e6ab-456e-8116-6e51fc4a23f7,7.5,6.5,1521099,0,1
2026-10-01T21:32:08.909000+00:00,,2026-10-01T21:32:08.909000+00:00,,6.5,Kelani Ganga,Hanwella,7a0fd159-310e-41be-88d9-5765e01001db,9.5,7.5,1521098,0,1.88
2026-10-01T21:31:52.712000+00:00,,2026-10-01T21:31:52.712000+00:00,,4.5,Heda Oya,Siyambalanduwa,2467b20e-8591-4de6-862e-b024221c390c,7,6,1521097,0,0.23
2026-10-01T21:31:28.293000+00:00,,2026-10-01T21:31:28.293000+00:00,,10,Kalu Ganga,Ellagawa,341a7111-48f5-459a-9075-d676c7d02c14,12.2,10.7,1521096,0,5.88
2026-10-01T21:31:14.480000+00:00,,2026-10-01T21:31:14.480000+00:00,,5,Kumbukkan Oya,Nakkala,6e746c2b-077b-4809-8b7f-29587c34d8e5,7.5,6,1521095,0,0.56
2026-10-01T21:31:13.911000+00:00,,2026-10-01T21:31:13.911000+00:00,,3.5,Mahaweli Ganga,Nawalapitiya,048e1258-3164-45e9-8d96-d29ec59c977f,6,5,1521094,0,1.53
2026-10-01T21:31:10.867000+00:00,,2026-10-01T21:31:10.867000+00:00,,4,Maduru Oya,Padiyathalawa,58bae425-533f-42d3-8886-2b9b87490642,6,4.5,1521093,0,0.12
2026-10-01T21:31:03.221000+00:00,,2026-10-01T21:31:03.221000+00:00,,,Gal Oya,Ampara,a6982dae-ae8d-4a76-8594-6f3219f749b9,,,1521092,0,0
2026-10-01T21:30:59.277000+00:00,,2026-10-01T21:30:59.277000+00:00,,3,Mahaweli Ganga,Manampitiya,81135f8b-84c3-4f8a-bfbd-901068784ed1,6,4.3,1521091,0,-0.3
2026-10-01T21:16:14.582000+00:00,,2026-10-01T21:16:14.582000+00:00,,5,Mahaweli Ganga,Peradeniya,38fc3068-cfbe-488a-aa7b-ca0282e319ae,9,7,1521090,0,3.2
2026-10-01T21:09:18.918000+00:00,,2026-10-01T21:09:18.918000+00:00,,5,Nilwala Ganga,Panadugama,19bf4d16-a592-44b3-a707-4486c9e76d0d,7.5,6,1521089,0,3.97
2026-10-01T20:49:42.399000+00:00,,2026-10-01T20:49:42.399000+00:00,,4.5,Heda Oya,Siyambalanduwa,57cf20a9-0cbb-4e12-9c0f-d67561f7ca38,7,6,1521088,0,0.23
2026-10-01T20:46:48.432000+00:00,,2026-10-01T20:46:48.432000+00:00,,4,Kelani Ganga,Nagalagam Street,1eba835a-51d3-4e93-ac07-5032dc7c36d6,7,5,1521087,0,1.6
2026-10-01T20:46:17.931000+00:00,,2026-10-01T20:46:17.931000+00:00,,2.5,Nilwala Ganga,Urawa,d9e08a0a-a0e0-41de-a8ea-4c125af1a33d,6,4,1521086,0,0.52
2026-10-01T20:43:20.183000+00:00,,2026-10-01T20:43:20.183000+00:00,,1.4,Nilwala Ganga,Thalgahagoda,8fb31ccf-a329-4c77-8bb0-b8405387bd1c,2.8,1.7,1521085,0,0.56
2026-10-01T20:38:51.817000+00:00,,2026-10-01T20:38:51.817000+00:00,,3,Mahaweli Ganga,Thaldena,3ecc3d75-05e2-41b8-a9b5-4eeae031f4a4,5,4,1521084,0,0.11
2026-10-01T20:37:26.655000+00:00,,2026-10-01T20:37:26.655000+00:00,,3,Walawe Ganga,Moraketiya,bbc7d9f5-e2d8-4552-96f5-ab25212b98a7,7,5,1521083,0,0.72
2026-10-01T20:36:47.789000+00:00,,2026-10-01T20:36:47.789000+00:00,,3,Kelani Ganga,Holombuwa,2bb708db-713b-4732-ad03-468adaa436d7,6,4,1521082,0,0.51
2026-10-01T20:36:40.136000+00:00,,2026-10-01T20:36:40.136000+00:00,,4,Menik Ganga,Katharagama,3504cc14-a33a-4998-a878-9e63be5b2cbd,6.5,4.6,1521081,0,-0.27
2026-10-01T20:36:19.034000+00:00,,2026-10-01T20:36:19.034000+00:00,,1.5,Kelani Ganga,Norwood,9071d957-97c0-4bf2-9eff-ea3d4c803dbc,4.5,3,1521080,0,0.89
2026-10-01T20:36:16.928000+00:00,,2026-10-01T20:36:16.928000+00:00,,5,Maha Oya,Badalgama,681a8539-f8f9-45c4-8566-6b2fa51429c7,9.6,6.2,1521079,0,2.08
2026-10-01T20:35:30.203000+00:00,,2026-10-01T20:35:30.203000+00:00,,6.5,Kelani Ganga,Hanwella,fe0b481d-5567-4319-9860-6478723003c1,9.5,7.5,1521078,0,1.76
2026-10-01T20:35:14.321000+00:00,,2026-10-01T20:35:14.321000+00:00,,5.5,Maha Oya,Giriulla,48150238-050c-4dab-b1e0-4a37fc59d47c,7.5,6.5,1521077,0,1
2026-10-01T20:34:44.632000+00:00,,2026-10-01T20:34:44.632000+00:00,,3,Mahaweli Ganga,Manampitiya,c5a36a49-0939-479a-9dd8-1c156a674248,6,4.3,1521076,0,-0.35
2026-10-01T20:34:42.435000+00:00,,2026-10-01T20:34:42.435000+00:00,,1.5,Kelani Ganga,Norwood,9abae436-a1b8-4e35-8490-ad20ef9a7da6,4.5,3,1521075,0,0.91
2026-10-01T20:34:02.779000+00:00,,2026-10-01T20:34:02.779000+00:00,,3.3,Aththanagalu Oya,Dunamale,b6ccd7af-b9d0-48ec-ad69-2ff43dba64d3,5.5,4.4,1521074,0,1.02
